stream,order,repeat,implementation,chunks,merged,n,retained_items,serialized_bytes,max_rank_error,mean_rank_error,quantile_rmse,monotone,observed_support,serialized_replay
gaussian,shuffled,0,apache,1,0,19200,344,1436,0.010624999999999996,0.005461425781250003,0.046445414423942566,1,1,1
gaussian,shuffled,0,local-fixed-capacity,1,0,19200,75,300,0.012552083333333325,0.006021321614583333,0.11055603623390198,1,1,1
gaussian,shuffled,1,apache,1,0,19200,344,1436,0.008802083333333321,0.0028491210937500056,0.03643971309065819,1,1,1
gaussian,shuffled,1,local-fixed-capacity,1,0,19200,75,300,0.007864583333333341,0.0034391276041666674,0.02949592098593712,1,1,1
gaussian,shuffled,2,apache,1,0,19200,344,1436,0.007239583333333355,0.002531738281249997,0.03265884146094322,1,1,1
gaussian,shuffled,2,local-fixed-capacity,1,0,19200,75,300,0.009583333333333388,0.004003092447916668,0.04796867445111275,1,1,1
gaussian,shuffled,3,apache,1,0,19200,344,1436,0.009218750000000053,0.0032584635416666686,0.035691119730472565,1,1,1
gaussian,shuffled,3,local-fixed-capacity,1,0,19200,75,300,0.007708333333333345,0.0034098307291666637,0.028397180140018463,1,1,1
gaussian,shuffled,4,apache,1,0,19200,344,1436,0.012447916666666666,0.0038045247395833343,0.042555682361125946,1,1,1
gaussian,shuffled,4,local-fixed-capacity,1,0,19200,75,300,0.011093750000000013,0.00486490885416667,0.06739788502454758,1,1,1
gaussian,shuffled,5,apache,1,0,19200,344,1436,0.007031250000000044,0.002609049479166671,0.033608756959438324,1,1,1
gaussian,shuffled,5,local-fixed-capacity,1,0,19200,75,300,0.00708333333333333,0.0033292643229166667,0.02615353837609291,1,1,1
gaussian,shuffled,6,apache,1,0,19200,344,1436,0.010468750000000027,0.0027913411458333343,0.03329800069332123,1,1,1
gaussian,shuffled,6,local-fixed-capacity,1,0,19200,75,300,0.007604166666666662,0.0033927408854166653,0.027985751628875732,1,1,1
gaussian,shuffled,7,apache,1,0,19200,344,1436,0.00854166666666667,0.002659505208333331,0.029873020946979523,1,1,1
gaussian,shuffled,7,local-fixed-capacity,1,0,19200,75,300,0.009531249999999991,0.003979492187499998,0.04507564753293991,1,1,1
gaussian,shuffled,8,apache,1,0,19200,344,1436,0.011927083333333331,0.004660644531249999,0.048783592879772186,1,1,1
gaussian,shuffled,8,local-fixed-capacity,1,0,19200,75,300,0.007708333333333317,0.0034098307291666676,0.027096739038825035,1,1,1
gaussian,shuffled,9,apache,1,0,19200,344,1436,0.0077604166666666585,0.002643229166666665,0.05698802322149277,1,1,1
gaussian,shuffled,9,local-fixed-capacity,1,0,19200,75,300,0.007291666666666696,0.003349609374999999,0.025774609297513962,1,1,1
gaussian,shuffled,10,apache,1,0,19200,344,1436,0.010312499999999947,0.0036149088541666636,0.02990451455116272,1,1,1
gaussian,shuffled,10,local-fixed-capacity,1,0,19200,75,300,0.012708333333333321,0.006163736979166664,0.12267555296421051,1,1,1
gaussian,shuffled,11,apache,1,0,19200,344,1436,0.008645833333333353,0.0025675455729166656,0.026193024590611458,1,1,1
gaussian,shuffled,11,local-fixed-capacity,1,0,19200,75,300,0.01041666666666663,0.004436035156250002,0.057770952582359314,1,1,1
gaussian,shuffled,-1,apache,17,0,19200,344,1436,0.009010416666666687,0.003178710937500003,0.024275382980704308,1,1,1
gaussian,shuffled,-2,apache,17,1,19200,353,1468,0.00708333333333333,0.002390950520833332,0.056405238807201385,1,1,1
gaussian,ascending,0,apache,1,0,19200,344,1436,0.007395833333333334,0.0021248372395833324,0.027577843517065048,1,1,1
gaussian,ascending,0,local-fixed-capacity,1,0,19200,75,300,0.010572916666666654,0.004528808593750001,0.05687849968671799,1,1,1
gaussian,ascending,1,apache,1,0,19200,344,1436,0.006770833333333337,0.0020922851562500053,0.031103279441595078,1,1,1
gaussian,ascending,1,local-fixed-capacity,1,0,19200,75,300,0.010624999999999996,0.004560546875000001,0.057391874492168427,1,1,1
gaussian,ascending,2,apache,1,0,19200,344,1436,0.004583333333333328,0.0012980143229166603,0.017994793131947517,1,1,1
gaussian,ascending,2,local-fixed-capacity,1,0,19200,75,300,0.007708333333333317,0.0034098307291666676,0.027096739038825035,1,1,1
gaussian,ascending,3,apache,1,0,19200,344,1436,0.00390625,0.0013492838541666688,0.011497383937239647,1,1,1
gaussian,ascending,3,local-fixed-capacity,1,0,19200,75,300,0.0122916666666667,0.005791015625,0.09283950179815292,1,1,1
gaussian,ascending,4,apache,1,0,19200,344,1436,0.004427083333333359,0.0013688151041666738,0.013595860451459885,1,1,1
gaussian,ascending,4,local-fixed-capacity,1,0,19200,75,300,0.008177083333333335,0.0035091145833333363,0.03241688758134842,1,1,1
gaussian,ascending,5,apache,1,0,19200,344,1436,0.005885416666666643,0.0017740885416666673,0.016892923042178154,1,1,1
gaussian,ascending,5,local-fixed-capacity,1,0,19200,75,300,0.01125000000000001,0.004973144531249999,0.06772640347480774,1,1,1
gaussian,ascending,6,apache,1,0,19200,344,1436,0.007291666666666696,0.0025895182291666673,0.026815855875611305,1,1,1
gaussian,ascending,6,local-fixed-capacity,1,0,19200,75,300,0.012864583333333346,0.006310221354166666,0.12911713123321533,1,1,1
gaussian,ascending,7,apache,1,0,19200,344,1436,0.005677083333333333,0.0019075520833333349,0.009729092940688133,1,1,1
gaussian,ascending,7,local-fixed-capacity,1,0,19200,75,300,0.011406249999999951,0.005085449218749999,0.07151039689779282,1,1,1
gaussian,ascending,8,apache,1,0,19200,344,1436,0.004479166666666645,0.0014892578124999995,0.008770709857344627,1,1,1
gaussian,ascending,8,local-fixed-capacity,1,0,19200,75,300,0.007760416666666714,0.0034195963541666656,0.027236435562372208,1,1,1
gaussian,ascending,9,apache,1,0,19200,344,1436,0.007031250000000044,0.001978352864583336,0.01937675103545189,1,1,1
gaussian,ascending,9,local-fixed-capacity,1,0,19200,75,300,0.01098958333333333,0.004794108072916668,0.06446181982755661,1,1,1
gaussian,ascending,10,apache,1,0,19200,344,1436,0.007031249999999989,0.002363281249999999,0.03573977202177048,1,1,1
gaussian,ascending,10,local-fixed-capacity,1,0,19200,75,300,0.01130208333333338,0.005010579427083333,0.06923195719718933,1,1,1
gaussian,ascending,11,apache,1,0,19200,344,1436,0.00708333333333333,0.0025398763020833366,0.020857812836766243,1,1,1
gaussian,ascending,11,local-fixed-capacity,1,0,19200,75,300,0.008229166666666676,0.0035221354166666665,0.03262283653020859,1,1,1
gaussian,ascending,-1,apache,17,0,19200,344,1436,0.004010416666666683,0.0012939453124999954,0.010628780350089073,1,1,1
gaussian,ascending,-2,apache,17,1,19200,353,1468,0.004479166666666645,0.001120605468749996,0.009095784276723862,1,1,1
gaussian,alternating-extremes,0,apache,1,0,19200,344,1436,0.005156249999999973,0.001676432291666668,0.034051112830638885,1,1,1
gaussian,alternating-extremes,0,local-fixed-capacity,1,0,19200,75,300,0.007187500000000013,0.0033390299479166695,0.0255853570997715,1,1,1
gaussian,alternating-extremes,1,apache,1,0,19200,344,1436,0.007343749999999982,0.002338053385416668,0.019444866105914116,1,1,1
gaussian,alternating-extremes,1,local-fixed-capacity,1,0,19200,75,300,0.00927083333333334,0.0038680013020833347,0.04233622923493385,1,1,1
gaussian,alternating-extremes,2,apache,1,0,19200,344,1436,0.0044270833333333315,0.001752115885416672,0.01603575050830841,1,1,1
gaussian,alternating-extremes,2,local-fixed-capacity,1,0,19200,75,300,0.00979166666666667,0.004101562500000001,0.04671686515212059,1,1,1
gaussian,alternating-extremes,3,apache,1,0,19200,344,1436,0.006614583333333333,0.0026253255208333317,0.02406320720911026,1,1,1
gaussian,alternating-extremes,3,local-fixed-capacity,1,0,19200,75,300,0.01317708333333334,0.006614583333333333,0.2021142989397049,1,1,1
gaussian,alternating-extremes,4,apache,1,0,19200,344,1436,0.0068229166666666785,0.0028019205729166653,0.024742159992456436,1,1,1
gaussian,alternating-extremes,4,local-fixed-capacity,1,0,19200,75,300,0.010729166666666679,0.004625651041666667,0.06072733923792839,1,1,1
gaussian,alternating-extremes,5,apache,1,0,19200,344,1436,0.010156249999999978,0.003933919270833334,0.04215725511312485,1,1,1
gaussian,alternating-extremes,5,local-fixed-capacity,1,0,19200,75,300,0.012812500000000004,0.006261393229166667,0.1277000457048416,1,1,1
gaussian,alternating-extremes,6,apache,1,0,19200,344,1436,0.005729166666666674,0.0026180013020833375,0.01714620552957058,1,1,1
gaussian,alternating-extremes,6,local-fixed-capacity,1,0,19200,75,300,0.008124999999999993,0.00349609375,0.03171684965491295,1,1,1
gaussian,alternating-extremes,7,apache,1,0,19200,344,1436,0.004479166666666701,0.0014363606770833328,0.017690036445856094,1,1,1
gaussian,alternating-extremes,7,local-fixed-capacity,1,0,19200,75,300,0.008437499999999987,0.0035782877604166657,0.033597081899642944,1,1,1
gaussian,alternating-extremes,8,apache,1,0,19200,344,1436,0.006927083333333306,0.003283691406249995,0.017960166558623314,1,1,1
gaussian,alternating-extremes,8,local-fixed-capacity,1,0,19200,75,300,0.008906250000000004,0.00372802734375,0.03777627646923065,1,1,1
gaussian,alternating-extremes,9,apache,1,0,19200,344,1436,0.006302083333333319,0.002957356770833334,0.018559632822871208,1,1,1
gaussian,alternating-extremes,9,local-fixed-capacity,1,0,19200,75,300,0.0122916666666667,0.005791015625,0.09283950179815292,1,1,1
gaussian,alternating-extremes,10,apache,1,0,19200,344,1436,0.006041666666666667,0.0023242187499999995,0.018915792927145958,1,1,1
gaussian,alternating-extremes,10,local-fixed-capacity,1,0,19200,75,300,0.009062499999999973,0.003785807291666668,0.03910456597805023,1,1,1
gaussian,alternating-extremes,11,apache,1,0,19200,344,1436,0.004739583333333332,0.00171630859375,0.017679234966635704,1,1,1
gaussian,alternating-extremes,11,local-fixed-capacity,1,0,19200,75,300,0.010104166666666664,0.004261881510416669,0.05184338241815567,1,1,1
gaussian,alternating-extremes,-1,apache,17,0,19200,344,1436,0.00666666666666671,0.0018603515624999976,0.01659439317882061,1,1,1
gaussian,alternating-extremes,-2,apache,17,1,19200,353,1468,0.004010416666666683,0.0012825520833333272,0.013210865668952465,1,1,1
student-t3,shuffled,0,apache,1,0,19200,344,1436,0.010000000000000009,0.0030818684895833302,0.08438170701265335,1,1,1
student-t3,shuffled,0,local-fixed-capacity,1,0,19200,75,300,0.0111458333333333,0.004900716145833334,0.33608248829841614,1,1,1
student-t3,shuffled,1,apache,1,0,19200,344,1436,0.010208333333333347,0.0035571289062499996,0.07409179955720901,1,1,1
student-t3,shuffled,1,local-fixed-capacity,1,0,19200,75,300,0.009479166666666705,0.003956705729166668,0.1929880976676941,1,1,1
student-t3,shuffled,2,apache,1,0,19200,344,1436,0.013281250000000022,0.0031217447916666707,0.08614382147789001,1,1,1
student-t3,shuffled,2,local-fixed-capacity,1,0,19200,75,300,0.01286458333333329,0.006310221354166668,1.318359136581421,1,1,1
student-t3,shuffled,3,apache,1,0,19200,344,1436,0.008177083333333335,0.002579752604166665,0.06198132038116455,1,1,1
student-t3,shuffled,3,local-fixed-capacity,1,0,19200,75,300,0.01286458333333329,0.006310221354166668,1.318359136581421,1,1,1
student-t3,shuffled,4,apache,1,0,19200,344,1436,0.012864583333333346,0.004962565104166665,0.18361231684684753,1,1,1
student-t3,shuffled,4,local-fixed-capacity,1,0,19200,75,300,0.007604166666666634,0.0033927408854166692,0.09218911081552505,1,1,1
student-t3,shuffled,5,apache,1,0,19200,344,1436,0.007343749999999982,0.0026074218749999956,0.07664313912391663,1,1,1
student-t3,shuffled,5,local-fixed-capacity,1,0,19200,75,300,0.01244791666666667,0.005927734374999999,0.7349542379379272,1,1,1
student-t3,shuffled,6,apache,1,0,19200,344,1436,0.00645833333333333,0.001992187499999998,0.07843752950429916,1,1,1
student-t3,shuffled,6,local-fixed-capacity,1,0,19200,75,300,0.010677083333333337,0.004593098958333333,0.4236815571784973,1,1,1
student-t3,shuffled,7,apache,1,0,19200,344,1436,0.006145833333333295,0.0020475260416666636,0.1827215552330017,1,1,1
student-t3,shuffled,7,local-fixed-capacity,1,0,19200,75,300,0.007187500000000013,0.0033390299479166695,0.07975834608078003,1,1,1
student-t3,shuffled,8,apache,1,0,19200,344,1436,0.007031250000000044,0.0023486328124999976,0.07782146334648132,1,1,1
student-t3,shuffled,8,local-fixed-capacity,1,0,19200,75,300,0.010833333333333334,0.004691569010416669,0.4503069818019867,1,1,1
student-t3,shuffled,9,apache,1,0,19200,344,1436,0.009895833333333326,0.0028653971354166636,0.07627108693122864,1,1,1
student-t3,shuffled,9,local-fixed-capacity,1,0,19200,75,300,0.009947916666666612,0.004179687499999999,0.21101164817810059,1,1,1
student-t3,shuffled,10,apache,1,0,19200,344,1436,0.00854166666666667,0.0025366210937499993,0.11978702247142792,1,1,1
student-t3,shuffled,10,local-fixed-capacity,1,0,19200,75,300,0.00828124999999999,0.003535156250000001,0.1444665640592575,1,1,1
student-t3,shuffled,11,apache,1,0,19200,344,1436,0.00708333333333333,0.00255208333333334,0.12908750772476196,1,1,1
student-t3,shuffled,11,local-fixed-capacity,1,0,19200,75,300,0.012499999999999956,0.00597412109375,0.7729138731956482,1,1,1
student-t3,shuffled,-1,apache,17,0,19200,344,1436,0.010729166666666679,0.004436035156250004,0.08665024489164352,1,1,1
student-t3,shuffled,-2,apache,17,1,19200,353,1468,0.008437499999999987,0.00307535807291667,0.09648020565509796,1,1,1
student-t3,ascending,0,apache,1,0,19200,344,1436,0.00463541666666667,0.0013631184895833363,0.025771761313080788,1,1,1
student-t3,ascending,0,local-fixed-capacity,1,0,19200,75,300,0.009583333333333388,0.004003092447916668,0.19522899389266968,1,1,1
student-t3,ascending,1,apache,1,0,19200,344,1436,0.005416666666666681,0.0016373697916666676,0.2147940695285797,1,1,1
student-t3,ascending,1,local-fixed-capacity,1,0,19200,75,300,0.010781249999999992,0.004658203124999998,0.4458444118499756,1,1,1
student-t3,ascending,2,apache,1,0,19200,344,1436,0.005729166666666674,0.0016113281250000008,0.027926530689001083,1,1,1
student-t3,ascending,2,local-fixed-capacity,1,0,19200,75,300,0.008333333333333304,0.0035489908854166655,0.11992195248603821,1,1,1
student-t3,ascending,3,apache,1,0,19200,344,1436,0.005312499999999998,0.0014632161458333342,0.03499657288193703,1,1,1
student-t3,ascending,3,local-fixed-capacity,1,0,19200,75,300,0.011927083333333338,0.005486653645833335,0.5813243389129639,1,1,1
student-t3,ascending,4,apache,1,0,19200,344,1436,0.0049479166666667185,0.001513671875000003,0.03780302405357361,1,1,1
student-t3,ascending,4,local-fixed-capacity,1,0,19200,75,300,0.007239583333333299,0.0033439127604166672,0.07897471636533737,1,1,1
student-t3,ascending,5,apache,1,0,19200,344,1436,0.007395833333333324,0.0022762044270833327,0.09752533584833145,1,1,1
student-t3,ascending,5,local-fixed-capacity,1,0,19200,75,300,0.012968750000000001,0.006410319010416665,1.802865982055664,1,1,1
student-t3,ascending,6,apache,1,0,19200,344,1436,0.004218749999999993,0.001330566406249996,0.044989559799432755,1,1,1
student-t3,ascending,6,local-fixed-capacity,1,0,19200,75,300,0.012239583333333304,0.0057462565104166655,0.6518636345863342,1,1,1
student-t3,ascending,7,apache,1,0,19200,344,1436,0.00463541666666667,0.0012556966145833301,0.0519668348133564,1,1,1
student-t3,ascending,7,local-fixed-capacity,1,0,19200,75,300,0.009479166666666705,0.003956705729166668,0.1929880976676941,1,1,1
student-t3,ascending,8,apache,1,0,19200,344,1436,0.005520833333333308,0.0016967773437499968,0.07317248731851578,1,1,1
student-t3,ascending,8,local-fixed-capacity,1,0,19200,75,300,0.007135416666666616,0.003334147135416668,0.07936301082372665,1,1,1
student-t3,ascending,9,apache,1,0,19200,344,1436,0.007552083333333348,0.0019319661458333305,0.06598163396120071,1,1,1
student-t3,ascending,9,local-fixed-capacity,1,0,19200,75,300,0.009374999999999994,0.003911132812500002,0.22401069104671478,1,1,1
student-t3,ascending,10,apache,1,0,19200,344,1436,0.0044270833333333315,0.001368001302083331,0.0481741838157177,1,1,1
student-t3,ascending,10,local-fixed-capacity,1,0,19200,75,300,0.007656250000000003,0.003400878906250001,0.12440314143896103,1,1,1
student-t3,ascending,11,apache,1,0,19200,344,1436,0.004375000000000018,0.001265462239583331,0.02372800000011921,1,1,1
student-t3,ascending,11,local-fixed-capacity,1,0,19200,75,300,0.01098958333333333,0.004794108072916664,0.3169337809085846,1,1,1
student-t3,ascending,-1,apache,17,0,19200,344,1436,0.004322916666666666,0.0013574218750000016,0.03649700805544853,1,1,1
student-t3,ascending,-2,apache,17,1,19200,353,1468,0.003697916666666634,0.0010400390624999989,0.04363466799259186,1,1,1
student-t3,alternating-extremes,0,apache,1,0,19200,344,1436,0.0067708333333333336,0.003253580729166664,0.07149675488471985,1,1,1
student-t3,alternating-extremes,0,local-fixed-capacity,1,0,19200,75,300,0.011093750000000013,0.004864908854166666,0.4829530119895935,1,1,1
student-t3,alternating-extremes,1,apache,1,0,19200,344,1436,0.0050000000000000044,0.001688639322916671,0.18185849487781525,1,1,1
student-t3,alternating-extremes,1,local-fixed-capacity,1,0,19200,75,300,0.012968750000000001,0.006410319010416665,1.802865982055664,1,1,1
student-t3,alternating-extremes,2,apache,1,0,19200,344,1436,0.0077604166666666585,0.003703613281250003,0.06564051657915115,1,1,1
student-t3,alternating-extremes,2,local-fixed-capacity,1,0,19200,75,300,0.00854166666666667,0.0036083984374999994,0.1303935945034027,1,1,1
student-t3,alternating-extremes,3,apache,1,0,19200,344,1436,0.0069270833333333615,0.0031665039062500015,0.0848306193947792,1,1,1
student-t3,alternating-extremes,3,local-fixed-capacity,1,0,19200,75,300,0.010781249999999964,0.0046582031250000005,0.29464390873908997,1,1,1
student-t3,alternating-extremes,4,apache,1,0,19200,344,1436,0.007916666666666683,0.0024812825520833326,0.12001926451921463,1,1,1
student-t3,alternating-extremes,4,local-fixed-capacity,1,0,19200,75,300,0.010000000000000009,0.004206542968750001,0.21614232659339905,1,1,1
student-t3,alternating-extremes,5,apache,1,0,19200,344,1436,0.009583333333333388,0.004235026041666668,0.250825971364975,1,1,1
student-t3,alternating-extremes,5,local-fixed-capacity,1,0,19200,75,300,0.012604166666666639,0.006068522135416667,0.8307316899299622,1,1,1
student-t3,alternating-extremes,6,apache,1,0,19200,344,1436,0.004218749999999993,0.0015844726562500003,0.06483477354049683,1,1,1
student-t3,alternating-extremes,6,local-fixed-capacity,1,0,19200,75,300,0.01145833333333332,0.005123697916666665,0.5054721832275391,1,1,1
student-t3,alternating-extremes,7,apache,1,0,19200,344,1436,0.005312499999999998,0.002334798177083334,0.08291193842887878,1,1,1
student-t3,alternating-extremes,7,local-fixed-capacity,1,0,19200,75,300,0.01130208333333338,0.005010579427083333,0.33807551860809326,1,1,1
student-t3,alternating-extremes,8,apache,1,0,19200,344,1436,0.007395833333333324,0.0031339518229166604,0.05676434189081192,1,1,1
student-t3,alternating-extremes,8,local-fixed-capacity,1,0,19200,75,300,0.010833333333333361,0.004691569010416665,0.295375794172287,1,1,1
student-t3,alternating-extremes,9,apache,1,0,19200,344,1436,0.010052083333333295,0.005087076822916661,0.062230903655290604,1,1,1
student-t3,alternating-extremes,9,local-fixed-capacity,1,0,19200,75,300,0.011562500000000031,0.005201822916666665,0.4350351095199585,1,1,1
student-t3,alternating-extremes,10,apache,1,0,19200,344,1436,0.006093750000000009,0.003386230468750001,0.0760306864976883,1,1,1
student-t3,alternating-extremes,10,local-fixed-capacity,1,0,19200,75,300,0.008593750000000011,0.0036246744791666686,0.16430743038654327,1,1,1
student-t3,alternating-extremes,11,apache,1,0,19200,344,1436,0.006145833333333295,0.002607421875000003,0.07270124554634094,1,1,1
student-t3,alternating-extremes,11,local-fixed-capacity,1,0,19200,75,300,0.011197916666666669,0.0049365234375,0.48763737082481384,1,1,1
student-t3,alternating-extremes,-1,apache,17,0,19200,344,1436,0.007499999999999951,0.0028426106770833293,0.08597873896360397,1,1,1
student-t3,alternating-extremes,-2,apache,17,1,19200,353,1468,0.004270833333333335,0.0012418619791666672,0.06561607867479324,1,1,1
lognormal-centered,shuffled,0,apache,1,0,19200,344,1436,0.010937500000000044,0.002461751302083337,0.06932289153337479,1,1,1
lognormal-centered,shuffled,0,local-fixed-capacity,1,0,19200,75,300,0.01286458333333329,0.006310221354166668,1.4559643268585205,1,1,1
lognormal-centered,shuffled,1,apache,1,0,19200,344,1436,0.008958333333333346,0.0032902018229166692,0.13671378791332245,1,1,1
lognormal-centered,shuffled,1,local-fixed-capacity,1,0,19200,75,300,0.007500000000000007,0.0033764648437500005,0.049791350960731506,1,1,1
lognormal-centered,shuffled,2,apache,1,0,19200,344,1436,0.008124999999999993,0.0030891927083333327,0.11974454671144485,1,1,1
lognormal-centered,shuffled,2,local-fixed-capacity,1,0,19200,75,300,0.011666666666666659,0.0052807617187500015,0.17468133568763733,1,1,1
lognormal-centered,shuffled,3,apache,1,0,19200,344,1436,0.006354166666666661,0.002574869791666666,0.2549899220466614,1,1,1
lognormal-centered,shuffled,3,local-fixed-capacity,1,0,19200,75,300,0.008958333333333346,0.003746744791666665,0.06823929399251938,1,1,1
lognormal-centered,shuffled,4,apache,1,0,19200,344,1436,0.007500000000000007,0.0023673502604166664,0.0653383657336235,1,1,1
lognormal-centered,shuffled,4,local-fixed-capacity,1,0,19200,75,300,0.008802083333333321,0.003692220052083331,0.0639238953590393,1,1,1
lognormal-centered,shuffled,5,apache,1,0,19200,344,1436,0.011875000000000024,0.003372395833333329,0.09508883208036423,1,1,1
lognormal-centered,shuffled,5,local-fixed-capacity,1,0,19200,75,300,0.01171875,0.005321451822916665,0.7008218169212341,1,1,1
lognormal-centered,shuffled,6,apache,1,0,19200,344,1436,0.005520833333333336,0.0023404947916666648,0.11568500846624374,1,1,1
lognormal-centered,shuffled,6,local-fixed-capacity,1,0,19200,75,300,0.00666666666666671,0.0033081054687500006,0.07620029896497726,1,1,1
lognormal-centered,shuffled,7,apache,1,0,19200,344,1436,0.010156250000000006,0.0032706705729166705,0.1282435953617096,1,1,1
lognormal-centered,shuffled,7,local-fixed-capacity,1,0,19200,75,300,0.00666666666666671,0.0033081054687500006,0.07620029896497726,1,1,1
lognormal-centered,shuffled,8,apache,1,0,19200,344,1436,0.008489583333333384,0.0023421223958333282,0.04584513604640961,1,1,1
lognormal-centered,shuffled,8,local-fixed-capacity,1,0,19200,75,300,0.009375000000000022,0.003911132812499999,0.2680915594100952,1,1,1
lognormal-centered,shuffled,9,apache,1,0,19200,344,1436,0.01515625000000001,0.008541666666666668,0.1391538381576538,1,1,1
lognormal-centered,shuffled,9,local-fixed-capacity,1,0,19200,75,300,0.006666666666666654,0.0033081054687499993,0.06673773378133774,1,1,1
lognormal-centered,shuffled,10,apache,1,0,19200,344,1436,0.007864583333333286,0.002728678385416669,0.07593438774347305,1,1,1
lognormal-centered,shuffled,10,local-fixed-capacity,1,0,19200,75,300,0.006979166666666647,0.0033219401041666664,0.08714186400175095,1,1,1
lognormal-centered,shuffled,11,apache,1,0,19200,344,1436,0.005572916666666705,0.002353515625000001,0.11414183676242828,1,1,1
lognormal-centered,shuffled,11,local-fixed-capacity,1,0,19200,75,300,0.012604166666666639,0.006068522135416667,1.202606439590454,1,1,1
lognormal-centered,shuffled,-1,apache,17,0,19200,344,1436,0.009947916666666612,0.002583821614583332,0.07523700594902039,1,1,1
lognormal-centered,shuffled,-2,apache,17,1,19200,353,1468,0.005520833333333336,0.002027994791666667,0.1524672508239746,1,1,1
lognormal-centered,ascending,0,apache,1,0,19200,344,1436,0.007031250000000003,0.0022029622395833342,0.018051590770483017,1,1,1
lognormal-centered,ascending,0,local-fixed-capacity,1,0,19200,75,300,0.012343749999999987,0.005836588541666667,1.0523171424865723,1,1,1
lognormal-centered,ascending,1,apache,1,0,19200,344,1436,0.005364583333333339,0.0014615885416666688,0.012318498454988003,1,1,1
lognormal-centered,ascending,1,local-fixed-capacity,1,0,19200,75,300,0.00927083333333334,0.0038680013020833347,0.08208673447370529,1,1,1
lognormal-centered,ascending,2,apache,1,0,19200,344,1436,0.007343749999999982,0.0021110026041666636,0.013992739841341972,1,1,1
lognormal-centered,ascending,2,local-fixed-capacity,1,0,19200,75,300,0.010000000000000009,0.004206542968750001,0.34580665826797485,1,1,1
lognormal-centered,ascending,3,apache,1,0,19200,344,1436,0.005312500000000053,0.0016398111979166658,0.015072698704898357,1,1,1
lognormal-centered,ascending,3,local-fixed-capacity,1,0,19200,75,300,0.008854166666666718,0.003710123697916668,0.2245863825082779,1,1,1
lognormal-centered,ascending,4,apache,1,0,19200,344,1436,0.006562499999999999,0.002003580729166666,0.013167894445359707,1,1,1
lognormal-centered,ascending,4,local-fixed-capacity,1,0,19200,75,300,0.011249999999999982,0.004973144531250001,0.6096612215042114,1,1,1
lognormal-centered,ascending,5,apache,1,0,19200,344,1436,0.006093750000000009,0.002149251302083333,0.012742329388856888,1,1,1
lognormal-centered,ascending,5,local-fixed-capacity,1,0,19200,75,300,0.008750000000000008,0.003674316406250001,0.061887070536613464,1,1,1
lognormal-centered,ascending,6,apache,1,0,19200,344,1436,0.007552083333333348,0.0019897460937500014,0.015377510339021683,1,1,1
lognormal-centered,ascending,6,local-fixed-capacity,1,0,19200,75,300,0.010624999999999996,0.004560546875000001,0.1406092494726181,1,1,1
lognormal-centered,ascending,7,apache,1,0,19200,344,1436,0.007656250000000031,0.0026529947916666624,0.014214296825230122,1,1,1
lognormal-centered,ascending,7,local-fixed-capacity,1,0,19200,75,300,0.009427083333333308,0.0039339192708333325,0.2707844376564026,1,1,1
lognormal-centered,ascending,8,apache,1,0,19200,344,1436,0.003802083333333317,0.0013037109375000006,0.007129910867661238,1,1,1
lognormal-centered,ascending,8,local-fixed-capacity,1,0,19200,75,300,0.00927083333333334,0.0038680013020833347,0.08208673447370529,1,1,1
lognormal-centered,ascending,9,apache,1,0,19200,344,1436,0.007135416666666616,0.002033691406250002,0.013134471140801907,1,1,1
lognormal-centered,ascending,9,local-fixed-capacity,1,0,19200,75,300,0.011874999999999969,0.005444335937500001,0.7499801516532898,1,1,1
lognormal-centered,ascending,10,apache,1,0,19200,344,1436,0.004270833333333335,0.0012638346354166656,0.013812088407576084,1,1,1
lognormal-centered,ascending,10,local-fixed-capacity,1,0,19200,75,300,0.011354166666666665,0.005048014322916666,0.6260730624198914,1,1,1
lognormal-centered,ascending,11,apache,1,0,19200,344,1436,0.0039583333333333415,0.0012784830729166655,0.0071922047063708305,1,1,1
lognormal-centered,ascending,11,local-fixed-capacity,1,0,19200,75,300,0.009218750000000053,0.0038468424479166687,0.2615307569503784,1,1,1
lognormal-centered,ascending,-1,apache,17,0,19200,344,1436,0.004479166666666645,0.00146484375,0.013541148044168949,1,1,1
lognormal-centered,ascending,-2,apache,17,1,19200,353,1468,0.00343750000000001,0.0011962890624999923,0.019927429035305977,1,1,1
lognormal-centered,alternating-extremes,0,apache,1,0,19200,344,1436,0.008645833333333353,0.003649088541666675,0.06435270607471466,1,1,1
lognormal-centered,alternating-extremes,0,local-fixed-capacity,1,0,19200,75,300,0.008177083333333335,0.003509114583333331,0.16220080852508545,1,1,1
lognormal-centered,alternating-extremes,1,apache,1,0,19200,344,1436,0.004427083333333304,0.001940104166666668,0.16674141585826874,1,1,1
lognormal-centered,alternating-extremes,1,local-fixed-capacity,1,0,19200,75,300,0.011041666666666672,0.0048291015625,0.16316354274749756,1,1,1
lognormal-centered,alternating-extremes,2,apache,1,0,19200,344,1436,0.00708333333333333,0.00262125651041667,0.16562128067016602,1,1,1
lognormal-centered,alternating-extremes,2,local-fixed-capacity,1,0,19200,75,300,0.0111458333333333,0.004900716145833334,0.58524090051651,1,1,1
lognormal-centered,alternating-extremes,3,apache,1,0,19200,344,1436,0.005989583333333326,0.0023860677083333373,0.15392467379570007,1,1,1
lognormal-centered,alternating-extremes,3,local-fixed-capacity,1,0,19200,75,300,0.011302083333333324,0.005010579427083335,0.16657525300979614,1,1,1
lognormal-centered,alternating-extremes,4,apache,1,0,19200,344,1436,0.007760416666666714,0.0026318359374999977,0.041924625635147095,1,1,1
lognormal-centered,alternating-extremes,4,local-fixed-capacity,1,0,19200,75,300,0.010000000000000009,0.0042065429687499975,0.11051646620035172,1,1,1
lognormal-centered,alternating-extremes,5,apache,1,0,19200,344,1436,0.0068229166666666785,0.002253417968749999,0.0545157715678215,1,1,1
lognormal-centered,alternating-extremes,5,local-fixed-capacity,1,0,19200,75,300,0.012968750000000001,0.006410319010416665,0.2053001970052719,1,1,1
lognormal-centered,alternating-extremes,6,apache,1,0,19200,344,1436,0.007135416666666672,0.002443033854166669,0.06189434230327606,1,1,1
lognormal-centered,alternating-extremes,6,local-fixed-capacity,1,0,19200,75,300,0.01302083333333337,0.006460774739583333,1.5970041751861572,1,1,1
lognormal-centered,alternating-extremes,7,apache,1,0,19200,344,1436,0.008385416666666673,0.0040014648437499975,0.06986097991466522,1,1,1
lognormal-centered,alternating-extremes,7,local-fixed-capacity,1,0,19200,75,300,0.008437499999999987,0.0035782877604166674,0.19394801557064056,1,1,1
lognormal-centered,alternating-extremes,8,apache,1,0,19200,344,1436,0.006979166666666647,0.003721516927083332,0.08806201815605164,1,1,1
lognormal-centered,alternating-extremes,8,local-fixed-capacity,1,0,19200,75,300,0.01244791666666667,0.005927734374999999,1.0984338521957397,1,1,1
lognormal-centered,alternating-extremes,9,apache,1,0,19200,344,1436,0.00755208333333332,0.003194986979166663,0.2018628865480423,1,1,1
lognormal-centered,alternating-extremes,9,local-fixed-capacity,1,0,19200,75,300,0.012812500000000004,0.006261393229166667,0.2019686996936798,1,1,1
lognormal-centered,alternating-extremes,10,apache,1,0,19200,344,1436,0.0049479166666667185,0.002126464843750003,0.16512858867645264,1,1,1
lognormal-centered,alternating-extremes,10,local-fixed-capacity,1,0,19200,75,300,0.012031249999999993,0.0055712890625,0.18214063346385956,1,1,1
lognormal-centered,alternating-extremes,11,apache,1,0,19200,344,1436,0.007135416666666672,0.0029597981770833337,0.19241636991500854,1,1,1
lognormal-centered,alternating-extremes,11,local-fixed-capacity,1,0,19200,75,300,0.012135416666666676,0.005658365885416666,0.1855507344007492,1,1,1
lognormal-centered,alternating-extremes,-1,apache,17,0,19200,344,1436,0.00437499999999999,0.0017814127604166658,0.05006446689367294,1,1,1
lognormal-centered,alternating-extremes,-2,apache,17,1,19200,353,1468,0.0039583333333333415,0.0013964843750000028,0.02695147879421711,1,1,1
equal-separated,shuffled,0,apache,1,0,19200,344,1436,0.010104166666666664,0.0025610351562500005,0.006861877162009478,1,1,1
equal-separated,shuffled,0,local-fixed-capacity,1,0,19200,75,300,0.011666666666666714,0.005280761718749999,0.0049002692103385925,1,1,1
equal-separated,shuffled,1,apache,1,0,19200,344,1436,0.012291666666666673,0.003942871093749997,0.0020345980301499367,1,1,1
equal-separated,shuffled,1,local-fixed-capacity,1,0,19200,75,300,0.00708333333333333,0.0033292643229166667,0.002669659210368991,1,1,1
equal-separated,shuffled,2,apache,1,0,19200,344,1436,0.011249999999999982,0.0045654296875,0.0031062897760421038,1,1,1
equal-separated,shuffled,2,local-fixed-capacity,1,0,19200,75,300,0.011406250000000007,0.005085449218750001,0.005181161221116781,1,1,1
equal-separated,shuffled,3,apache,1,0,19200,344,1436,0.007864583333333335,0.0024967447916666684,0.001764486776664853,1,1,1
equal-separated,shuffled,3,local-fixed-capacity,1,0,19200,75,300,0.009479166666666677,0.003955891927083332,0.0035842342767864466,1,1,1
equal-separated,shuffled,4,apache,1,0,19200,344,1436,0.00760416666666669,0.0024584960937500027,0.0019043005304411054,1,1,1
equal-separated,shuffled,4,local-fixed-capacity,1,0,19200,75,300,0.009531249999999991,0.003979492187499999,0.0032637356780469418,1,1,1
equal-separated,shuffled,5,apache,1,0,19200,344,1436,0.007031249999999989,0.00231119791666667,0.0020895302295684814,1,1,1
equal-separated,shuffled,5,local-fixed-capacity,1,0,19200,75,300,0.008697916666666639,0.0036572265624999992,0.0029455814510583878,1,1,1
equal-separated,shuffled,6,apache,1,0,19200,344,1436,0.010937499999999989,0.004087727864583335,0.002813166007399559,1,1,1
equal-separated,shuffled,6,local-fixed-capacity,1,0,19200,75,300,0.00984375000000004,0.004127604166666668,0.0034624466206878424,1,1,1
equal-separated,shuffled,7,apache,1,0,19200,344,1436,0.007291666666666696,0.002604166666666672,0.0042369370348751545,1,1,1
equal-separated,shuffled,7,local-fixed-capacity,1,0,19200,75,300,0.008593749999999956,0.0036238606770833334,0.0029177565593272448,1,1,1
equal-separated,shuffled,8,apache,1,0,19200,344,1436,0.010104166666666692,0.0036881510416666655,0.004086882341653109,1,1,1
equal-separated,shuffled,8,local-fixed-capacity,1,0,19200,75,300,0.01218749999999999,0.005702311197916667,0.006035193335264921,1,1,1
equal-separated,shuffled,9,apache,1,0,19200,344,1436,0.009427083333333308,0.0030957031250000017,0.004052756354212761,1,1,1
equal-separated,shuffled,9,local-fixed-capacity,1,0,19200,75,300,0.00755208333333332,0.0033846028645833325,0.0027346950955688953,1,1,1
equal-separated,shuffled,10,apache,1,0,19200,344,1436,0.016718750000000004,0.00841552734375,0.47021088004112244,1,1,1
equal-separated,shuffled,10,local-fixed-capacity,1,0,19200,75,300,0.007708333333333317,0.003409016927083334,0.0026535054203122854,1,1,1
equal-separated,shuffled,11,apache,1,0,19200,344,1436,0.010937500000000044,0.005755208333333329,0.004516574088484049,1,1,1
equal-separated,shuffled,11,local-fixed-capacity,1,0,19200,75,300,0.00734375000000001,0.0033561197916666665,0.0027026827447116375,1,1,1
equal-separated,shuffled,-1,apache,17,0,19200,344,1436,0.009166666666666656,0.0028776041666666655,0.006079400423914194,1,1,1
equal-separated,shuffled,-2,apache,17,1,19200,353,1468,0.0050000000000000044,0.0014982096354166693,0.001614794717170298,1,1,1
equal-separated,ascending,0,apache,1,0,19200,344,1436,0.007656250000000031,0.002590332031249998,0.003639811649918556,1,1,1
equal-separated,ascending,0,local-fixed-capacity,1,0,19200,75,300,0.00927083333333334,0.0038680013020833347,0.0035176831297576427,1,1,1
equal-separated,ascending,1,apache,1,0,19200,344,1436,0.004583333333333328,0.0014599609375,0.0014842282980680466,1,1,1
equal-separated,ascending,1,local-fixed-capacity,1,0,19200,75,300,0.00973958333333333,0.0040755208333333355,0.003798192599788308,1,1,1
equal-separated,ascending,2,apache,1,0,19200,344,1436,0.005468750000000022,0.0016463216145833357,0.0019134858157485723,1,1,1
equal-separated,ascending,2,local-fixed-capacity,1,0,19200,75,300,0.007916666666666655,0.0034497070312500006,0.0028688840102404356,1,1,1
equal-separated,ascending,3,apache,1,0,19200,344,1436,0.0067708333333333336,0.002286783854166665,0.001958765322342515,1,1,1
equal-separated,ascending,3,local-fixed-capacity,1,0,19200,75,300,0.010885416666666675,0.004725748697916667,0.004682367201894522,1,1,1
equal-separated,ascending,4,apache,1,0,19200,344,1436,0.004062500000000024,0.001385904947916668,0.0011288464302197099,1,1,1
equal-separated,ascending,4,local-fixed-capacity,1,0,19200,75,300,0.007291666666666696,0.0033487955729166645,0.0026082538533955812,1,1,1
equal-separated,ascending,5,apache,1,0,19200,344,1436,0.004687500000000011,0.0014908854166666664,0.002397472970187664,1,1,1
equal-separated,ascending,5,local-fixed-capacity,1,0,19200,75,300,0.009479166666666705,0.003956705729166668,0.003249376779422164,1,1,1
equal-separated,ascending,6,apache,1,0,19200,344,1436,0.007864583333333335,0.0022517903645833354,0.0023353728465735912,1,1,1
equal-separated,ascending,6,local-fixed-capacity,1,0,19200,75,300,0.006562499999999999,0.003306477864583337,0.002553103491663933,1,1,1
equal-separated,ascending,7,apache,1,0,19200,344,1436,0.007916666666666683,0.002116699218749996,0.003717165905982256,1,1,1
equal-separated,ascending,7,local-fixed-capacity,1,0,19200,75,300,0.011666666666666659,0.005279947916666667,0.0054621403105556965,1,1,1
equal-separated,ascending,8,apache,1,0,19200,344,1436,0.005416666666666625,0.0016373697916666667,0.0017874713521450758,1,1,1
equal-separated,ascending,8,local-fixed-capacity,1,0,19200,75,300,0.009531249999999991,0.003979492187499998,0.0036009601317346096,1,1,1
equal-separated,ascending,9,apache,1,0,19200,344,1436,0.006354166666666661,0.0019474283854166675,0.0019200533861294389,1,1,1
equal-separated,ascending,9,local-fixed-capacity,1,0,19200,75,300,0.011562500000000031,0.005201009114583333,0.0048613776452839375,1,1,1
equal-separated,ascending,10,apache,1,0,19200,344,1436,0.0067187499999999956,0.002163899739583334,0.002156329108402133,1,1,1
equal-separated,ascending,10,local-fixed-capacity,1,0,19200,75,300,0.01244791666666667,0.005926920572916667,0.00579491164535284,1,1,1
equal-separated,ascending,11,apache,1,0,19200,344,1436,0.0036979166666666896,0.0013680013020833364,0.0012846743920817971,1,1,1
equal-separated,ascending,11,local-fixed-capacity,1,0,19200,75,300,0.011302083333333324,0.0050097656250000025,0.005068827886134386,1,1,1
equal-separated,ascending,-1,apache,17,0,19200,344,1436,0.0050000000000000044,0.001608886718749999,0.0025216012727469206,1,1,1
equal-separated,ascending,-2,apache,17,1,19200,353,1468,0.0032812499999999994,0.0011482747395833324,0.0010502273216843605,1,1,1
equal-separated,alternating-extremes,0,apache,1,0,19200,344,1436,0.004062500000000024,0.0017415364583333363,0.0018361679976806045,1,1,1
equal-separated,alternating-extremes,0,local-fixed-capacity,1,0,19200,75,300,0.010312500000000002,0.004376627604166667,0.004238756839185953,1,1,1
equal-separated,alternating-extremes,1,apache,1,0,19200,344,1436,0.00760416666666669,0.0037434895833333348,0.007029266096651554,1,1,1
equal-separated,alternating-extremes,1,local-fixed-capacity,1,0,19200,75,300,0.008802083333333321,0.0036905924479166637,0.0032335298601537943,1,1,1
equal-separated,alternating-extremes,2,apache,1,0,19200,344,1436,0.00687500000000002,0.003376464843749998,0.004257458262145519,1,1,1
equal-separated,alternating-extremes,2,local-fixed-capacity,1,0,19200,75,300,0.008750000000000008,0.003672688802083335,0.0031958341132849455,1,1,1
equal-separated,alternating-extremes,3,apache,1,0,19200,344,1436,0.004166666666666652,0.002036132812499997,0.0013809900265187025,1,1,1
equal-separated,alternating-extremes,3,local-fixed-capacity,1,0,19200,75,300,0.009635416666666674,0.0040275065104166665,0.0037376489490270615,1,1,1
equal-separated,alternating-extremes,4,apache,1,0,19200,344,1436,0.006614583333333313,0.001762695312500004,0.0014251244720071554,1,1,1
equal-separated,alternating-extremes,4,local-fixed-capacity,1,0,19200,75,300,0.00708333333333333,0.0033292643229166667,0.002669659210368991,1,1,1
equal-separated,alternating-extremes,5,apache,1,0,19200,344,1436,0.00895833333333329,0.0034651692708333325,0.47013676166534424,1,1,1
equal-separated,alternating-extremes,5,local-fixed-capacity,1,0,19200,75,300,0.007395833333333379,0.003362630208333333,0.0026222344022244215,1,1,1
equal-separated,alternating-extremes,6,apache,1,0,19200,344,1436,0.005104166666666667,0.0023942057291666645,0.001774617237970233,1,1,1
equal-separated,alternating-extremes,6,local-fixed-capacity,1,0,19200,75,300,0.010781249999999992,0.004658203124999998,0.004602864384651184,1,1,1
equal-separated,alternating-extremes,7,apache,1,0,19200,344,1436,0.006562500000000027,0.0023852539062500008,0.001515967887826264,1,1,1
equal-separated,alternating-extremes,7,local-fixed-capacity,1,0,19200,75,300,0.012239583333333331,0.0057462565104166655,0.006052987650036812,1,1,1
equal-separated,alternating-extremes,8,apache,1,0,19200,344,1436,0.006041666666666612,0.0029687499999999983,0.004430184606462717,1,1,1
equal-separated,alternating-extremes,8,local-fixed-capacity,1,0,19200,75,300,0.012083333333333335,0.005614420572916666,0.005269148852676153,1,1,1
equal-separated,alternating-extremes,9,apache,1,0,19200,344,1436,0.011666666666666714,0.006509602864583338,0.4702306389808655,1,1,1
equal-separated,alternating-extremes,9,local-fixed-capacity,1,0,19200,75,300,0.01291666666666666,0.006359863281250001,0.0073942760936915874,1,1,1
equal-separated,alternating-extremes,10,apache,1,0,19200,344,1436,0.01151041666666669,0.006201171875000001,0.4692932367324829,1,1,1
equal-separated,alternating-extremes,10,local-fixed-capacity,1,0,19200,75,300,0.006666666666666654,0.0033081054687499993,0.002584235044196248,1,1,1
equal-separated,alternating-extremes,11,apache,1,0,19200,344,1436,0.007916666666666655,0.003361816406250004,0.002734675770625472,1,1,1
equal-separated,alternating-extremes,11,local-fixed-capacity,1,0,19200,75,300,0.009062499999999973,0.003785807291666668,0.0030817664228379726,1,1,1
equal-separated,alternating-extremes,-1,apache,17,0,19200,344,1436,0.004791666666666666,0.0016121419270833355,0.0009456683183088899,1,1,1
equal-separated,alternating-extremes,-2,apache,17,1,19200,353,1468,0.004166666666666652,0.001768391927083336,0.0017123217694461346,1,1,1
rare-01,shuffled,0,apache,1,0,19200,344,1436,0.013333333333333336,0.006710611979166665,0.009917386807501316,1,1,1
rare-01,shuffled,0,local-fixed-capacity,1,0,19200,75,300,0.011354166666666665,0.005048014322916666,0.011621979996562004,1,1,1
rare-01,shuffled,1,apache,1,0,19200,344,1436,0.007395833333333324,0.0024088541666666663,0.0029963040724396706,1,1,1
rare-01,shuffled,1,local-fixed-capacity,1,0,19200,75,300,0.009635416666666674,0.004027506510416667,0.008070915006101131,1,1,1
rare-01,shuffled,2,apache,1,0,19200,344,1436,0.008802083333333321,0.0027018229166666675,0.00639542518183589,1,1,1
rare-01,shuffled,2,local-fixed-capacity,1,0,19200,75,300,0.008593750000000011,0.0036246744791666686,0.003900474403053522,1,1,1
rare-01,shuffled,3,apache,1,0,19200,344,1436,0.012395833333333328,0.00560953776041667,0.46435055136680603,1,1,1
rare-01,shuffled,3,local-fixed-capacity,1,0,19200,75,300,0.012760416666666718,0.006212565104166666,0.016266215592622757,1,1,1
rare-01,shuffled,4,apache,1,0,19200,344,1436,0.009218749999999998,0.0029939778645833356,0.0027389810420572758,1,1,1
rare-01,shuffled,4,local-fixed-capacity,1,0,19200,75,300,0.012760416666666718,0.006212565104166666,0.016266215592622757,1,1,1
rare-01,shuffled,5,apache,1,0,19200,344,1436,0.008333333333333304,0.003085123697916672,0.002787552773952484,1,1,1
rare-01,shuffled,5,local-fixed-capacity,1,0,19200,75,300,0.00755208333333332,0.003383789062499999,0.002839225810021162,1,1,1
rare-01,shuffled,6,apache,1,0,19200,344,1436,0.011666666666666659,0.0049324544270833316,0.011217378079891205,1,1,1
rare-01,shuffled,6,local-fixed-capacity,1,0,19200,75,300,0.009687499999999988,0.004051106770833333,0.006860597059130669,1,1,1
rare-01,shuffled,7,apache,1,0,19200,344,1436,0.00666666666666671,0.0021346028645833374,0.4535427987575531,1,1,1
rare-01,shuffled,7,local-fixed-capacity,1,0,19200,75,300,0.013020833333333343,0.006460774739583336,0.4615352153778076,1,1,1
rare-01,shuffled,8,apache,1,0,19200,344,1436,0.009895833333333326,0.0029003906249999937,0.0043723504059016705,1,1,1
rare-01,shuffled,8,local-fixed-capacity,1,0,19200,75,300,0.011770833333333286,0.0053621419270833345,0.01216607354581356,1,1,1
rare-01,shuffled,9,apache,1,0,19200,344,1436,0.009374999999999994,0.003688964843749994,0.0034571669530123472,1,1,1
rare-01,shuffled,9,local-fixed-capacity,1,0,19200,75,300,0.011041666666666672,0.0048291015625,0.4561678171157837,1,1,1
rare-01,shuffled,10,apache,1,0,19200,344,1436,0.01026041666666666,0.003734537760416664,0.006541664712131023,1,1,1
rare-01,shuffled,10,local-fixed-capacity,1,0,19200,75,300,0.00927083333333334,0.0038680013020833347,0.0056301504373550415,1,1,1
rare-01,shuffled,11,apache,1,0,19200,344,1436,0.006406249999999947,0.0020532226562499983,0.005490156356245279,1,1,1
rare-01,shuffled,11,local-fixed-capacity,1,0,19200,75,300,0.012916666666666687,0.006359049479166665,0.016748012974858284,1,1,1
rare-01,shuffled,-1,apache,17,0,19200,344,1436,0.007656250000000031,0.002294108072916666,0.006862432695925236,1,1,1
rare-01,shuffled,-2,apache,17,1,19200,353,1468,0.007916666666666683,0.004208984374999996,0.4603710174560547,1,1,1
rare-01,ascending,0,apache,1,0,19200,344,1436,0.005520833333333308,0.0016446940104166698,0.001395221333950758,1,1,1
rare-01,ascending,0,local-fixed-capacity,1,0,19200,75,300,0.011510416666666634,0.005162760416666668,0.011898324824869633,1,1,1
rare-01,ascending,1,apache,1,0,19200,344,1436,0.007708333333333317,0.0024731445312499954,0.002603568136692047,1,1,1
rare-01,ascending,1,local-fixed-capacity,1,0,19200,75,300,0.011093750000000013,0.004864908854166666,0.4570828080177307,1,1,1
rare-01,ascending,2,apache,1,0,19200,344,1436,0.007864583333333341,0.002149251302083333,0.0025450552348047495,1,1,1
rare-01,ascending,2,local-fixed-capacity,1,0,19200,75,300,0.006562499999999999,0.0033072916666666697,0.0032138123642653227,1,1,1
rare-01,ascending,3,apache,1,0,19200,344,1436,0.007135416666666672,0.002425944010416667,0.003192495321854949,1,1,1
rare-01,ascending,3,local-fixed-capacity,1,0,19200,75,300,0.006927083333333334,0.003318684895833335,0.00304337777197361,1,1,1
rare-01,ascending,4,apache,1,0,19200,344,1436,0.003802083333333317,0.0012573242187499997,0.0012750995811074972,1,1,1
rare-01,ascending,4,local-fixed-capacity,1,0,19200,75,300,0.007656250000000003,0.003400878906250001,0.002917177276685834,1,1,1
rare-01,ascending,5,apache,1,0,19200,344,1436,0.006510416666666671,0.0021215820312500046,0.0016476140590384603,1,1,1
rare-01,ascending,5,local-fixed-capacity,1,0,19200,75,300,0.007239583333333299,0.0033439127604166672,0.0036803490947932005,1,1,1
rare-01,ascending,6,apache,1,0,19200,344,1436,0.007499999999999951,0.0017268880208333361,0.0009684595861472189,1,1,1
rare-01,ascending,6,local-fixed-capacity,1,0,19200,75,300,0.012135416666666676,0.005658365885416666,0.46001067757606506,1,1,1
rare-01,ascending,7,apache,1,0,19200,344,1436,0.004427083333333359,0.001328938802083335,0.000996355782262981,1,1,1
rare-01,ascending,7,local-fixed-capacity,1,0,19200,75,300,0.010572916666666654,0.004528808593750001,0.4496808648109436,1,1,1
rare-01,ascending,8,apache,1,0,19200,344,1436,0.0068229166666666785,0.0019759114583333274,0.0013584312982857227,1,1,1
rare-01,ascending,8,local-fixed-capacity,1,0,19200,75,300,0.00734375000000001,0.0033561197916666665,0.0028932553250342607,1,1,1
rare-01,ascending,9,apache,1,0,19200,344,1436,0.005104166666666687,0.0014705403645833366,0.0013653809437528253,1,1,1
rare-01,ascending,9,local-fixed-capacity,1,0,19200,75,300,0.0067187499999999956,0.003309733072916668,0.003124810755252838,1,1,1
rare-01,ascending,10,apache,1,0,19200,344,1436,0.004322916666666621,0.0013362630208333319,0.0013582718092948198,1,1,1
rare-01,ascending,10,local-fixed-capacity,1,0,19200,75,300,0.01197916666666668,0.005528971354166667,0.4595929980278015,1,1,1
rare-01,ascending,11,apache,1,0,19200,344,1436,0.00614583333333335,0.0021004231770833355,0.0016634836792945862,1,1,1
rare-01,ascending,11,local-fixed-capacity,1,0,19200,75,300,0.009895833333333326,0.004153645833333332,0.007748003117740154,1,1,1
rare-01,ascending,-1,apache,17,0,19200,344,1436,0.0036979166666666896,0.001336263020833337,0.0016827082727104425,1,1,1
rare-01,ascending,-2,apache,17,1,19200,353,1468,0.0032812500000000133,0.0010180664062499941,0.0014518903335556388,1,1,1
rare-01,alternating-extremes,0,apache,1,0,19200,344,1436,0.008750000000000036,0.002853190104166668,0.46184828877449036,1,1,1
rare-01,alternating-extremes,0,local-fixed-capacity,1,0,19200,75,300,0.01125000000000001,0.004972330729166665,0.4574388563632965,1,1,1
rare-01,alternating-extremes,1,apache,1,0,19200,344,1436,0.0057812500000000155,0.002916666666666663,0.4607374966144562,1,1,1
rare-01,alternating-extremes,1,local-fixed-capacity,1,0,19200,75,300,0.008750000000000008,0.003674316406250001,0.0040560332126915455,1,1,1
rare-01,alternating-extremes,2,apache,1,0,19200,344,1436,0.00708333333333333,0.003543294270833334,0.003194997552782297,1,1,1
rare-01,alternating-extremes,2,local-fixed-capacity,1,0,19200,75,300,0.01145833333333332,0.005123697916666665,0.4581930637359619,1,1,1
rare-01,alternating-extremes,3,apache,1,0,19200,344,1436,0.006562500000000027,0.0033325195312499975,0.0021255677565932274,1,1,1
rare-01,alternating-extremes,3,local-fixed-capacity,1,0,19200,75,300,0.0067708333333332815,0.0033105468750000036,0.00334316142834723,1,1,1
rare-01,alternating-extremes,4,apache,1,0,19200,344,1436,0.00463541666666667,0.001901041666666668,0.0022128510754555464,1,1,1
rare-01,alternating-extremes,4,local-fixed-capacity,1,0,19200,75,300,0.011927083333333338,0.005486653645833335,0.4595068097114563,1,1,1
rare-01,alternating-extremes,5,apache,1,0,19200,344,1436,0.004375000000000004,0.0018929036458333335,0.455445796251297,1,1,1
rare-01,alternating-extremes,5,local-fixed-capacity,1,0,19200,75,300,0.010624999999999996,0.004560546875000001,0.4503706395626068,1,1,1
rare-01,alternating-extremes,6,apache,1,0,19200,344,1436,0.012499999999999956,0.006261393229166668,0.46052494645118713,1,1,1
rare-01,alternating-extremes,6,local-fixed-capacity,1,0,19200,75,300,0.012343749999999987,0.005836588541666667,0.46058499813079834,1,1,1
rare-01,alternating-extremes,7,apache,1,0,19200,344,1436,0.008281250000000018,0.0028230794270833392,0.4574127197265625,1,1,1
rare-01,alternating-extremes,7,local-fixed-capacity,1,0,19200,75,300,0.01317708333333334,0.006614583333333333,0.022810129448771477,1,1,1
rare-01,alternating-extremes,8,apache,1,0,19200,344,1436,0.004375000000000004,0.0019970703125000034,0.011320272460579872,1,1,1
rare-01,alternating-extremes,8,local-fixed-capacity,1,0,19200,75,300,0.011041666666666616,0.004829101562499999,0.010682736523449421,1,1,1
rare-01,alternating-extremes,9,apache,1,0,19200,344,1436,0.009062499999999973,0.003663736979166667,0.46075648069381714,1,1,1
rare-01,alternating-extremes,9,local-fixed-capacity,1,0,19200,75,300,0.007239583333333299,0.0033439127604166672,0.0036803490947932005,1,1,1
rare-01,alternating-extremes,10,apache,1,0,19200,344,1436,0.005677083333333333,0.002308756510416665,0.45033422112464905,1,1,1
rare-01,alternating-extremes,10,local-fixed-capacity,1,0,19200,75,300,0.006874999999999992,0.0033146158854166653,0.0030484115704894066,1,1,1
rare-01,alternating-extremes,11,apache,1,0,19200,344,1436,0.004479166666666645,0.0021492513020833293,0.00506611866876483,1,1,1
rare-01,alternating-extremes,11,local-fixed-capacity,1,0,19200,75,300,0.011145833333333327,0.004900716145833333,0.4572467505931854,1,1,1
rare-01,alternating-extremes,-1,apache,17,0,19200,344,1436,0.005520833333333336,0.0021793619791666673,0.45704030990600586,1,1,1
rare-01,alternating-extremes,-2,apache,17,1,19200,353,1468,0.005624999999999991,0.002067057291666671,0.00125374854542315,1,1,1
rare-02,shuffled,0,apache,1,0,19200,344,1436,0.0067187499999999956,0.002420247395833331,0.003751311684027314,1,1,1
rare-02,shuffled,0,local-fixed-capacity,1,0,19200,75,300,0.012395833333333384,0.005882161458333333,0.46115490794181824,1,1,1
rare-02,shuffled,1,apache,1,0,19200,344,1436,0.011562500000000031,0.005279947916666668,0.4561000466346741,1,1,1
rare-02,shuffled,1,local-fixed-capacity,1,0,19200,75,300,0.012239583333333304,0.0057462565104166655,0.4610792100429535,1,1,1
rare-02,shuffled,2,apache,1,0,19200,344,1436,0.01223958333333336,0.004988606770833336,0.4587708115577698,1,1,1
rare-02,shuffled,2,local-fixed-capacity,1,0,19200,75,300,0.012135416666666676,0.005658365885416666,0.010885042138397694,1,1,1
rare-02,shuffled,3,apache,1,0,19200,344,1436,0.011770833333333286,0.0040966796874999985,0.008031714707612991,1,1,1
rare-02,shuffled,3,local-fixed-capacity,1,0,19200,75,300,0.007552083333333348,0.0033846028645833346,0.45652323961257935,1,1,1
rare-02,shuffled,4,apache,1,0,19200,344,1436,0.01026041666666666,0.0035766601562500014,0.4578351378440857,1,1,1
rare-02,shuffled,4,local-fixed-capacity,1,0,19200,75,300,0.007187500000000013,0.0033390299479166695,0.4560540020465851,1,1,1
rare-02,shuffled,5,apache,1,0,19200,344,1436,0.008958333333333346,0.0026741536458333324,0.003815382719039917,1,1,1
rare-02,shuffled,5,local-fixed-capacity,1,0,19200,75,300,0.009791666666666643,0.004101562499999999,0.45943483710289,1,1,1
rare-02,shuffled,6,apache,1,0,19200,344,1436,0.011249999999999982,0.0027083333333333404,0.4534367322921753,1,1,1
rare-02,shuffled,6,local-fixed-capacity,1,0,19200,75,300,0.011354166666666665,0.005048014322916666,0.46049895882606506,1,1,1
rare-02,shuffled,7,apache,1,0,19200,344,1436,0.008750000000000036,0.002613932291666674,0.006094052921980619,1,1,1
rare-02,shuffled,7,local-fixed-capacity,1,0,19200,75,300,0.01218749999999999,0.005702311197916667,0.011118466965854168,1,1,1
rare-02,shuffled,8,apache,1,0,19200,344,1436,0.009791666666666643,0.0025887044270833303,0.002468632999807596,1,1,1
rare-02,shuffled,8,local-fixed-capacity,1,0,19200,75,300,0.011510416666666662,0.005161946614583333,0.00856337882578373,1,1,1
rare-02,shuffled,9,apache,1,0,19200,344,1436,0.011249999999999996,0.004864095052083339,0.45350784063339233,1,1,1
rare-02,shuffled,9,local-fixed-capacity,1,0,19200,75,300,0.010937500000000044,0.004759928385416667,0.4600743055343628,1,1,1
rare-02,shuffled,10,apache,1,0,19200,344,1436,0.010885416666666647,0.003452962239583339,0.45385637879371643,1,1,1
rare-02,shuffled,10,local-fixed-capacity,1,0,19200,75,300,0.013020833333333343,0.006460774739583336,0.01679183542728424,1,1,1
rare-02,shuffled,11,apache,1,0,19200,344,1436,0.008177083333333335,0.002570800781250007,0.006457911338657141,1,1,1
rare-02,shuffled,11,local-fixed-capacity,1,0,19200,75,300,0.010312500000000002,0.004375813802083335,0.005800048355013132,1,1,1
rare-02,shuffled,-1,apache,17,0,19200,344,1436,0.013854166666666667,0.006327311197916664,0.4582904577255249,1,1,1
rare-02,shuffled,-2,apache,17,1,19200,353,1468,0.006458333333333344,0.002545572916666668,0.0030144047923386097,1,1,1
rare-02,ascending,0,apache,1,0,19200,344,1436,0.0048958333333333215,0.001532389322916667,0.002370241330936551,1,1,1
rare-02,ascending,0,local-fixed-capacity,1,0,19200,75,300,0.006562500000000027,0.003307291666666666,0.45421135425567627,1,1,1
rare-02,ascending,1,apache,1,0,19200,344,1436,0.005416666666666625,0.0017358398437499996,0.0017549312906339765,1,1,1
rare-02,ascending,1,local-fixed-capacity,1,0,19200,75,300,0.012239583333333304,0.0057462565104166655,0.4610792100429535,1,1,1
rare-02,ascending,2,apache,1,0,19200,344,1436,0.0061979166666666675,0.0021289062500000023,0.0022236735094338655,1,1,1
rare-02,ascending,2,local-fixed-capacity,1,0,19200,75,300,0.012812500000000004,0.0062605794270833345,0.01391832809895277,1,1,1
rare-02,ascending,3,apache,1,0,19200,344,1436,0.007291666666666641,0.0024788411458333383,0.003471963107585907,1,1,1
rare-02,ascending,3,local-fixed-capacity,1,0,19200,75,300,0.009583333333333333,0.004003092447916665,0.005052977707237005,1,1,1
rare-02,ascending,4,apache,1,0,19200,344,1436,0.0048958333333333215,0.0015437825520833379,0.001202416606247425,1,1,1
rare-02,ascending,4,local-fixed-capacity,1,0,19200,75,300,0.00661458333333334,0.0033072916666666654,0.45387542247772217,1,1,1
rare-02,ascending,5,apache,1,0,19200,344,1436,0.007395833333333324,0.0019563802083333343,0.0021552899852395058,1,1,1
rare-02,ascending,5,local-fixed-capacity,1,0,19200,75,300,0.0083854166666667,0.003563639322916668,0.45807600021362305,1,1,1
rare-02,ascending,6,apache,1,0,19200,344,1436,0.005468750000000001,0.001679687499999998,0.002415117807686329,1,1,1
rare-02,ascending,6,local-fixed-capacity,1,0,19200,75,300,0.00822916666666662,0.003522135416666668,0.4578430950641632,1,1,1
rare-02,ascending,7,apache,1,0,19200,344,1436,0.004375000000000018,0.001596679687499998,0.001340183662250638,1,1,1
rare-02,ascending,7,local-fixed-capacity,1,0,19200,75,300,0.008177083333333335,0.0035091145833333363,0.006866161245852709,1,1,1
rare-02,ascending,8,apache,1,0,19200,344,1436,0.004791666666666666,0.0014274088541666712,0.001642005518078804,1,1,1
rare-02,ascending,8,local-fixed-capacity,1,0,19200,75,300,0.006562500000000027,0.003307291666666666,0.45421135425567627,1,1,1
rare-02,ascending,9,apache,1,0,19200,344,1436,0.0036979166666666896,0.0012931315104166728,0.0011044328566640615,1,1,1
rare-02,ascending,9,local-fixed-capacity,1,0,19200,75,300,0.01026041666666666,0.004346516927083334,0.45972925424575806,1,1,1
rare-02,ascending,10,apache,1,0,19200,344,1436,0.005729166666666674,0.0016422526041666669,0.0015575994038954377,1,1,1
rare-02,ascending,10,local-fixed-capacity,1,0,19200,75,300,0.01171875,0.0053214518229166684,0.009035822935402393,1,1,1
rare-02,ascending,11,apache,1,0,19200,344,1436,0.0035937499999999997,0.0013704427083333357,0.0015990004176273942,1,1,1
rare-02,ascending,11,local-fixed-capacity,1,0,19200,75,300,0.012812500000000004,0.006261393229166667,0.461614727973938,1,1,1
rare-02,ascending,-1,apache,17,0,19200,344,1436,0.005416666666666681,0.001600748697916664,0.0016314468812197447,1,1,1
rare-02,ascending,-2,apache,17,1,19200,353,1468,0.0027083333333333126,0.0009537760416666724,0.0022521656937897205,1,1,1
rare-02,alternating-extremes,0,apache,1,0,19200,344,1436,0.006979166666666647,0.0023445638020833295,0.006935523357242346,1,1,1
rare-02,alternating-extremes,0,local-fixed-capacity,1,0,19200,75,300,0.011927083333333338,0.005528157552083333,0.01044338010251522,1,1,1
rare-02,alternating-extremes,1,apache,1,0,19200,344,1436,0.006927083333333306,0.003039550781250005,0.0025488468818366528,1,1,1
rare-02,alternating-extremes,1,local-fixed-capacity,1,0,19200,75,300,0.008645833333333353,0.0036409505208333326,0.4582788348197937,1,1,1
rare-02,alternating-extremes,2,apache,1,0,19200,344,1436,0.006510416666666685,0.002530110677083328,0.0031001337338238955,1,1,1
rare-02,alternating-extremes,2,local-fixed-capacity,1,0,19200,75,300,0.011666666666666714,0.005280761718749999,0.46073153614997864,1,1,1
rare-02,alternating-extremes,3,apache,1,0,19200,344,1436,0.006249999999999978,0.0027441406249999988,0.004094475880265236,1,1,1
rare-02,alternating-extremes,3,local-fixed-capacity,1,0,19200,75,300,0.007760416666666714,0.0034195963541666656,0.45728805661201477,1,1,1
rare-02,alternating-extremes,4,apache,1,0,19200,344,1436,0.004062499999999997,0.0016105143229166688,0.0027796528302133083,1,1,1
rare-02,alternating-extremes,4,local-fixed-capacity,1,0,19200,75,300,0.009166666666666656,0.0038248697916666644,0.004873253870755434,1,1,1
rare-02,alternating-extremes,5,apache,1,0,19200,344,1436,0.011614583333333317,0.005137532552083329,0.006060712970793247,1,1,1
rare-02,alternating-extremes,5,local-fixed-capacity,1,0,19200,75,300,0.010000000000000009,0.004206542968750001,0.45952779054641724,1,1,1
rare-02,alternating-extremes,6,apache,1,0,19200,344,1436,0.005312500000000053,0.001687011718750006,0.005177522078156471,1,1,1
rare-02,alternating-extremes,6,local-fixed-capacity,1,0,19200,75,300,0.009062500000000001,0.003785807291666666,0.004894713871181011,1,1,1
rare-02,alternating-extremes,7,apache,1,0,19200,344,1436,0.006875000000000006,0.002685546874999999,0.006384169217199087,1,1,1
rare-02,alternating-extremes,7,local-fixed-capacity,1,0,19200,75,300,0.01291666666666666,0.006359863281250001,0.015518005937337875,1,1,1
rare-02,alternating-extremes,8,apache,1,0,19200,344,1436,0.003697916666666634,0.0016601562500000015,0.004057279787957668,1,1,1
rare-02,alternating-extremes,8,local-fixed-capacity,1,0,19200,75,300,0.012500000000000011,0.005974121093750001,0.012814756482839584,1,1,1
rare-02,alternating-extremes,9,apache,1,0,19200,344,1436,0.0067708333333332815,0.0029036458333333336,0.4517703652381897,1,1,1
rare-02,alternating-extremes,9,local-fixed-capacity,1,0,19200,75,300,0.006927083333333334,0.003318684895833335,0.45339569449424744,1,1,1
rare-02,alternating-extremes,10,apache,1,0,19200,344,1436,0.010312499999999947,0.004502766927083332,0.003892849665135145,1,1,1
rare-02,alternating-extremes,10,local-fixed-capacity,1,0,19200,75,300,0.010781249999999964,0.0046582031250000005,0.4600410759449005,1,1,1
rare-02,alternating-extremes,11,apache,1,0,19200,344,1436,0.006354166666666661,0.0028759765625000055,0.002537550637498498,1,1,1
rare-02,alternating-extremes,11,local-fixed-capacity,1,0,19200,75,300,0.008802083333333321,0.0036922200520833363,0.45848289132118225,1,1,1
rare-02,alternating-extremes,-1,apache,17,0,19200,344,1436,0.00833333333333336,0.004625651041666668,0.4531908333301544,1,1,1
rare-02,alternating-extremes,-2,apache,17,1,19200,353,1468,0.003229166666666672,0.0011914062500000032,0.004153765272349119,1,1,1
rare-05,shuffled,0,apache,1,0,19200,344,1436,0.008854166666666663,0.0032128906250000013,0.005450721364468336,1,1,1
rare-05,shuffled,0,local-fixed-capacity,1,0,19200,75,300,0.007239583333333327,0.003343912760416666,0.004548955708742142,1,1,1
rare-05,shuffled,1,apache,1,0,19200,344,1436,0.010468750000000027,0.0038094075520833308,0.007708241697400808,1,1,1
rare-05,shuffled,1,local-fixed-capacity,1,0,19200,75,300,0.006927083333333334,0.003318684895833335,0.0045338645577430725,1,1,1
rare-05,shuffled,2,apache,1,0,19200,344,1436,0.008020833333333366,0.0022526041666666675,0.003571994137018919,1,1,1
rare-05,shuffled,2,local-fixed-capacity,1,0,19200,75,300,0.00984375000000004,0.004127604166666668,0.005800807848572731,1,1,1
rare-05,shuffled,3,apache,1,0,19200,344,1436,0.010104166666666664,0.004186197916666676,0.005512353964149952,1,1,1
rare-05,shuffled,3,local-fixed-capacity,1,0,19200,75,300,0.01098958333333333,0.004794108072916664,0.006885586306452751,1,1,1
rare-05,shuffled,4,apache,1,0,19200,344,1436,0.007135416666666616,0.002627766927083332,0.0027042883448302746,1,1,1
rare-05,shuffled,4,local-fixed-capacity,1,0,19200,75,300,0.010000000000000009,0.004206542968750001,0.005941762588918209,1,1,1
rare-05,shuffled,5,apache,1,0,19200,344,1436,0.006458333333333344,0.0024739583333333324,0.003276430070400238,1,1,1
rare-05,shuffled,5,local-fixed-capacity,1,0,19200,75,300,0.009375000000000022,0.003911132812499999,0.005432516802102327,1,1,1
rare-05,shuffled,6,apache,1,0,19200,344,1436,0.007656249999999976,0.0021240234374999964,0.00378040736541152,1,1,1
rare-05,shuffled,6,local-fixed-capacity,1,0,19200,75,300,0.007604166666666662,0.0033927408854166653,0.004682161379605532,1,1,1
rare-05,shuffled,7,apache,1,0,19200,344,1436,0.007343749999999982,0.002635091145833334,0.003952574450522661,1,1,1
rare-05,shuffled,7,local-fixed-capacity,1,0,19200,75,300,0.008802083333333321,0.0036922200520833363,0.005067164544016123,1,1,1
rare-05,shuffled,8,apache,1,0,19200,344,1436,0.010156249999999978,0.00317952473958333,0.004632245283573866,1,1,1
rare-05,shuffled,8,local-fixed-capacity,1,0,19200,75,300,0.011927083333333366,0.005486653645833333,0.008508780971169472,1,1,1
rare-05,shuffled,9,apache,1,0,19200,344,1436,0.011093750000000013,0.0037345377604166663,0.00439049769192934,1,1,1
rare-05,shuffled,9,local-fixed-capacity,1,0,19200,75,300,0.00973958333333333,0.0040755208333333355,0.006296349689364433,1,1,1
rare-05,shuffled,10,apache,1,0,19200,344,1436,0.00651041666666663,0.002470703125000001,0.0031716981902718544,1,1,1
rare-05,shuffled,10,local-fixed-capacity,1,0,19200,75,300,0.00968749999999996,0.004051106770833333,0.005674641579389572,1,1,1
rare-05,shuffled,11,apache,1,0,19200,344,1436,0.007187500000000013,0.0028279622395833313,0.003803699743002653,1,1,1
rare-05,shuffled,11,local-fixed-capacity,1,0,19200,75,300,0.01171875,0.005320638020833332,0.008278808556497097,1,1,1
rare-05,shuffled,-1,apache,17,0,19200,344,1436,0.00666666666666671,0.0023396809895833387,0.002775409258902073,1,1,1
rare-05,shuffled,-2,apache,17,1,19200,353,1468,0.007656249999999976,0.0024625651041666704,0.0038413554430007935,1,1,1
rare-05,ascending,0,apache,1,0,19200,344,1436,0.0050000000000000044,0.0016292317708333315,0.0015552393160760403,1,1,1
rare-05,ascending,0,local-fixed-capacity,1,0,19200,75,300,0.007187500000000013,0.0033390299479166695,0.00451250933110714,1,1,1
rare-05,ascending,1,apache,1,0,19200,344,1436,0.00557291666666665,0.0017740885416666667,0.0028498570900410414,1,1,1
rare-05,ascending,1,local-fixed-capacity,1,0,19200,75,300,0.007031250000000044,0.0033251953125000007,0.0044939033687114716,1,1,1
rare-05,ascending,2,apache,1,0,19200,344,1436,0.0048958333333333215,0.0015519205729166681,0.0009774223435670137,1,1,1
rare-05,ascending,2,local-fixed-capacity,1,0,19200,75,300,0.010624999999999996,0.004559733072916666,0.006608276627957821,1,1,1
rare-05,ascending,3,apache,1,0,19200,344,1436,0.00651041666666663,0.002067871093749999,0.0018977310974150896,1,1,1
rare-05,ascending,3,local-fixed-capacity,1,0,19200,75,300,0.010729166666666679,0.004625651041666666,0.007771011907607317,1,1,1
rare-05,ascending,4,apache,1,0,19200,344,1436,0.004062500000000024,0.0013899739583333342,0.0016359772998839617,1,1,1
rare-05,ascending,4,local-fixed-capacity,1,0,19200,75,300,0.011822916666666683,0.005401204427083332,0.008385966531932354,1,1,1
rare-05,ascending,5,apache,1,0,19200,344,1436,0.007135416666666672,0.0019376627604166682,0.0018560800235718489,1,1,1
rare-05,ascending,5,local-fixed-capacity,1,0,19200,75,300,0.007708333333333345,0.0034098307291666637,0.004783120937645435,1,1,1
rare-05,ascending,6,apache,1,0,19200,344,1436,0.004843750000000001,0.0014518229166666633,0.0017239651642739773,1,1,1
rare-05,ascending,6,local-fixed-capacity,1,0,19200,75,300,0.007343749999999982,0.0033553059895833352,0.004522758070379496,1,1,1
rare-05,ascending,7,apache,1,0,19200,344,1436,0.006302083333333319,0.001799316406249999,0.0022376063279807568,1,1,1
rare-05,ascending,7,local-fixed-capacity,1,0,19200,75,300,0.007343749999999982,0.0033553059895833352,0.004522758070379496,1,1,1
rare-05,ascending,8,apache,1,0,19200,344,1436,0.005677083333333333,0.001739908854166666,0.0013046166859567165,1,1,1
rare-05,ascending,8,local-fixed-capacity,1,0,19200,75,300,0.008750000000000008,0.0036735026041666676,0.0053872000426054,1,1,1
rare-05,ascending,9,apache,1,0,19200,344,1436,0.007604166666666634,0.0028084309895833356,0.002665588865056634,1,1,1
rare-05,ascending,9,local-fixed-capacity,1,0,19200,75,300,0.008802083333333321,0.0036914062499999976,0.005410239100456238,1,1,1
rare-05,ascending,10,apache,1,0,19200,344,1436,0.006666666666666654,0.0021728515625000023,0.002980652032420039,1,1,1
rare-05,ascending,10,local-fixed-capacity,1,0,19200,75,300,0.012968749999999973,0.006410319010416667,0.012733048759400845,1,1,1
rare-05,ascending,11,apache,1,0,19200,344,1436,0.0050000000000000044,0.0017293294270833346,0.002172501292079687,1,1,1
rare-05,ascending,11,local-fixed-capacity,1,0,19200,75,300,0.013124999999999998,0.006561686197916668,0.021806422621011734,1,1,1
rare-05,ascending,-1,apache,17,0,19200,344,1436,0.005416666666666681,0.0015584309895833297,0.0013474746374413371,1,1,1
rare-05,ascending,-2,apache,17,1,19200,353,1468,0.002291666666666692,0.000977376302083334,0.0009441578877158463,1,1,1
rare-05,alternating-extremes,0,apache,1,0,19200,344,1436,0.005416666666666681,0.002589518229166668,0.0024132102262228727,1,1,1
rare-05,alternating-extremes,0,local-fixed-capacity,1,0,19200,75,300,0.010572916666666654,0.004528808593750001,0.007522705942392349,1,1,1
rare-05,alternating-extremes,1,apache,1,0,19200,344,1436,0.00708333333333333,0.002218424479166669,0.0029522599652409554,1,1,1
rare-05,alternating-extremes,1,local-fixed-capacity,1,0,19200,75,300,0.009947916666666612,0.004178873697916665,0.00590053154155612,1,1,1
rare-05,alternating-extremes,2,apache,1,0,19200,344,1436,0.007395833333333338,0.0028271484374999996,0.005022826138883829,1,1,1
rare-05,alternating-extremes,2,local-fixed-capacity,1,0,19200,75,300,0.009947916666666612,0.004178873697916665,0.00590053154155612,1,1,1
rare-05,alternating-extremes,3,apache,1,0,19200,344,1436,0.005052083333333346,0.0022550455729166627,0.0021080258302390575,1,1,1
rare-05,alternating-extremes,3,local-fixed-capacity,1,0,19200,75,300,0.007708333333333345,0.0034098307291666637,0.004783120937645435,1,1,1
rare-05,alternating-extremes,4,apache,1,0,19200,344,1436,0.006458333333333344,0.003116048177083333,0.003712463891133666,1,1,1
rare-05,alternating-extremes,4,local-fixed-capacity,1,0,19200,75,300,0.009114583333333343,0.0038053385416666674,0.005646213423460722,1,1,1
rare-05,alternating-extremes,5,apache,1,0,19200,344,1436,0.007447916666666665,0.0032511393229166705,0.00299843423999846,1,1,1
rare-05,alternating-extremes,5,local-fixed-capacity,1,0,19200,75,300,0.008281250000000018,0.003535156249999999,0.004704055842012167,1,1,1
rare-05,alternating-extremes,6,apache,1,0,19200,344,1436,0.004531249999999987,0.0019856770833333315,0.0024757706560194492,1,1,1
rare-05,alternating-extremes,6,local-fixed-capacity,1,0,19200,75,300,0.008124999999999993,0.0034952799479166666,0.005047623999416828,1,1,1
rare-05,alternating-extremes,7,apache,1,0,19200,344,1436,0.00463541666666667,0.0014737955729166637,0.001834278111346066,1,1,1
rare-05,alternating-extremes,7,local-fixed-capacity,1,0,19200,75,300,0.012031249999999993,0.0055712890625,0.011028062552213669,1,1,1
rare-05,alternating-extremes,8,apache,1,0,19200,344,1436,0.008906250000000004,0.00328694661458333,0.0038739116862416267,1,1,1
rare-05,alternating-extremes,8,local-fixed-capacity,1,0,19200,75,300,0.007604166666666634,0.0033927408854166692,0.004589961841702461,1,1,1
rare-05,alternating-extremes,9,apache,1,0,19200,344,1436,0.005520833333333308,0.0021386718750000078,0.003965072333812714,1,1,1
rare-05,alternating-extremes,9,local-fixed-capacity,1,0,19200,75,300,0.012760416666666663,0.0062117513020833355,0.016498234122991562,1,1,1
rare-05,alternating-extremes,10,apache,1,0,19200,344,1436,0.005156249999999973,0.00209716796875,0.001906215911731124,1,1,1
rare-05,alternating-extremes,10,local-fixed-capacity,1,0,19200,75,300,0.008437499999999987,0.0035782877604166674,0.004807113669812679,1,1,1
rare-05,alternating-extremes,11,apache,1,0,19200,344,1436,0.004739583333333353,0.0016105143229166678,0.0031837671995162964,1,1,1
rare-05,alternating-extremes,11,local-fixed-capacity,1,0,19200,75,300,0.00973958333333333,0.0040755208333333355,0.006296349689364433,1,1,1
rare-05,alternating-extremes,-1,apache,17,0,19200,344,1436,0.008906250000000004,0.0031193033854166633,0.002475540852174163,1,1,1
rare-05,alternating-extremes,-2,apache,17,1,19200,353,1468,0.004010416666666683,0.001646321614583334,0.001526823965832591,1,1,1
rare-10,shuffled,0,apache,1,0,19200,344,1436,0.008697916666666639,0.0037801106770833284,0.003879076801240444,1,1,1
rare-10,shuffled,0,local-fixed-capacity,1,0,19200,75,300,0.009531249999999991,0.003979492187499999,0.44721338152885437,1,1,1
rare-10,shuffled,1,apache,1,0,19200,344,1436,0.00875,0.0024812825520833352,0.00269037252292037,1,1,1
rare-10,shuffled,1,local-fixed-capacity,1,0,19200,75,300,0.007187500000000013,0.0033390299479166695,0.004814038518816233,1,1,1
rare-10,shuffled,2,apache,1,0,19200,344,1436,0.00973958333333333,0.0047387695312499966,0.4549552798271179,1,1,1
rare-10,shuffled,2,local-fixed-capacity,1,0,19200,75,300,0.006927083333333334,0.003318684895833335,0.003556551644578576,1,1,1
rare-10,shuffled,3,apache,1,0,19200,344,1436,0.009583333333333388,0.002845865885416671,0.0046778894029557705,1,1,1
rare-10,shuffled,3,local-fixed-capacity,1,0,19200,75,300,0.007395833333333379,0.003362630208333333,0.0049430010840296745,1,1,1
rare-10,shuffled,4,apache,1,0,19200,344,1436,0.014375000000000027,0.007705891927083331,0.45709028840065,1,1,1
rare-10,shuffled,4,local-fixed-capacity,1,0,19200,75,300,0.009791666666666643,0.004101562499999999,0.45107942819595337,1,1,1
rare-10,shuffled,5,apache,1,0,19200,344,1436,0.009687499999999988,0.0040478515625,0.0061932457610964775,1,1,1
rare-10,shuffled,5,local-fixed-capacity,1,0,19200,75,300,0.010729166666666679,0.004625651041666666,0.007221750449389219,1,1,1
rare-10,shuffled,6,apache,1,0,19200,344,1436,0.00666666666666671,0.0025903320312499925,0.4514622986316681,1,1,1
rare-10,shuffled,6,local-fixed-capacity,1,0,19200,75,300,0.012187500000000018,0.0057023111979166655,0.4553583562374115,1,1,1
rare-10,shuffled,7,apache,1,0,19200,344,1436,0.006562500000000027,0.002905273437500004,0.003559245727956295,1,1,1
rare-10,shuffled,7,local-fixed-capacity,1,0,19200,75,300,0.011510416666666662,0.005162760416666665,0.008725334890186787,1,1,1
rare-10,shuffled,8,apache,1,0,19200,344,1436,0.007916666666666669,0.0035807291666666665,0.004335128702223301,1,1,1
rare-10,shuffled,8,local-fixed-capacity,1,0,19200,75,300,0.012500000000000011,0.005974121093750001,0.01136637944728136,1,1,1
rare-10,shuffled,9,apache,1,0,19200,344,1436,0.010156250000000006,0.0030249023437499997,0.004380166996270418,1,1,1
rare-10,shuffled,9,local-fixed-capacity,1,0,19200,75,300,0.009479166666666705,0.003956705729166668,0.44694066047668457,1,1,1
rare-10,shuffled,10,apache,1,0,19200,344,1436,0.007135416666666672,0.0024959309895833314,0.004103782121092081,1,1,1
rare-10,shuffled,10,local-fixed-capacity,1,0,19200,75,300,0.009791666666666643,0.004101562499999999,0.45107942819595337,1,1,1
rare-10,shuffled,11,apache,1,0,19200,344,1436,0.009062499999999973,0.002635091145833335,0.0041277785785496235,1,1,1
rare-10,shuffled,11,local-fixed-capacity,1,0,19200,75,300,0.007031250000000044,0.0033251953125000007,0.004441169556230307,1,1,1
rare-10,shuffled,-1,apache,17,0,19200,344,1436,0.00854166666666667,0.0024324544270833354,0.4543278217315674,1,1,1
rare-10,shuffled,-2,apache,17,1,19200,353,1468,0.005572916666666705,0.0018595377604166683,0.4536081552505493,1,1,1
rare-10,ascending,0,apache,1,0,19200,344,1436,0.006510416666666657,0.0021126302083333327,0.0031731179915368557,1,1,1
rare-10,ascending,0,local-fixed-capacity,1,0,19200,75,300,0.008177083333333335,0.0035091145833333363,0.003715845989063382,1,1,1
rare-10,ascending,1,apache,1,0,19200,344,1436,0.0068749999999999645,0.0027001953124999975,0.0031461783219128847,1,1,1
rare-10,ascending,1,local-fixed-capacity,1,0,19200,75,300,0.009531249999999991,0.003979492187499998,0.005044250749051571,1,1,1
rare-10,ascending,2,apache,1,0,19200,344,1436,0.0047916666666666385,0.0015494791666666634,0.0016125899273902178,1,1,1
rare-10,ascending,2,local-fixed-capacity,1,0,19200,75,300,0.00927083333333334,0.0038680013020833347,0.004744377918541431,1,1,1
rare-10,ascending,3,apache,1,0,19200,344,1436,0.005624999999999991,0.0015763346354166693,0.0011361765209585428,1,1,1
rare-10,ascending,3,local-fixed-capacity,1,0,19200,75,300,0.01130208333333338,0.005010579427083333,0.45467159152030945,1,1,1
rare-10,ascending,4,apache,1,0,19200,344,1436,0.00760416666666669,0.00246256510416667,0.00259745423682034,1,1,1
rare-10,ascending,4,local-fixed-capacity,1,0,19200,75,300,0.008281250000000018,0.003535156249999999,0.007317222189158201,1,1,1
rare-10,ascending,5,apache,1,0,19200,344,1436,0.004166666666666652,0.0013549804687500021,0.0026416967157274485,1,1,1
rare-10,ascending,5,local-fixed-capacity,1,0,19200,75,300,0.008020833333333366,0.003472493489583333,0.006296851672232151,1,1,1
rare-10,ascending,6,apache,1,0,19200,344,1436,0.005624999999999991,0.001605631510416667,0.0014875823399052024,1,1,1
rare-10,ascending,6,local-fixed-capacity,1,0,19200,75,300,0.011302083333333324,0.005009765625000002,0.008307194337248802,1,1,1
rare-10,ascending,7,apache,1,0,19200,344,1436,0.004166666666666666,0.0013321940104166737,0.0014659195439890027,1,1,1
rare-10,ascending,7,local-fixed-capacity,1,0,19200,75,300,0.012083333333333335,0.005614420572916666,0.45530468225479126,1,1,1
rare-10,ascending,8,apache,1,0,19200,344,1436,0.005156249999999973,0.0015730794270833338,0.0015609844122081995,1,1,1
rare-10,ascending,8,local-fixed-capacity,1,0,19200,75,300,0.00661458333333334,0.0033072916666666654,0.0037572479341179132,1,1,1
rare-10,ascending,9,apache,1,0,19200,344,1436,0.007031249999999999,0.0021598307291666665,0.0035210608039051294,1,1,1
rare-10,ascending,9,local-fixed-capacity,1,0,19200,75,300,0.007187500000000013,0.003339029947916665,0.0035413799341768026,1,1,1
rare-10,ascending,10,apache,1,0,19200,344,1436,0.005416666666666625,0.001595865885416665,0.0014753955183550715,1,1,1
rare-10,ascending,10,local-fixed-capacity,1,0,19200,75,300,0.01057291666666671,0.004527994791666667,0.45363572239875793,1,1,1
rare-10,ascending,11,apache,1,0,19200,344,1436,0.007968750000000024,0.0022778320312500057,0.002787692006677389,1,1,1
rare-10,ascending,11,local-fixed-capacity,1,0,19200,75,300,0.007031249999999989,0.0033251953124999985,0.0035497047938406467,1,1,1
rare-10,ascending,-1,apache,17,0,19200,344,1436,0.0035937500000000067,0.0013712565104166703,0.0018786463188007474,1,1,1
rare-10,ascending,-2,apache,17,1,19200,353,1468,0.0026562500000000266,0.000996093750000004,0.0010249357437714934,1,1,1
rare-10,alternating-extremes,0,apache,1,0,19200,344,1436,0.006302083333333333,0.0017952473958333347,0.002563244430348277,1,1,1
rare-10,alternating-extremes,0,local-fixed-capacity,1,0,19200,75,300,0.013020833333333343,0.006460774739583336,0.01700706221163273,1,1,1
rare-10,alternating-extremes,1,apache,1,0,19200,344,1436,0.00661458333333334,0.0028540039062499994,0.0025313133373856544,1,1,1
rare-10,alternating-extremes,1,local-fixed-capacity,1,0,19200,75,300,0.00854166666666667,0.0036083984374999994,0.00848859641700983,1,1,1
rare-10,alternating-extremes,2,apache,1,0,19200,344,1436,0.006197916666666692,0.002504069010416672,0.0024066269397735596,1,1,1
rare-10,alternating-extremes,2,local-fixed-capacity,1,0,19200,75,300,0.012812500000000004,0.0062605794270833345,0.45586320757865906,1,1,1
rare-10,alternating-extremes,3,apache,1,0,19200,344,1436,0.009114583333333315,0.0038240559895833326,0.0025312991347163916,1,1,1
rare-10,alternating-extremes,3,local-fixed-capacity,1,0,19200,75,300,0.01317708333333334,0.006614583333333334,0.020417984575033188,1,1,1
rare-10,alternating-extremes,4,apache,1,0,19200,344,1436,0.005520833333333308,0.001894531249999999,0.0027878773398697376,1,1,1
rare-10,alternating-extremes,4,local-fixed-capacity,1,0,19200,75,300,0.011406250000000007,0.005085449218750001,0.008418768644332886,1,1,1
rare-10,alternating-extremes,5,apache,1,0,19200,344,1436,0.003854166666666714,0.001608886718750003,0.003388039069250226,1,1,1
rare-10,alternating-extremes,5,local-fixed-capacity,1,0,19200,75,300,0.011354166666666665,0.005048014322916666,0.4547082185745239,1,1,1
rare-10,alternating-extremes,6,apache,1,0,19200,344,1436,0.00760416666666669,0.0031420898437500015,0.002449949271976948,1,1,1
rare-10,alternating-extremes,6,local-fixed-capacity,1,0,19200,75,300,0.012812500000000004,0.0062605794270833345,0.45586320757865906,1,1,1
rare-10,alternating-extremes,7,apache,1,0,19200,344,1436,0.0050000000000000044,0.001726888020833337,0.0018096870044246316,1,1,1
rare-10,alternating-extremes,7,local-fixed-capacity,1,0,19200,75,300,0.007656250000000003,0.003400878906250001,0.003422495676204562,1,1,1
rare-10,alternating-extremes,8,apache,1,0,19200,344,1436,0.008593750000000011,0.004043782552083335,0.003479295177385211,1,1,1
rare-10,alternating-extremes,8,local-fixed-capacity,1,0,19200,75,300,0.011666666666666714,0.005280761718749999,0.4549899995326996,1,1,1
rare-10,alternating-extremes,9,apache,1,0,19200,344,1436,0.005624999999999991,0.0027522786458333316,0.002725483849644661,1,1,1
rare-10,alternating-extremes,9,local-fixed-capacity,1,0,19200,75,300,0.010468750000000027,0.004466959635416665,0.4535268545150757,1,1,1
rare-10,alternating-extremes,10,apache,1,0,19200,344,1436,0.00578124999999996,0.002122395833333333,0.0034125875681638718,1,1,1
rare-10,alternating-extremes,10,local-fixed-capacity,1,0,19200,75,300,0.008489583333333384,0.003592936197916667,0.00816207006573677,1,1,1
rare-10,alternating-extremes,11,apache,1,0,19200,344,1436,0.005885416666666643,0.0025667317708333364,0.0021996614523231983,1,1,1
rare-10,alternating-extremes,11,local-fixed-capacity,1,0,19200,75,300,0.00911458333333337,0.0038053385416666656,0.013418410904705524,1,1,1
rare-10,alternating-extremes,-1,apache,17,0,19200,344,1436,0.009687500000000016,0.0048046875,0.005140645895153284,1,1,1
rare-10,alternating-extremes,-2,apache,17,1,19200,353,1468,0.006614583333333313,0.0024820963541666644,0.00202171946875751,1,1,1
repeated-discrete,shuffled,0,apache,1,0,19200,344,1436,0.005729166666666674,8.951822916666678e-05,0.125,1,1,1
repeated-discrete,shuffled,0,local-fixed-capacity,1,0,19200,75,300,0.003489583333333334,5.4524739583333346e-05,0.375,1,1,1
repeated-discrete,shuffled,1,apache,1,0,19200,344,1436,0.003489583333333334,5.4524739583333346e-05,0.375,1,1,1
repeated-discrete,shuffled,1,local-fixed-capacity,1,0,19200,75,300,0.003489583333333334,5.4524739583333346e-05,0.375,1,1,1
repeated-discrete,shuffled,2,apache,1,0,19200,344,1436,0.0,0.0,0.0,1,1,1
repeated-discrete,shuffled,2,local-fixed-capacity,1,0,19200,75,300,0.003489583333333334,5.4524739583333346e-05,0.375,1,1,1
repeated-discrete,shuffled,3,apache,1,0,19200,344,1436,0.0,0.0,0.0,1,1,1
repeated-discrete,shuffled,3,local-fixed-capacity,1,0,19200,75,300,0.003489583333333334,5.4524739583333346e-05,0.375,1,1,1
repeated-discrete,shuffled,4,apache,1,0,19200,344,1436,0.0,0.0,0.0,1,1,1
repeated-discrete,shuffled,4,local-fixed-capacity,1,0,19200,75,300,0.0,0.0,0.0,1,1,1
repeated-discrete,shuffled,5,apache,1,0,19200,344,1436,0.003489583333333334,5.4524739583333346e-05,0.375,1,1,1
repeated-discrete,shuffled,5,local-fixed-capacity,1,0,19200,75,300,0.0,0.0,0.0,1,1,1
repeated-discrete,shuffled,6,apache,1,0,19200,344,1436,0.0,0.0,0.0,1,1,1
repeated-discrete,shuffled,6,local-fixed-capacity,1,0,19200,75,300,0.0,0.0,0.0,1,1,1
repeated-discrete,shuffled,7,apache,1,0,19200,344,1436,0.005729166666666674,0.00014404296875000013,0.3952847123146057,1,1,1
repeated-discrete,shuffled,7,local-fixed-capacity,1,0,19200,75,300,0.0,0.0,0.0,1,1,1
repeated-discrete,shuffled,8,apache,1,0,19200,344,1436,0.0,0.0,0.0,1,1,1
repeated-discrete,shuffled,8,local-fixed-capacity,1,0,19200,75,300,0.0,0.0,0.0,1,1,1
repeated-discrete,shuffled,9,apache,1,0,19200,344,1436,0.004427083333333304,0.00012369791666666622,0.9519716501235962,1,1,1
repeated-discrete,shuffled,9,local-fixed-capacity,1,0,19200,75,300,0.0,0.0,0.0,1,1,1
repeated-discrete,shuffled,10,apache,1,0,19200,344,1436,0.003489583333333334,5.4524739583333346e-05,0.375,1,1,1
repeated-discrete,shuffled,10,local-fixed-capacity,1,0,19200,75,300,0.0,0.0,0.0,1,1,1
repeated-discrete,shuffled,11,apache,1,0,19200,344,1436,0.004427083333333304,6.917317708333287e-05,0.875,1,1,1
repeated-discrete,shuffled,11,local-fixed-capacity,1,0,19200,75,300,0.003489583333333334,5.4524739583333346e-05,0.375,1,1,1
repeated-discrete,shuffled,-1,apache,17,0,19200,344,1436,0.0,0.0,0.0,1,1,1
repeated-discrete,shuffled,-2,apache,17,1,19200,353,1468,0.0,0.0,0.0,1,1,1
repeated-discrete,ascending,0,apache,1,0,19200,344,1436,0.0,0.0,0.0,1,1,1
repeated-discrete,ascending,0,local-fixed-capacity,1,0,19200,75,300,0.003489583333333334,5.4524739583333346e-05,0.375,1,1,1
repeated-discrete,ascending,1,apache,1,0,19200,344,1436,0.003489583333333334,5.4524739583333346e-05,0.375,1,1,1
repeated-discrete,ascending,1,local-fixed-capacity,1,0,19200,75,300,0.0,0.0,0.0,1,1,1
repeated-discrete,ascending,2,apache,1,0,19200,344,1436,0.0,0.0,0.0,1,1,1
repeated-discrete,ascending,2,local-fixed-capacity,1,0,19200,75,300,0.0,0.0,0.0,1,1,1
repeated-discrete,ascending,3,apache,1,0,19200,344,1436,0.003489583333333334,5.4524739583333346e-05,0.375,1,1,1
repeated-discrete,ascending,3,local-fixed-capacity,1,0,19200,75,300,0.0,0.0,0.0,1,1,1
repeated-discrete,ascending,4,apache,1,0,19200,344,1436,0.0,0.0,0.0,1,1,1
repeated-discrete,ascending,4,local-fixed-capacity,1,0,19200,75,300,0.003489583333333334,5.4524739583333346e-05,0.375,1,1,1
repeated-discrete,ascending,5,apache,1,0,19200,344,1436,0.0,0.0,0.0,1,1,1
repeated-discrete,ascending,5,local-fixed-capacity,1,0,19200,75,300,0.003489583333333334,5.4524739583333346e-05,0.375,1,1,1
repeated-discrete,ascending,6,apache,1,0,19200,344,1436,0.0,0.0,0.0,1,1,1
repeated-discrete,ascending,6,local-fixed-capacity,1,0,19200,75,300,0.003489583333333334,5.4524739583333346e-05,0.375,1,1,1
repeated-discrete,ascending,7,apache,1,0,19200,344,1436,0.0,0.0,0.0,1,1,1
repeated-discrete,ascending,7,local-fixed-capacity,1,0,19200,75,300,0.003489583333333334,5.4524739583333346e-05,0.375,1,1,1
repeated-discrete,ascending,8,apache,1,0,19200,344,1436,0.0,0.0,0.0,1,1,1
repeated-discrete,ascending,8,local-fixed-capacity,1,0,19200,75,300,0.003489583333333334,5.4524739583333346e-05,0.375,1,1,1
repeated-discrete,ascending,9,apache,1,0,19200,344,1436,0.0,0.0,0.0,1,1,1
repeated-discrete,ascending,9,local-fixed-capacity,1,0,19200,75,300,0.003489583333333334,5.4524739583333346e-05,0.375,1,1,1
repeated-discrete,ascending,10,apache,1,0,19200,344,1436,0.0,0.0,0.0,1,1,1
repeated-discrete,ascending,10,local-fixed-capacity,1,0,19200,75,300,0.003489583333333334,5.4524739583333346e-05,0.375,1,1,1
repeated-discrete,ascending,11,apache,1,0,19200,344,1436,0.0,0.0,0.0,1,1,1
repeated-discrete,ascending,11,local-fixed-capacity,1,0,19200,75,300,0.0,0.0,0.0,1,1,1
repeated-discrete,ascending,-1,apache,17,0,19200,344,1436,0.0,0.0,0.0,1,1,1
repeated-discrete,ascending,-2,apache,17,1,19200,353,1468,0.0,0.0,0.0,1,1,1
repeated-discrete,alternating-extremes,0,apache,1,0,19200,344,1436,0.005729166666666674,8.951822916666678e-05,0.125,1,1,1
repeated-discrete,alternating-extremes,0,local-fixed-capacity,1,0,19200,75,300,0.0,0.0,0.0,1,1,1
repeated-discrete,alternating-extremes,1,apache,1,0,19200,344,1436,0.003489583333333334,5.4524739583333346e-05,0.375,1,1,1
repeated-discrete,alternating-extremes,1,local-fixed-capacity,1,0,19200,75,300,0.003489583333333334,5.4524739583333346e-05,0.375,1,1,1
repeated-discrete,alternating-extremes,2,apache,1,0,19200,344,1436,0.0,0.0,0.0,1,1,1
repeated-discrete,alternating-extremes,2,local-fixed-capacity,1,0,19200,75,300,0.003489583333333334,5.4524739583333346e-05,0.375,1,1,1
repeated-discrete,alternating-extremes,3,apache,1,0,19200,344,1436,0.0,0.0,0.0,1,1,1
repeated-discrete,alternating-extremes,3,local-fixed-capacity,1,0,19200,75,300,0.0,0.0,0.0,1,1,1
repeated-discrete,alternating-extremes,4,apache,1,0,19200,344,1436,0.0,0.0,0.0,1,1,1
repeated-discrete,alternating-extremes,4,local-fixed-capacity,1,0,19200,75,300,0.003489583333333334,5.4524739583333346e-05,0.375,1,1,1
repeated-discrete,alternating-extremes,5,apache,1,0,19200,344,1436,0.003489583333333334,5.4524739583333346e-05,0.375,1,1,1
repeated-discrete,alternating-extremes,5,local-fixed-capacity,1,0,19200,75,300,0.0,0.0,0.0,1,1,1
repeated-discrete,alternating-extremes,6,apache,1,0,19200,344,1436,0.0,0.0,0.0,1,1,1
repeated-discrete,alternating-extremes,6,local-fixed-capacity,1,0,19200,75,300,0.003489583333333334,5.4524739583333346e-05,0.375,1,1,1
repeated-discrete,alternating-extremes,7,apache,1,0,19200,344,1436,0.0,0.0,0.0,1,1,1
repeated-discrete,alternating-extremes,7,local-fixed-capacity,1,0,19200,75,300,0.003489583333333334,5.4524739583333346e-05,0.375,1,1,1
repeated-discrete,alternating-extremes,8,apache,1,0,19200,344,1436,0.0,0.0,0.0,1,1,1
repeated-discrete,alternating-extremes,8,local-fixed-capacity,1,0,19200,75,300,0.003489583333333334,5.4524739583333346e-05,0.375,1,1,1
repeated-discrete,alternating-extremes,9,apache,1,0,19200,344,1436,0.0,0.0,0.0,1,1,1
repeated-discrete,alternating-extremes,9,local-fixed-capacity,1,0,19200,75,300,0.003489583333333334,5.4524739583333346e-05,0.375,1,1,1
repeated-discrete,alternating-extremes,10,apache,1,0,19200,344,1436,0.005729166666666674,8.951822916666678e-05,0.125,1,1,1
repeated-discrete,alternating-extremes,10,local-fixed-capacity,1,0,19200,75,300,0.0,0.0,0.0,1,1,1
repeated-discrete,alternating-extremes,11,apache,1,0,19200,344,1436,0.0,0.0,0.0,1,1,1
repeated-discrete,alternating-extremes,11,local-fixed-capacity,1,0,19200,75,300,0.0,0.0,0.0,1,1,1
repeated-discrete,alternating-extremes,-1,apache,17,0,19200,344,1436,0.0,0.0,0.0,1,1,1
repeated-discrete,alternating-extremes,-2,apache,17,1,19200,353,1468,0.0,0.0,0.0,1,1,1
