arm,kind,tau,target,family,init,cell,seed,budget,virtual_batch,warm_fraction,planned_steps,completed_steps,wall_seconds,generator_forward_calls,generator_example_evals,unique_latent_samples,target_samples,kernel_pairs,sort_work,selector_calls,selector_kernel_pairs,selector_example_evals,tau_counts,ed2,sw1,weighted_reach,mass_l1,event_time,censored,diverged
paper-0.2,paper,0.2,LBQCD-D01-unequal-min050-K8,unequal,concentrated,LBQCD-D01-unequal-min050-K8/concentrated,0,update,0,0.0,30,30,0.018467900008545257,30,960,960,960,61440,0.0,0,0,0,"{""0.2"": 0, ""0.5"": 0, ""1.0"": 0, ""2.0"": 0, ""4.0"": 0}",0.03753855706115283,0.2988642278865347,0.86,0.5510937499999999,30,1,0
paper-0.5,paper,0.5,LBQCD-D01-unequal-min050-K8,unequal,concentrated,LBQCD-D01-unequal-min050-K8/concentrated,0,update,0,0.0,30,30,0.024826500011840835,30,960,960,960,61440,0.0,0,0,0,"{""0.2"": 0, ""0.5"": 0, ""1.0"": 0, ""2.0"": 0, ""4.0"": 0}",0.03779439254551176,0.2968145312178562,0.86,0.5745312499999999,30,1,0
paper-1,paper,1.0,LBQCD-D01-unequal-min050-K8,unequal,concentrated,LBQCD-D01-unequal-min050-K8/concentrated,0,update,0,0.0,30,30,0.017079899989767,30,960,960,960,61440,0.0,0,0,0,"{""0.2"": 0, ""0.5"": 0, ""1.0"": 0, ""2.0"": 0, ""4.0"": 0}",0.030637430806563337,0.26622531875153965,0.86,0.5120312499999999,30,1,0
paper-2,paper,2.0,LBQCD-D01-unequal-min050-K8,unequal,concentrated,LBQCD-D01-unequal-min050-K8/concentrated,0,update,0,0.0,30,30,0.015106199993169867,30,960,960,960,61440,0.0,0,0,0,"{""0.2"": 0, ""0.5"": 0, ""1.0"": 0, ""2.0"": 0, ""4.0"": 0}",0.0649021412641897,0.32253854000481075,0.86,0.37906249999999997,30,1,0
paper-4,paper,4.0,LBQCD-D01-unequal-min050-K8,unequal,concentrated,LBQCD-D01-unequal-min050-K8/concentrated,0,update,0,0.0,30,30,0.011538199993083254,30,960,960,960,61440,0.0,0,0,0,"{""0.2"": 0, ""0.5"": 0, ""1.0"": 0, ""2.0"": 0, ""4.0"": 0}",0.18181027765088542,0.5377955617684607,0.56,0.88,30,1,0
qld-v1,qld,0.5,LBQCD-D01-unequal-min050-K8,unequal,concentrated,LBQCD-D01-unequal-min050-K8/concentrated,0,update,0,0.7,30,30,0.006538300003740005,30,960,960,960,18432,6720.0,0,0,0,"{""0.2"": 0, ""0.5"": 0, ""1.0"": 0, ""2.0"": 0, ""4.0"": 0}",0.04061976875771611,0.29232033247837264,0.86,0.38687499999999997,30,1,0
rsr-M1024-f0.70-e,rsr,0.5,LBQCD-D01-unequal-min050-K8,unequal,concentrated,LBQCD-D01-unequal-min050-K8/concentrated,0,examples,1024,0.7,1,1,0.004586299997754395,64,2048,1024,1024,0,20480.0,0,0,0,"{""0.2"": 0, ""0.5"": 0, ""1.0"": 0, ""2.0"": 0, ""4.0"": 0}",0.9733782752372737,1.363562210607436,0.0,1.44,1,1,0
rsr-M1024-f0.70-u,rsr,0.5,LBQCD-D01-unequal-min050-K8,unequal,concentrated,LBQCD-D01-unequal-min050-K8/concentrated,0,update,1024,0.7,30,30,0.0925456000113627,1353,43296,21792,21792,18432,430080.0,0,0,0,"{""0.2"": 0, ""0.5"": 0, ""1.0"": 0, ""2.0"": 0, ""4.0"": 0}",0.03611825602685004,0.2497939451570754,0.86,0.45734375,30,1,0
rsr-M512-f0.70-e,rsr,0.5,LBQCD-D01-unequal-min050-K8,unequal,concentrated,LBQCD-D01-unequal-min050-K8/concentrated,0,examples,512,0.7,1,1,0.0024476999969920143,32,1024,512,512,0,9216.0,0,0,0,"{""0.2"": 0, ""0.5"": 0, ""1.0"": 0, ""2.0"": 0, ""4.0"": 0}",0.9733394238421389,1.363520421734272,0.0,1.44,1,1,0
rsr-M512-f0.70-u,rsr,0.5,LBQCD-D01-unequal-min050-K8,unequal,concentrated,LBQCD-D01-unequal-min050-K8/concentrated,0,update,512,0.7,30,30,0.05588549999811221,681,21792,11040,11040,18432,193536.0,0,0,0,"{""0.2"": 0, ""0.5"": 0, ""1.0"": 0, ""2.0"": 0, ""4.0"": 0}",0.032432987618466136,0.2462027079669188,0.86,0.44953125,30,1,0
paper-0.2,paper,0.2,LBQCD-D01-unequal-min050-K8,unequal,missing,LBQCD-D01-unequal-min050-K8/missing,0,update,0,0.0,30,30,0.00836140000319574,30,960,960,960,61440,0.0,0,0,0,"{""0.2"": 0, ""0.5"": 0, ""1.0"": 0, ""2.0"": 0, ""4.0"": 0}",1.2175220780384592,1.9986228848218324,0.7000000000000001,0.8734375000000001,30,1,0
paper-0.5,paper,0.5,LBQCD-D01-unequal-min050-K8,unequal,missing,LBQCD-D01-unequal-min050-K8/missing,0,update,0,0.0,30,30,0.011115800007246435,30,960,960,960,61440,0.0,0,0,0,"{""0.2"": 0, ""0.5"": 0, ""1.0"": 0, ""2.0"": 0, ""4.0"": 0}",1.1384604292744693,1.9449385015347505,0.7000000000000001,0.8595312500000001,30,1,0
paper-1,paper,1.0,LBQCD-D01-unequal-min050-K8,unequal,missing,LBQCD-D01-unequal-min050-K8/missing,0,update,0,0.0,30,30,0.013434099993901327,30,960,960,960,61440,0.0,0,0,0,"{""0.2"": 0, ""0.5"": 0, ""1.0"": 0, ""2.0"": 0, ""4.0"": 0}",1.1543220895483162,1.9087016964429815,0.5700000000000001,1.01015625,30,1,0
paper-2,paper,2.0,LBQCD-D01-unequal-min050-K8,unequal,missing,LBQCD-D01-unequal-min050-K8/missing,0,update,0,0.0,30,30,0.01011710001330357,30,960,960,960,61440,0.0,0,0,0,"{""0.2"": 0, ""0.5"": 0, ""1.0"": 0, ""2.0"": 0, ""4.0"": 0}",1.3397475235471614,1.8954330270158521,0.42000000000000004,1.06390625,30,1,0
paper-4,paper,4.0,LBQCD-D01-unequal-min050-K8,unequal,missing,LBQCD-D01-unequal-min050-K8/missing,0,update,0,0.0,30,30,0.015240299995639361,30,960,960,960,61440,0.0,0,0,0,"{""0.2"": 0, ""0.5"": 0, ""1.0"": 0, ""2.0"": 0, ""4.0"": 0}",1.617553526654237,1.9057876109765195,0.42000000000000004,1.16,30,1,0
qld-v1,qld,0.5,LBQCD-D01-unequal-min050-K8,unequal,missing,LBQCD-D01-unequal-min050-K8/missing,0,update,0,0.7,30,30,0.008330899989232421,30,960,960,960,18432,6720.0,0,0,0,"{""0.2"": 0, ""0.5"": 0, ""1.0"": 0, ""2.0"": 0, ""4.0"": 0}",1.2995253184847348,2.012393456456397,0.5700000000000001,0.99046875,30,1,0
rsr-M1024-f0.70-e,rsr,0.5,LBQCD-D01-unequal-min050-K8,unequal,missing,LBQCD-D01-unequal-min050-K8/missing,0,examples,1024,0.7,1,1,0.0055773000058252364,64,2048,1024,1024,0,20480.0,0,0,0,"{""0.2"": 0, ""0.5"": 0, ""1.0"": 0, ""2.0"": 0, ""4.0"": 0}",2.8591770484723718,2.4326022756573584,0.05,1.9,1,1,0
rsr-M1024-f0.70-u,rsr,0.5,LBQCD-D01-unequal-min050-K8,unequal,missing,LBQCD-D01-unequal-min050-K8/missing,0,update,1024,0.7,30,30,0.10137389998999424,1353,43296,21792,21792,18432,430080.0,0,0,0,"{""0.2"": 0, ""0.5"": 0, ""1.0"": 0, ""2.0"": 0, ""4.0"": 0}",1.202067370448462,1.9775105292276758,0.7000000000000001,0.9203125000000001,30,1,0
rsr-M512-f0.70-e,rsr,0.5,LBQCD-D01-unequal-min050-K8,unequal,missing,LBQCD-D01-unequal-min050-K8/missing,0,examples,512,0.7,1,1,0.0034955000010086223,32,1024,512,512,0,9216.0,0,0,0,"{""0.2"": 0, ""0.5"": 0, ""1.0"": 0, ""2.0"": 0, ""4.0"": 0}",2.859261191338021,2.4326195725924338,0.05,1.9,1,1,0
rsr-M512-f0.70-u,rsr,0.5,LBQCD-D01-unequal-min050-K8,unequal,missing,LBQCD-D01-unequal-min050-K8/missing,0,update,512,0.7,30,30,0.06439440000394825,681,21792,11040,11040,18432,193536.0,0,0,0,"{""0.2"": 0, ""0.5"": 0, ""1.0"": 0, ""2.0"": 0, ""4.0"": 0}",1.2041585699115414,1.9783860680575291,0.7000000000000001,0.9281250000000001,30,1,0
paper-0.2,paper,0.2,LBQCD-D02-unequal-min030-K10,unequal,concentrated,LBQCD-D02-unequal-min030-K10/concentrated,0,update,0,0.0,30,30,0.0077332999935606495,30,960,960,960,61440,0.0,0,0,0,"{""0.2"": 0, ""0.5"": 0, ""1.0"": 0, ""2.0"": 0, ""4.0"": 0}",0.1549308422632949,0.7199929315561897,0.79,0.45718749999999997,30,1,0
paper-0.5,paper,0.5,LBQCD-D02-unequal-min030-K10,unequal,concentrated,LBQCD-D02-unequal-min030-K10/concentrated,0,update,0,0.0,30,30,0.008072800002992153,30,960,960,960,61440,0.0,0,0,0,"{""0.2"": 0, ""0.5"": 0, ""1.0"": 0, ""2.0"": 0, ""4.0"": 0}",0.1449459666920836,0.6794074082389371,0.79,0.45624999999999993,30,1,0
paper-1,paper,1.0,LBQCD-D02-unequal-min030-K10,unequal,concentrated,LBQCD-D02-unequal-min030-K10/concentrated,0,update,0,0.0,30,30,0.016285099991364405,30,960,960,960,61440,0.0,0,0,0,"{""0.2"": 0, ""0.5"": 0, ""1.0"": 0, ""2.0"": 0, ""4.0"": 0}",0.1680243834299846,0.6926473482658703,0.74,0.48843749999999997,30,1,0
paper-2,paper,2.0,LBQCD-D02-unequal-min030-K10,unequal,concentrated,LBQCD-D02-unequal-min030-K10/concentrated,0,update,0,0.0,30,30,0.011949599997024052,30,960,960,960,61440,0.0,0,0,0,"{""0.2"": 0, ""0.5"": 0, ""1.0"": 0, ""2.0"": 0, ""4.0"": 0}",0.2865701034974344,0.8112704302106056,0.5800000000000001,0.8400000000000001,30,1,0
paper-4,paper,4.0,LBQCD-D02-unequal-min030-K10,unequal,concentrated,LBQCD-D02-unequal-min030-K10/concentrated,0,update,0,0.0,30,30,0.009479799991822802,30,960,960,960,61440,0.0,0,0,0,"{""0.2"": 0, ""0.5"": 0, ""1.0"": 0, ""2.0"": 0, ""4.0"": 0}",0.4603340011120802,0.9695534624636091,0.52,0.9978125,30,1,0
qld-v1,qld,0.5,LBQCD-D02-unequal-min030-K10,unequal,concentrated,LBQCD-D02-unequal-min030-K10/concentrated,0,update,0,0.7,30,30,0.011053900001570582,30,960,960,960,18432,6720.0,0,0,0,"{""0.2"": 0, ""0.5"": 0, ""1.0"": 0, ""2.0"": 0, ""4.0"": 0}",0.2682924087608458,0.7223972703608945,0.74,0.6134375000000001,30,1,0
rsr-M1024-f0.70-e,rsr,0.5,LBQCD-D02-unequal-min030-K10,unequal,concentrated,LBQCD-D02-unequal-min030-K10/concentrated,0,examples,1024,0.7,1,1,0.0035899999929824844,64,2048,1024,1024,0,20480.0,0,0,0,"{""0.2"": 0, ""0.5"": 0, ""1.0"": 0, ""2.0"": 0, ""4.0"": 0}",1.3536574197208964,1.590884662222404,0.0,1.62,1,1,0
rsr-M1024-f0.70-u,rsr,0.5,LBQCD-D02-unequal-min030-K10,unequal,concentrated,LBQCD-D02-unequal-min030-K10/concentrated,0,update,1024,0.7,30,30,0.10046119999606162,1353,43296,21792,21792,18432,430080.0,0,0,0,"{""0.2"": 0, ""0.5"": 0, ""1.0"": 0, ""2.0"": 0, ""4.0"": 0}",0.21813320420770266,0.6531742674099404,0.79,0.4496874999999999,30,1,0
rsr-M512-f0.70-e,rsr,0.5,LBQCD-D02-unequal-min030-K10,unequal,concentrated,LBQCD-D02-unequal-min030-K10/concentrated,0,examples,512,0.7,1,1,0.0022536000033142045,32,1024,512,512,0,9216.0,0,0,0,"{""0.2"": 0, ""0.5"": 0, ""1.0"": 0, ""2.0"": 0, ""4.0"": 0}",1.3540370559328134,1.5911412416043014,0.0,1.62,1,1,0
rsr-M512-f0.70-u,rsr,0.5,LBQCD-D02-unequal-min030-K10,unequal,concentrated,LBQCD-D02-unequal-min030-K10/concentrated,0,update,512,0.7,30,30,0.045930599997518584,681,21792,11040,11040,18432,193536.0,0,0,0,"{""0.2"": 0, ""0.5"": 0, ""1.0"": 0, ""2.0"": 0, ""4.0"": 0}",0.2289409351131213,0.6668252980269476,0.74,0.47671874999999997,30,1,0
paper-0.2,paper,0.2,LBQCD-D02-unequal-min030-K10,unequal,missing,LBQCD-D02-unequal-min030-K10/missing,0,update,0,0.0,30,30,0.009983600000850856,30,960,960,960,61440,0.0,0,0,0,"{""0.2"": 0, ""0.5"": 0, ""1.0"": 0, ""2.0"": 0, ""4.0"": 0}",0.46355436992212895,1.5017355500177434,0.7,0.6196875000000001,30,1,0
paper-0.5,paper,0.5,LBQCD-D02-unequal-min030-K10,unequal,missing,LBQCD-D02-unequal-min030-K10/missing,0,update,0,0.0,30,30,0.00937619998876471,30,960,960,960,61440,0.0,0,0,0,"{""0.2"": 0, ""0.5"": 0, ""1.0"": 0, ""2.0"": 0, ""4.0"": 0}",0.44423792250829064,1.4953339445768388,0.7899999999999999,0.6414062500000001,30,1,0
paper-1,paper,1.0,LBQCD-D02-unequal-min030-K10,unequal,missing,LBQCD-D02-unequal-min030-K10/missing,0,update,0,0.0,30,30,0.015031500006443821,30,960,960,960,61440,0.0,0,0,0,"{""0.2"": 0, ""0.5"": 0, ""1.0"": 0, ""2.0"": 0, ""4.0"": 0}",0.4350559349246279,1.4736328537457437,0.7899999999999999,0.6648437500000001,30,1,0
paper-2,paper,2.0,LBQCD-D02-unequal-min030-K10,unequal,missing,LBQCD-D02-unequal-min030-K10/missing,0,update,0,0.0,30,30,0.008779199997661635,30,960,960,960,61440,0.0,0,0,0,"{""0.2"": 0, ""0.5"": 0, ""1.0"": 0, ""2.0"": 0, ""4.0"": 0}",0.44797292756357554,1.459535390045294,0.7,0.65828125,30,1,0
paper-4,paper,4.0,LBQCD-D02-unequal-min030-K10,unequal,missing,LBQCD-D02-unequal-min030-K10/missing,0,update,0,0.0,30,30,0.008462099998723716,30,960,960,960,61440,0.0,0,0,0,"{""0.2"": 0, ""0.5"": 0, ""1.0"": 0, ""2.0"": 0, ""4.0"": 0}",0.5356525711052467,1.4615309738532913,0.6,0.77265625,30,1,0
qld-v1,qld,0.5,LBQCD-D02-unequal-min030-K10,unequal,missing,LBQCD-D02-unequal-min030-K10/missing,0,update,0,0.7,30,30,0.007672599997022189,30,960,960,960,18432,6720.0,0,0,0,"{""0.2"": 0, ""0.5"": 0, ""1.0"": 0, ""2.0"": 0, ""4.0"": 0}",0.514456431725135,1.5770078474613483,0.7,0.7234375000000001,30,1,0
rsr-M1024-f0.70-e,rsr,0.5,LBQCD-D02-unequal-min030-K10,unequal,missing,LBQCD-D02-unequal-min030-K10/missing,0,examples,1024,0.7,1,1,0.003482400003122166,64,2048,1024,1024,0,20480.0,0,0,0,"{""0.2"": 0, ""0.5"": 0, ""1.0"": 0, ""2.0"": 0, ""4.0"": 0}",1.6001212734273225,1.9628956181673771,0.33999999999999997,1.3275000000000001,1,1,0
rsr-M1024-f0.70-u,rsr,0.5,LBQCD-D02-unequal-min030-K10,unequal,missing,LBQCD-D02-unequal-min030-K10/missing,0,update,1024,0.7,30,30,0.09187850001035258,1353,43296,21792,21792,18432,430080.0,0,0,0,"{""0.2"": 0, ""0.5"": 0, ""1.0"": 0, ""2.0"": 0, ""4.0"": 0}",0.4674983085093445,1.5326373608825181,0.7899999999999999,0.6626562500000001,30,1,0
rsr-M512-f0.70-e,rsr,0.5,LBQCD-D02-unequal-min030-K10,unequal,missing,LBQCD-D02-unequal-min030-K10/missing,0,examples,512,0.7,1,1,0.0019900000042980537,32,1024,512,512,0,9216.0,0,0,0,"{""0.2"": 0, ""0.5"": 0, ""1.0"": 0, ""2.0"": 0, ""4.0"": 0}",1.5997085727861287,1.9623230245231815,0.33999999999999997,1.3235937500000001,1,1,0
rsr-M512-f0.70-u,rsr,0.5,LBQCD-D02-unequal-min030-K10,unequal,missing,LBQCD-D02-unequal-min030-K10/missing,0,update,512,0.7,30,30,0.059596099992631935,681,21792,11040,11040,18432,193536.0,0,0,0,"{""0.2"": 0, ""0.5"": 0, ""1.0"": 0, ""2.0"": 0, ""4.0"": 0}",0.46055087435033637,1.523473060312515,0.7899999999999999,0.6609375000000001,30,1,0
paper-0.2,paper,0.2,LBQCD-D03-unequal-min020-K12,unequal,concentrated,LBQCD-D03-unequal-min020-K12/concentrated,0,update,0,0.0,30,30,0.00908460000937339,30,960,960,960,61440,0.0,0,0,0,"{""0.2"": 0, ""0.5"": 0, ""1.0"": 0, ""2.0"": 0, ""4.0"": 0}",0.25634998634766637,0.8059197464158937,0.5699999999999998,0.8600000000000001,30,1,0
paper-0.5,paper,0.5,LBQCD-D03-unequal-min020-K12,unequal,concentrated,LBQCD-D03-unequal-min020-K12/concentrated,0,update,0,0.0,30,30,0.019635400007246062,30,960,960,960,61440,0.0,0,0,0,"{""0.2"": 0, ""0.5"": 0, ""1.0"": 0, ""2.0"": 0, ""4.0"": 0}",0.1973643816566777,0.6499755034007979,0.5699999999999998,0.888125,30,1,0
paper-1,paper,1.0,LBQCD-D03-unequal-min020-K12,unequal,concentrated,LBQCD-D03-unequal-min020-K12/concentrated,0,update,0,0.0,30,30,0.010910800003330223,30,960,960,960,61440,0.0,0,0,0,"{""0.2"": 0, ""0.5"": 0, ""1.0"": 0, ""2.0"": 0, ""4.0"": 0}",0.9052625943494323,1.6649427180371137,0.29999999999999993,1.2515625000000001,30,1,0
paper-2,paper,2.0,LBQCD-D03-unequal-min020-K12,unequal,concentrated,LBQCD-D03-unequal-min020-K12/concentrated,0,update,0,0.0,30,30,0.00896209999336861,30,960,960,960,61440,0.0,0,0,0,"{""0.2"": 0, ""0.5"": 0, ""1.0"": 0, ""2.0"": 0, ""4.0"": 0}",0.8732668955849658,1.6197001075022268,0.29999999999999993,1.2593750000000001,30,1,0
paper-4,paper,4.0,LBQCD-D03-unequal-min020-K12,unequal,concentrated,LBQCD-D03-unequal-min020-K12/concentrated,0,update,0,0.0,30,30,0.009000500009278767,30,960,960,960,61440,0.0,0,0,0,"{""0.2"": 0, ""0.5"": 0, ""1.0"": 0, ""2.0"": 0, ""4.0"": 0}",1.17978585108441,1.891274980359587,0.18999999999999995,1.62,30,1,0
qld-v1,qld,0.5,LBQCD-D03-unequal-min020-K12,unequal,concentrated,LBQCD-D03-unequal-min020-K12/concentrated,0,update,0,0.7,30,30,0.010870199999772012,30,960,960,960,18432,6720.0,0,0,0,"{""0.2"": 0, ""0.5"": 0, ""1.0"": 0, ""2.0"": 0, ""4.0"": 0}",0.30909585351332813,0.8562887560127221,0.5699999999999998,0.8646875,30,1,0
rsr-M1024-f0.70-e,rsr,0.5,LBQCD-D03-unequal-min020-K12,unequal,concentrated,LBQCD-D03-unequal-min020-K12/concentrated,0,examples,1024,0.7,1,1,0.0037115000013727695,64,2048,1024,1024,0,20480.0,0,0,0,"{""0.2"": 0, ""0.5"": 0, ""1.0"": 0, ""2.0"": 0, ""4.0"": 0}",1.5923346776781218,2.199509817356972,0.0,1.62,1,1,0
rsr-M1024-f0.70-u,rsr,0.5,LBQCD-D03-unequal-min020-K12,unequal,concentrated,LBQCD-D03-unequal-min020-K12/concentrated,0,update,1024,0.7,30,30,0.10550350000266917,1353,43296,21792,21792,18432,430080.0,0,0,0,"{""0.2"": 0, ""0.5"": 0, ""1.0"": 0, ""2.0"": 0, ""4.0"": 0}",0.285753799884068,0.8065339320746693,0.5699999999999998,0.8725,30,1,0
rsr-M512-f0.70-e,rsr,0.5,LBQCD-D03-unequal-min020-K12,unequal,concentrated,LBQCD-D03-unequal-min020-K12/concentrated,0,examples,512,0.7,1,1,0.0033356999920215458,32,1024,512,512,0,9216.0,0,0,0,"{""0.2"": 0, ""0.5"": 0, ""1.0"": 0, ""2.0"": 0, ""4.0"": 0}",1.592551376357461,2.199478037776954,0.0,1.62,1,1,0
rsr-M512-f0.70-u,rsr,0.5,LBQCD-D03-unequal-min020-K12,unequal,concentrated,LBQCD-D03-unequal-min020-K12/concentrated,0,update,512,0.7,30,30,0.0592729999916628,681,21792,11040,11040,18432,193536.0,0,0,0,"{""0.2"": 0, ""0.5"": 0, ""1.0"": 0, ""2.0"": 0, ""4.0"": 0}",0.2855786697718754,0.8047307190741214,0.5699999999999998,0.8725,30,1,0
paper-0.2,paper,0.2,LBQCD-D03-unequal-min020-K12,unequal,missing,LBQCD-D03-unequal-min020-K12/missing,0,update,0,0.0,30,30,0.0195918000099482,30,960,960,960,61440,0.0,0,0,0,"{""0.2"": 0, ""0.5"": 0, ""1.0"": 0, ""2.0"": 0, ""4.0"": 0}",2.7048342052066596,3.6237824501216718,0.43999999999999995,1.20171875,30,1,0
paper-0.5,paper,0.5,LBQCD-D03-unequal-min020-K12,unequal,missing,LBQCD-D03-unequal-min020-K12/missing,0,update,0,0.0,30,30,0.008079399995040148,30,960,960,960,61440,0.0,0,0,0,"{""0.2"": 0, ""0.5"": 0, ""1.0"": 0, ""2.0"": 0, ""4.0"": 0}",2.5836054669508384,3.5852205527448664,0.43999999999999995,1.15875,30,1,0
paper-1,paper,1.0,LBQCD-D03-unequal-min020-K12,unequal,missing,LBQCD-D03-unequal-min020-K12/missing,0,update,0,0.0,30,30,0.01377669999783393,30,960,960,960,61440,0.0,0,0,0,"{""0.2"": 0, ""0.5"": 0, ""1.0"": 0, ""2.0"": 0, ""4.0"": 0}",2.642198988994042,3.5555974333758598,0.43999999999999995,1.205625,30,1,0
paper-2,paper,2.0,LBQCD-D03-unequal-min020-K12,unequal,missing,LBQCD-D03-unequal-min020-K12/missing,0,update,0,0.0,30,30,0.011542299995198846,30,960,960,960,61440,0.0,0,0,0,"{""0.2"": 0, ""0.5"": 0, ""1.0"": 0, ""2.0"": 0, ""4.0"": 0}",2.949194829868617,3.5407515984754716,0.31999999999999995,1.29359375,30,1,0
paper-4,paper,4.0,LBQCD-D03-unequal-min020-K12,unequal,missing,LBQCD-D03-unequal-min020-K12/missing,0,update,0,0.0,30,30,0.011496200007968582,30,960,960,960,61440,0.0,0,0,0,"{""0.2"": 0, ""0.5"": 0, ""1.0"": 0, ""2.0"": 0, ""4.0"": 0}",3.3415847929983205,3.5473890710576406,0.31999999999999995,1.3704687500000001,30,1,0
qld-v1,qld,0.5,LBQCD-D03-unequal-min020-K12,unequal,missing,LBQCD-D03-unequal-min020-K12/missing,0,update,0,0.7,30,30,0.009353600005852059,30,960,960,960,18432,6720.0,0,0,0,"{""0.2"": 0, ""0.5"": 0, ""1.0"": 0, ""2.0"": 0, ""4.0"": 0}",2.909935757612268,3.6385570380206946,0.43999999999999995,1.1470312500000002,30,1,0
rsr-M1024-f0.70-e,rsr,0.5,LBQCD-D03-unequal-min020-K12,unequal,missing,LBQCD-D03-unequal-min020-K12/missing,0,examples,1024,0.7,1,1,0.0038231999933486804,64,2048,1024,1024,0,20480.0,0,0,0,"{""0.2"": 0, ""0.5"": 0, ""1.0"": 0, ""2.0"": 0, ""4.0"": 0}",4.687350389998317,3.9569226028311317,0.019999999999999997,1.94828125,1,1,0
rsr-M1024-f0.70-u,rsr,0.5,LBQCD-D03-unequal-min020-K12,unequal,missing,LBQCD-D03-unequal-min020-K12/missing,0,update,1024,0.7,30,30,0.0796243999939179,1353,43296,21792,21792,18432,430080.0,0,0,0,"{""0.2"": 0, ""0.5"": 0, ""1.0"": 0, ""2.0"": 0, ""4.0"": 0}",2.6720320613023194,3.6148912339021915,0.43999999999999995,1.2134375,30,1,0
rsr-M512-f0.70-e,rsr,0.5,LBQCD-D03-unequal-min020-K12,unequal,missing,LBQCD-D03-unequal-min020-K12/missing,0,examples,512,0.7,1,1,0.0021204999939072877,32,1024,512,512,0,9216.0,0,0,0,"{""0.2"": 0, ""0.5"": 0, ""1.0"": 0, ""2.0"": 0, ""4.0"": 0}",4.687490390349892,3.956844268945157,0.019999999999999997,1.94828125,1,1,0
rsr-M512-f0.70-u,rsr,0.5,LBQCD-D03-unequal-min020-K12,unequal,missing,LBQCD-D03-unequal-min020-K12/missing,0,update,512,0.7,30,30,0.05760279999230988,681,21792,11040,11040,18432,193536.0,0,0,0,"{""0.2"": 0, ""0.5"": 0, ""1.0"": 0, ""2.0"": 0, ""4.0"": 0}",2.6860083038271476,3.6182267835022923,0.43999999999999995,1.20953125,30,1,0
paper-0.2,paper,0.2,LBQCD-D04-unequal-min015-K14,unequal,concentrated,LBQCD-D04-unequal-min015-K14/concentrated,0,update,0,0.0,30,30,0.008658100006869063,30,960,960,960,61440,0.0,0,0,0,"{""0.2"": 0, ""0.5"": 0, ""1.0"": 0, ""2.0"": 0, ""4.0"": 0}",0.8803304470955093,1.621891748674853,0.495,0.9500000000000001,30,1,0
paper-0.5,paper,0.5,LBQCD-D04-unequal-min015-K14,unequal,concentrated,LBQCD-D04-unequal-min015-K14/concentrated,0,update,0,0.0,30,30,0.012340200002654456,30,960,960,960,61440,0.0,0,0,0,"{""0.2"": 0, ""0.5"": 0, ""1.0"": 0, ""2.0"": 0, ""4.0"": 0}",0.8203540995366598,1.5521227558692803,0.495,0.9500000000000001,30,1,0
paper-1,paper,1.0,LBQCD-D04-unequal-min015-K14,unequal,concentrated,LBQCD-D04-unequal-min015-K14/concentrated,0,update,0,0.0,30,30,0.0164985000010347,30,960,960,960,61440,0.0,0,0,0,"{""0.2"": 0, ""0.5"": 0, ""1.0"": 0, ""2.0"": 0, ""4.0"": 0}",1.1526558883394937,1.7392762779653466,0.38999999999999996,1.22,30,1,0
paper-2,paper,2.0,LBQCD-D04-unequal-min015-K14,unequal,concentrated,LBQCD-D04-unequal-min015-K14/concentrated,0,update,0,0.0,30,30,0.013520699998480268,30,960,960,960,61440,0.0,0,0,0,"{""0.2"": 0, ""0.5"": 0, ""1.0"": 0, ""2.0"": 0, ""4.0"": 0}",1.630884719490819,2.008719604931395,0.26,1.48,30,1,0
paper-4,paper,4.0,LBQCD-D04-unequal-min015-K14,unequal,concentrated,LBQCD-D04-unequal-min015-K14/concentrated,0,update,0,0.0,30,30,0.011159800007590093,30,960,960,960,61440,0.0,0,0,0,"{""0.2"": 0, ""0.5"": 0, ""1.0"": 0, ""2.0"": 0, ""4.0"": 0}",1.8925133142109098,2.1876929283905353,0.13,1.5799999999999998,30,1,0
qld-v1,qld,0.5,LBQCD-D04-unequal-min015-K14,unequal,concentrated,LBQCD-D04-unequal-min015-K14/concentrated,0,update,0,0.7,30,30,0.013875100004952401,30,960,960,960,18432,6720.0,0,0,0,"{""0.2"": 0, ""0.5"": 0, ""1.0"": 0, ""2.0"": 0, ""4.0"": 0}",1.0255425757350225,1.656609255017218,0.38999999999999996,1.22,30,1,0
rsr-M1024-f0.70-e,rsr,0.5,LBQCD-D04-unequal-min015-K14,unequal,concentrated,LBQCD-D04-unequal-min015-K14/concentrated,0,examples,1024,0.7,1,1,0.0050940000073751435,64,2048,1024,1024,0,20480.0,0,0,0,"{""0.2"": 0, ""0.5"": 0, ""1.0"": 0, ""2.0"": 0, ""4.0"": 0}",2.396655435837541,2.4904022021992542,0.0,1.74,1,1,0
rsr-M1024-f0.70-u,rsr,0.5,LBQCD-D04-unequal-min015-K14,unequal,concentrated,LBQCD-D04-unequal-min015-K14/concentrated,0,update,1024,0.7,30,30,0.12221710001176689,1353,43296,21792,21792,18432,430080.0,0,0,0,"{""0.2"": 0, ""0.5"": 0, ""1.0"": 0, ""2.0"": 0, ""4.0"": 0}",0.9602558092652886,1.6165943455025584,0.38999999999999996,1.13015625,30,1,0
rsr-M512-f0.70-e,rsr,0.5,LBQCD-D04-unequal-min015-K14,unequal,concentrated,LBQCD-D04-unequal-min015-K14/concentrated,0,examples,512,0.7,1,1,0.0019526999967638403,32,1024,512,512,0,9216.0,0,0,0,"{""0.2"": 0, ""0.5"": 0, ""1.0"": 0, ""2.0"": 0, ""4.0"": 0}",2.396659957484669,2.4903988680640334,0.0,1.74,1,1,0
rsr-M512-f0.70-u,rsr,0.5,LBQCD-D04-unequal-min015-K14,unequal,concentrated,LBQCD-D04-unequal-min015-K14/concentrated,0,update,512,0.7,30,30,0.0496117000002414,681,21792,11040,11040,18432,193536.0,0,0,0,"{""0.2"": 0, ""0.5"": 0, ""1.0"": 0, ""2.0"": 0, ""4.0"": 0}",0.9649540555751228,1.618892597912628,0.38999999999999996,1.13796875,30,1,0
paper-0.2,paper,0.2,LBQCD-D04-unequal-min015-K14,unequal,missing,LBQCD-D04-unequal-min015-K14/missing,0,update,0,0.0,30,30,0.012964300010935403,30,960,960,960,61440,0.0,0,0,0,"{""0.2"": 0, ""0.5"": 0, ""1.0"": 0, ""2.0"": 0, ""4.0"": 0}",1.019730168131662,2.229857099759285,0.695,0.6964062500000002,30,1,0
paper-0.5,paper,0.5,LBQCD-D04-unequal-min015-K14,unequal,missing,LBQCD-D04-unequal-min015-K14/missing,0,update,0,0.0,30,30,0.009936199989169836,30,960,960,960,61440,0.0,0,0,0,"{""0.2"": 0, ""0.5"": 0, ""1.0"": 0, ""2.0"": 0, ""4.0"": 0}",0.9466993977379303,2.1563286321076647,0.695,0.7667187500000002,30,1,0
paper-1,paper,1.0,LBQCD-D04-unequal-min015-K14,unequal,missing,LBQCD-D04-unequal-min015-K14/missing,0,update,0,0.0,30,30,0.009561400001985021,30,960,960,960,61440,0.0,0,0,0,"{""0.2"": 0, ""0.5"": 0, ""1.0"": 0, ""2.0"": 0, ""4.0"": 0}",0.9412833376351046,2.139022434232132,0.695,0.8204687500000002,30,1,0
paper-2,paper,2.0,LBQCD-D04-unequal-min015-K14,unequal,missing,LBQCD-D04-unequal-min015-K14/missing,0,update,0,0.0,30,30,0.015703500001109205,30,960,960,960,61440,0.0,0,0,0,"{""0.2"": 0, ""0.5"": 0, ""1.0"": 0, ""2.0"": 0, ""4.0"": 0}",0.955430910872269,2.1449507142461144,0.695,0.7862500000000002,30,1,0
paper-4,paper,4.0,LBQCD-D04-unequal-min015-K14,unequal,missing,LBQCD-D04-unequal-min015-K14/missing,0,update,0,0.0,30,30,0.009264299995265901,30,960,960,960,61440,0.0,0,0,0,"{""0.2"": 0, ""0.5"": 0, ""1.0"": 0, ""2.0"": 0, ""4.0"": 0}",1.0478668669503381,2.173088160829465,0.615,0.8234375000000002,30,1,0
qld-v1,qld,0.5,LBQCD-D04-unequal-min015-K14,unequal,missing,LBQCD-D04-unequal-min015-K14/missing,0,update,0,0.7,30,30,0.007142500006011687,30,960,960,960,18432,6720.0,0,0,0,"{""0.2"": 0, ""0.5"": 0, ""1.0"": 0, ""2.0"": 0, ""4.0"": 0}",1.003835155713733,2.204554107886164,0.695,0.8478125000000002,30,1,0
rsr-M1024-f0.70-e,rsr,0.5,LBQCD-D04-unequal-min015-K14,unequal,missing,LBQCD-D04-unequal-min015-K14/missing,0,examples,1024,0.7,1,1,0.004869700002018362,64,2048,1024,1024,0,20480.0,0,0,0,"{""0.2"": 0, ""0.5"": 0, ""1.0"": 0, ""2.0"": 0, ""4.0"": 0}",2.2935417236532016,2.7256683331413973,0.30000000000000004,1.4,1,1,0
rsr-M1024-f0.70-u,rsr,0.5,LBQCD-D04-unequal-min015-K14,unequal,missing,LBQCD-D04-unequal-min015-K14/missing,0,update,1024,0.7,30,30,0.11948829999892041,1353,43296,21792,21792,18432,430080.0,0,0,0,"{""0.2"": 0, ""0.5"": 0, ""1.0"": 0, ""2.0"": 0, ""4.0"": 0}",0.9087872915621209,2.0960918177440493,0.7649999999999999,0.7859375000000001,30,1,0
rsr-M512-f0.70-e,rsr,0.5,LBQCD-D04-unequal-min015-K14,unequal,missing,LBQCD-D04-unequal-min015-K14/missing,0,examples,512,0.7,1,1,0.002386300009675324,32,1024,512,512,0,9216.0,0,0,0,"{""0.2"": 0, ""0.5"": 0, ""1.0"": 0, ""2.0"": 0, ""4.0"": 0}",2.292967569295329,2.7248109456738505,0.30000000000000004,1.4,1,1,0
rsr-M512-f0.70-u,rsr,0.5,LBQCD-D04-unequal-min015-K14,unequal,missing,LBQCD-D04-unequal-min015-K14/missing,0,update,512,0.7,30,30,0.0447619000042323,681,21792,11040,11040,18432,193536.0,0,0,0,"{""0.2"": 0, ""0.5"": 0, ""1.0"": 0, ""2.0"": 0, ""4.0"": 0}",0.9076043802034244,2.096401029013689,0.7649999999999999,0.7742187500000001,30,1,0
paper-0.2,paper,0.2,LBQCD-D05-unequal-min010-K18,unequal,concentrated,LBQCD-D05-unequal-min010-K18/concentrated,0,update,0,0.0,30,30,0.0076299000065773726,30,960,960,960,61440,0.0,0,0,0,"{""0.2"": 0, ""0.5"": 0, ""1.0"": 0, ""2.0"": 0, ""4.0"": 0}",0.33660596140195764,1.1384337386358065,0.4658823529411764,1.0174540441176472,30,1,0
paper-0.5,paper,0.5,LBQCD-D05-unequal-min010-K18,unequal,concentrated,LBQCD-D05-unequal-min010-K18/concentrated,0,update,0,0.0,30,30,0.007451400000718422,30,960,960,960,61440,0.0,0,0,0,"{""0.2"": 0, ""0.5"": 0, ""1.0"": 0, ""2.0"": 0, ""4.0"": 0}",0.2155930220822837,0.8621452353622635,0.5823529411764705,0.8352941176470589,30,1,0
paper-1,paper,1.0,LBQCD-D05-unequal-min010-K18,unequal,concentrated,LBQCD-D05-unequal-min010-K18/concentrated,0,update,0,0.0,30,30,0.011904300001333468,30,960,960,960,61440,0.0,0,0,0,"{""0.2"": 0, ""0.5"": 0, ""1.0"": 0, ""2.0"": 0, ""4.0"": 0}",0.21040704921643538,0.837045205422638,0.5823529411764705,0.842389705882353,30,1,0
paper-2,paper,2.0,LBQCD-D05-unequal-min010-K18,unequal,concentrated,LBQCD-D05-unequal-min010-K18/concentrated,0,update,0,0.0,30,30,0.007711500002187677,30,960,960,960,61440,0.0,0,0,0,"{""0.2"": 0, ""0.5"": 0, ""1.0"": 0, ""2.0"": 0, ""4.0"": 0}",0.2288225546858884,0.8822087780733209,0.5823529411764705,0.8352941176470589,30,1,0
paper-4,paper,4.0,LBQCD-D05-unequal-min010-K18,unequal,concentrated,LBQCD-D05-unequal-min010-K18/concentrated,0,update,0,0.0,30,30,0.010378499995567836,30,960,960,960,61440,0.0,0,0,0,"{""0.2"": 0, ""0.5"": 0, ""1.0"": 0, ""2.0"": 0, ""4.0"": 0}",0.48861170640426366,1.3621380914776917,0.3494117647058823,1.071424632352941,30,1,0
qld-v1,qld,0.5,LBQCD-D05-unequal-min010-K18,unequal,concentrated,LBQCD-D05-unequal-min010-K18/concentrated,0,update,0,0.7,30,30,0.009458699991228059,30,960,960,960,18432,6720.0,0,0,0,"{""0.2"": 0, ""0.5"": 0, ""1.0"": 0, ""2.0"": 0, ""4.0"": 0}",0.5295706489061933,1.4433207436019828,0.3494117647058823,1.164457720588235,30,1,0
rsr-M1024-f0.70-e,rsr,0.5,LBQCD-D05-unequal-min010-K18,unequal,concentrated,LBQCD-D05-unequal-min010-K18/concentrated,0,examples,1024,0.7,1,1,0.006558599998243153,64,2048,1024,1024,0,20480.0,0,0,0,"{""0.2"": 0, ""0.5"": 0, ""1.0"": 0, ""2.0"": 0, ""4.0"": 0}",1.5670427256390616,2.4195444166803575,0.0,1.7670588235294113,1,1,0
rsr-M1024-f0.70-u,rsr,0.5,LBQCD-D05-unequal-min010-K18,unequal,concentrated,LBQCD-D05-unequal-min010-K18/concentrated,0,update,1024,0.7,30,30,0.1195923000050243,1353,43296,21792,21792,18432,430080.0,0,0,0,"{""0.2"": 0, ""0.5"": 0, ""1.0"": 0, ""2.0"": 0, ""4.0"": 0}",0.4239014923206974,1.2667996425990515,0.4658823529411764,1.0682352941176472,30,1,0
rsr-M512-f0.70-e,rsr,0.5,LBQCD-D05-unequal-min010-K18,unequal,concentrated,LBQCD-D05-unequal-min010-K18/concentrated,0,examples,512,0.7,1,1,0.0028620999946724623,32,1024,512,512,0,9216.0,0,0,0,"{""0.2"": 0, ""0.5"": 0, ""1.0"": 0, ""2.0"": 0, ""4.0"": 0}",1.5671729895604587,2.419549597016947,0.0,1.7670588235294113,1,1,0
rsr-M512-f0.70-u,rsr,0.5,LBQCD-D05-unequal-min010-K18,unequal,concentrated,LBQCD-D05-unequal-min010-K18/concentrated,0,update,512,0.7,30,30,0.06305219999921974,681,21792,11040,11040,18432,193536.0,0,0,0,"{""0.2"": 0, ""0.5"": 0, ""1.0"": 0, ""2.0"": 0, ""4.0"": 0}",0.42585136700551374,1.2732338175949134,0.4658823529411764,1.0682352941176472,30,1,0
paper-0.2,paper,0.2,LBQCD-D05-unequal-min010-K18,unequal,missing,LBQCD-D05-unequal-min010-K18/missing,0,update,0,0.0,30,30,0.01204390000202693,30,960,960,960,61440,0.0,0,0,0,"{""0.2"": 0, ""0.5"": 0, ""1.0"": 0, ""2.0"": 0, ""4.0"": 0}",3.839604819206043,4.358245194349,0.41764705882352937,1.2413970588235292,30,1,0
paper-0.5,paper,0.5,LBQCD-D05-unequal-min010-K18,unequal,missing,LBQCD-D05-unequal-min010-K18/missing,0,update,0,0.0,30,30,0.0096956999914255,30,960,960,960,61440,0.0,0,0,0,"{""0.2"": 0, ""0.5"": 0, ""1.0"": 0, ""2.0"": 0, ""4.0"": 0}",3.566487373533195,4.259489943052298,0.41764705882352937,1.2367738970588231,30,1,0
paper-1,paper,1.0,LBQCD-D05-unequal-min010-K18,unequal,missing,LBQCD-D05-unequal-min010-K18/missing,0,update,0,0.0,30,30,0.01220320000720676,30,960,960,960,61440,0.0,0,0,0,"{""0.2"": 0, ""0.5"": 0, ""1.0"": 0, ""2.0"": 0, ""4.0"": 0}",3.6177862247844184,4.250986538953635,0.41764705882352937,1.2641176470588231,30,1,0
paper-2,paper,2.0,LBQCD-D05-unequal-min010-K18,unequal,missing,LBQCD-D05-unequal-min010-K18/missing,0,update,0,0.0,30,30,0.008548599987989292,30,960,960,960,61440,0.0,0,0,0,"{""0.2"": 0, ""0.5"": 0, ""1.0"": 0, ""2.0"": 0, ""4.0"": 0}",3.865106918381356,4.246889882043751,0.3594117647058823,1.2843658088235292,30,1,0
paper-4,paper,4.0,LBQCD-D05-unequal-min010-K18,unequal,missing,LBQCD-D05-unequal-min010-K18/missing,0,update,0,0.0,30,30,0.009137000000919215,30,960,960,960,61440,0.0,0,0,0,"{""0.2"": 0, ""0.5"": 0, ""1.0"": 0, ""2.0"": 0, ""4.0"": 0}",4.288072541134835,4.218470793769949,0.24294117647058822,1.4594301470588231,30,1,0
qld-v1,qld,0.5,LBQCD-D05-unequal-min010-K18,unequal,missing,LBQCD-D05-unequal-min010-K18/missing,0,update,0,0.7,30,30,0.0092105000076117,30,960,960,960,18432,6720.0,0,0,0,"{""0.2"": 0, ""0.5"": 0, ""1.0"": 0, ""2.0"": 0, ""4.0"": 0}",3.9068075366931945,4.337117532623137,0.3594117647058823,1.2836488970588231,30,1,0
rsr-M1024-f0.70-e,rsr,0.5,LBQCD-D05-unequal-min010-K18,unequal,missing,LBQCD-D05-unequal-min010-K18/missing,0,examples,1024,0.7,1,1,0.00569309999991674,64,2048,1024,1024,0,20480.0,0,0,0,"{""0.2"": 0, ""0.5"": 0, ""1.0"": 0, ""2.0"": 0, ""4.0"": 0}",6.442107417571079,4.859430926896327,0.010000000000000009,1.9565625,1,1,0
rsr-M1024-f0.70-u,rsr,0.5,LBQCD-D05-unequal-min010-K18,unequal,missing,LBQCD-D05-unequal-min010-K18/missing,0,update,1024,0.7,30,30,0.10163499999907799,1353,43296,21792,21792,18432,430080.0,0,0,0,"{""0.2"": 0, ""0.5"": 0, ""1.0"": 0, ""2.0"": 0, ""4.0"": 0}",3.7230349331127837,4.302190397099354,0.41764705882352937,1.2367738970588231,30,1,0
rsr-M512-f0.70-e,rsr,0.5,LBQCD-D05-unequal-min010-K18,unequal,missing,LBQCD-D05-unequal-min010-K18/missing,0,examples,512,0.7,1,1,0.0034318999969400465,32,1024,512,512,0,9216.0,0,0,0,"{""0.2"": 0, ""0.5"": 0, ""1.0"": 0, ""2.0"": 0, ""4.0"": 0}",6.442284767161833,4.859464990833671,0.010000000000000009,1.9565625,1,1,0
rsr-M512-f0.70-u,rsr,0.5,LBQCD-D05-unequal-min010-K18,unequal,missing,LBQCD-D05-unequal-min010-K18/missing,0,update,512,0.7,30,30,0.06559430000197608,681,21792,11040,11040,18432,193536.0,0,0,0,"{""0.2"": 0, ""0.5"": 0, ""1.0"": 0, ""2.0"": 0, ""4.0"": 0}",3.743835221437698,4.305547381756355,0.41764705882352937,1.2445863970588231,30,1,0
paper-0.2,paper,0.2,LBQCD-D06-unequal-min005-K20,unequal,concentrated,LBQCD-D06-unequal-min005-K20/concentrated,0,update,0,0.0,30,30,0.014679800005978905,30,960,960,960,61440,0.0,0,0,0,"{""0.2"": 0, ""0.5"": 0, ""1.0"": 0, ""2.0"": 0, ""4.0"": 0}",1.0660851696319398,2.1542778109907115,0.3142105263157896,1.2778289473684212,30,1,0
paper-0.5,paper,0.5,LBQCD-D06-unequal-min005-K20,unequal,concentrated,LBQCD-D06-unequal-min005-K20/concentrated,0,update,0,0.0,30,30,0.014475799995125271,30,960,960,960,61440,0.0,0,0,0,"{""0.2"": 0, ""0.5"": 0, ""1.0"": 0, ""2.0"": 0, ""4.0"": 0}",0.9168534746252259,1.9501817980446812,0.41894736842105273,1.1621052631578948,30,1,0
paper-1,paper,1.0,LBQCD-D06-unequal-min005-K20,unequal,concentrated,LBQCD-D06-unequal-min005-K20/concentrated,0,update,0,0.0,30,30,0.014010099999723025,30,960,960,960,61440,0.0,0,0,0,"{""0.2"": 0, ""0.5"": 0, ""1.0"": 0, ""2.0"": 0, ""4.0"": 0}",0.8923161381407221,1.9157775361203289,0.41894736842105273,1.1621052631578948,30,1,0
paper-2,paper,2.0,LBQCD-D06-unequal-min005-K20,unequal,concentrated,LBQCD-D06-unequal-min005-K20/concentrated,0,update,0,0.0,30,30,0.020868200008408166,30,960,960,960,61440,0.0,0,0,0,"{""0.2"": 0, ""0.5"": 0, ""1.0"": 0, ""2.0"": 0, ""4.0"": 0}",0.9368234098679995,1.978476092574012,0.3142105263157896,1.1621052631578948,30,1,0
paper-4,paper,4.0,LBQCD-D06-unequal-min005-K20,unequal,concentrated,LBQCD-D06-unequal-min005-K20/concentrated,0,update,0,0.0,30,30,0.013852999996743165,30,960,960,960,61440,0.0,0,0,0,"{""0.2"": 0, ""0.5"": 0, ""1.0"": 0, ""2.0"": 0, ""4.0"": 0}",1.135535019063325,2.262714398310238,0.3142105263157896,1.3598601973684212,30,1,0
qld-v1,qld,0.5,LBQCD-D06-unequal-min005-K20,unequal,concentrated,LBQCD-D06-unequal-min005-K20/concentrated,0,update,0,0.7,30,30,0.012973899996723048,30,960,960,960,18432,6720.0,0,0,0,"{""0.2"": 0, ""0.5"": 0, ""1.0"": 0, ""2.0"": 0, ""4.0"": 0}",1.2614763361562193,2.4068957408540874,0.3142105263157896,1.3715789473684212,30,1,0
rsr-M1024-f0.70-e,rsr,0.5,LBQCD-D06-unequal-min005-K20,unequal,concentrated,LBQCD-D06-unequal-min005-K20/concentrated,0,examples,1024,0.7,1,1,0.004280799999833107,64,2048,1024,1024,0,20480.0,0,0,0,"{""0.2"": 0, ""0.5"": 0, ""1.0"": 0, ""2.0"": 0, ""4.0"": 0}",2.469287621336564,3.515741794375063,0.0,1.790526315789474,1,1,0
rsr-M1024-f0.70-u,rsr,0.5,LBQCD-D06-unequal-min005-K20,unequal,concentrated,LBQCD-D06-unequal-min005-K20/concentrated,0,update,1024,0.7,30,30,0.11852910000015981,1353,43296,21792,21792,18432,430080.0,0,0,0,"{""0.2"": 0, ""0.5"": 0, ""1.0"": 0, ""2.0"": 0, ""4.0"": 0}",1.1987573510843283,2.3482651940213457,0.3142105263157896,1.3715789473684212,30,1,0
rsr-M512-f0.70-e,rsr,0.5,LBQCD-D06-unequal-min005-K20,unequal,concentrated,LBQCD-D06-unequal-min005-K20/concentrated,0,examples,512,0.7,1,1,0.003385000003618188,32,1024,512,512,0,9216.0,0,0,0,"{""0.2"": 0, ""0.5"": 0, ""1.0"": 0, ""2.0"": 0, ""4.0"": 0}",2.4693607165049514,3.515675413684235,0.0,1.790526315789474,1,1,0
rsr-M512-f0.70-u,rsr,0.5,LBQCD-D06-unequal-min005-K20,unequal,concentrated,LBQCD-D06-unequal-min005-K20/concentrated,0,update,512,0.7,30,30,0.07918830000562593,681,21792,11040,11040,18432,193536.0,0,0,0,"{""0.2"": 0, ""0.5"": 0, ""1.0"": 0, ""2.0"": 0, ""4.0"": 0}",1.2104822836211895,2.349900167045879,0.3142105263157896,1.3715789473684212,30,1,0
paper-0.2,paper,0.2,LBQCD-D06-unequal-min005-K20,unequal,missing,LBQCD-D06-unequal-min005-K20/missing,0,update,0,0.0,30,30,0.011534400007803924,30,960,960,960,61440,0.0,0,0,0,"{""0.2"": 0, ""0.5"": 0, ""1.0"": 0, ""2.0"": 0, ""4.0"": 0}",4.437534986963396,6.0230898794169265,0.3665789473684212,1.266842105263158,30,1,0
paper-0.5,paper,0.5,LBQCD-D06-unequal-min005-K20,unequal,missing,LBQCD-D06-unequal-min005-K20/missing,0,update,0,0.0,30,30,0.01415370000177063,30,960,960,960,61440,0.0,0,0,0,"{""0.2"": 0, ""0.5"": 0, ""1.0"": 0, ""2.0"": 0, ""4.0"": 0}",3.8668461144347805,5.848053045986112,0.3665789473684212,1.2302220394736842,30,1,0
paper-1,paper,1.0,LBQCD-D06-unequal-min005-K20,unequal,missing,LBQCD-D06-unequal-min005-K20/missing,0,update,0,0.0,30,30,0.014075500002945773,30,960,960,960,61440,0.0,0,0,0,"{""0.2"": 0, ""0.5"": 0, ""1.0"": 0, ""2.0"": 0, ""4.0"": 0}",3.6049032752402894,5.780711311136359,0.41894736842105273,1.2263157894736845,30,1,0
paper-2,paper,2.0,LBQCD-D06-unequal-min005-K20,unequal,missing,LBQCD-D06-unequal-min005-K20/missing,0,update,0,0.0,30,30,0.012836500012781471,30,960,960,960,61440,0.0,0,0,0,"{""0.2"": 0, ""0.5"": 0, ""1.0"": 0, ""2.0"": 0, ""4.0"": 0}",3.576473855409132,5.742643928220168,0.41894736842105273,1.2426726973684212,30,1,0
paper-4,paper,4.0,LBQCD-D06-unequal-min005-K20,unequal,missing,LBQCD-D06-unequal-min005-K20/missing,0,update,0,0.0,30,30,0.018463199987309054,30,960,960,960,61440,0.0,0,0,0,"{""0.2"": 0, ""0.5"": 0, ""1.0"": 0, ""2.0"": 0, ""4.0"": 0}",3.841780417665637,5.735893525910165,0.3665789473684212,1.266842105263158,30,1,0
qld-v1,qld,0.5,LBQCD-D06-unequal-min005-K20,unequal,missing,LBQCD-D06-unequal-min005-K20/missing,0,update,0,0.7,30,30,0.011377999995602295,30,960,960,960,18432,6720.0,0,0,0,"{""0.2"": 0, ""0.5"": 0, ""1.0"": 0, ""2.0"": 0, ""4.0"": 0}",3.97136794617038,5.863123554843347,0.3665789473684212,1.2895476973684212,30,1,0
rsr-M1024-f0.70-e,rsr,0.5,LBQCD-D06-unequal-min005-K20,unequal,missing,LBQCD-D06-unequal-min005-K20/missing,0,examples,1024,0.7,1,1,0.012869900005171075,64,2048,1024,1024,0,20480.0,0,0,0,"{""0.2"": 0, ""0.5"": 0, ""1.0"": 0, ""2.0"": 0, ""4.0"": 0}",7.287168414279421,6.571758780426143,0.10473684210526318,1.790526315789474,1,1,0
rsr-M1024-f0.70-u,rsr,0.5,LBQCD-D06-unequal-min005-K20,unequal,missing,LBQCD-D06-unequal-min005-K20/missing,0,update,1024,0.7,30,30,0.11324839999724645,1353,43296,21792,21792,18432,430080.0,0,0,0,"{""0.2"": 0, ""0.5"": 0, ""1.0"": 0, ""2.0"": 0, ""4.0"": 0}",3.7061042363914876,5.824791240043064,0.41894736842105273,1.2185032894736845,30,1,0
rsr-M512-f0.70-e,rsr,0.5,LBQCD-D06-unequal-min005-K20,unequal,missing,LBQCD-D06-unequal-min005-K20/missing,0,examples,512,0.7,1,1,0.003235399999539368,32,1024,512,512,0,9216.0,0,0,0,"{""0.2"": 0, ""0.5"": 0, ""1.0"": 0, ""2.0"": 0, ""4.0"": 0}",7.287324089956828,6.571550807733624,0.10473684210526318,1.790526315789474,1,1,0
rsr-M512-f0.70-u,rsr,0.5,LBQCD-D06-unequal-min005-K20,unequal,missing,LBQCD-D06-unequal-min005-K20/missing,0,update,512,0.7,30,30,0.057383999999728985,681,21792,11040,11040,18432,193536.0,0,0,0,"{""0.2"": 0, ""0.5"": 0, ""1.0"": 0, ""2.0"": 0, ""4.0"": 0}",3.7218244455279272,5.828521144430463,0.41894736842105273,1.2270476973684212,30,1,0
paper-0.2,paper,0.2,LBQCD-D07-equal-K9,control-equal,concentrated,LBQCD-D07-equal-K9/concentrated,0,update,0,0.0,30,30,0.01653009999427013,30,960,960,960,61440,0.0,0,0,0,"{""0.2"": 0, ""0.5"": 0, ""1.0"": 0, ""2.0"": 0, ""4.0"": 0}",0.026307536372208062,0.24287056539138496,0.7777777777777779,0.5564236111111112,30,1,0
paper-0.5,paper,0.5,LBQCD-D07-equal-K9,control-equal,concentrated,LBQCD-D07-equal-K9/concentrated,0,update,0,0.0,30,30,0.012361300003249198,30,960,960,960,61440,0.0,0,0,0,"{""0.2"": 0, ""0.5"": 0, ""1.0"": 0, ""2.0"": 0, ""4.0"": 0}",0.02930093481487006,0.26454758509142573,0.7777777777777779,0.5989583333333333,30,1,0
paper-1,paper,1.0,LBQCD-D07-equal-K9,control-equal,concentrated,LBQCD-D07-equal-K9/concentrated,0,update,0,0.0,30,30,0.011046600004192442,30,960,960,960,61440,0.0,0,0,0,"{""0.2"": 0, ""0.5"": 0, ""1.0"": 0, ""2.0"": 0, ""4.0"": 0}",0.028820105338239088,0.26183397615141973,0.7777777777777779,0.5759548611111112,30,1,0
paper-2,paper,2.0,LBQCD-D07-equal-K9,control-equal,concentrated,LBQCD-D07-equal-K9/concentrated,0,update,0,0.0,30,30,0.009656800000811927,30,960,960,960,61440,0.0,0,0,0,"{""0.2"": 0, ""0.5"": 0, ""1.0"": 0, ""2.0"": 0, ""4.0"": 0}",0.03545775853037991,0.28200930887419573,0.7777777777777779,0.5447048611111112,30,1,0
paper-4,paper,4.0,LBQCD-D07-equal-K9,control-equal,concentrated,LBQCD-D07-equal-K9/concentrated,0,update,0,0.0,30,30,0.007955100008985028,30,960,960,960,61440,0.0,0,0,0,"{""0.2"": 0, ""0.5"": 0, ""1.0"": 0, ""2.0"": 0, ""4.0"": 0}",0.07438034461391796,0.3692820666672024,0.7777777777777779,0.4513888888888889,30,1,0
qld-v1,qld,0.5,LBQCD-D07-equal-K9,control-equal,concentrated,LBQCD-D07-equal-K9/concentrated,0,update,0,0.7,30,30,0.015311800001654774,30,960,960,960,18432,6720.0,0,0,0,"{""0.2"": 0, ""0.5"": 0, ""1.0"": 0, ""2.0"": 0, ""4.0"": 0}",0.05920850391691879,0.3507428727961002,0.7777777777777779,0.4908854166666667,30,1,0
rsr-M1024-f0.70-e,rsr,0.5,LBQCD-D07-equal-K9,control-equal,concentrated,LBQCD-D07-equal-K9/concentrated,0,examples,1024,0.7,1,1,0.004373200004920363,64,2048,1024,1024,0,20480.0,0,0,0,"{""0.2"": 0, ""0.5"": 0, ""1.0"": 0, ""2.0"": 0, ""4.0"": 0}",1.0077637093103524,1.514921315629809,0.1111111111111111,1.777777777777778,1,1,0
rsr-M1024-f0.70-u,rsr,0.5,LBQCD-D07-equal-K9,control-equal,concentrated,LBQCD-D07-equal-K9/concentrated,0,update,1024,0.7,30,30,0.11256870000215713,1353,43296,21792,21792,18432,430080.0,0,0,0,"{""0.2"": 0, ""0.5"": 0, ""1.0"": 0, ""2.0"": 0, ""4.0"": 0}",0.05881439381350706,0.35894645485462395,0.7777777777777779,0.4943576388888889,30,1,0
rsr-M512-f0.70-e,rsr,0.5,LBQCD-D07-equal-K9,control-equal,concentrated,LBQCD-D07-equal-K9/concentrated,0,examples,512,0.7,1,1,0.0022915000008651987,32,1024,512,512,0,9216.0,0,0,0,"{""0.2"": 0, ""0.5"": 0, ""1.0"": 0, ""2.0"": 0, ""4.0"": 0}",1.0077689789331483,1.5149277598185042,0.1111111111111111,1.777777777777778,1,1,0
rsr-M512-f0.70-u,rsr,0.5,LBQCD-D07-equal-K9,control-equal,concentrated,LBQCD-D07-equal-K9/concentrated,0,update,512,0.7,30,30,0.07282499999564607,681,21792,11040,11040,18432,193536.0,0,0,0,"{""0.2"": 0, ""0.5"": 0, ""1.0"": 0, ""2.0"": 0, ""4.0"": 0}",0.05158878995630678,0.34249394185689686,0.7777777777777779,0.4943576388888889,30,1,0
paper-0.2,paper,0.2,LBQCD-D07-equal-K9,control-equal,missing,LBQCD-D07-equal-K9/missing,0,update,0,0.0,30,30,0.012666599999647588,30,960,960,960,61440,0.0,0,0,0,"{""0.2"": 0, ""0.5"": 0, ""1.0"": 0, ""2.0"": 0, ""4.0"": 0}",1.4450871174040625,2.2850634305163746,0.5555555555555556,0.8962673611111112,30,1,0
paper-0.5,paper,0.5,LBQCD-D07-equal-K9,control-equal,missing,LBQCD-D07-equal-K9/missing,0,update,0,0.0,30,30,0.015756799999508075,30,960,960,960,61440,0.0,0,0,0,"{""0.2"": 0, ""0.5"": 0, ""1.0"": 0, ""2.0"": 0, ""4.0"": 0}",1.350165788879611,2.2525328002408007,0.5555555555555556,0.9431423611111112,30,1,0
paper-1,paper,1.0,LBQCD-D07-equal-K9,control-equal,missing,LBQCD-D07-equal-K9/missing,0,update,0,0.0,30,30,0.015055500000016764,30,960,960,960,61440,0.0,0,0,0,"{""0.2"": 0, ""0.5"": 0, ""1.0"": 0, ""2.0"": 0, ""4.0"": 0}",1.3645231863084204,2.2330587204390504,0.5555555555555556,0.9157986111111112,30,1,0
paper-2,paper,2.0,LBQCD-D07-equal-K9,control-equal,missing,LBQCD-D07-equal-K9/missing,0,update,0,0.0,30,30,0.01237869999022223,30,960,960,960,61440,0.0,0,0,0,"{""0.2"": 0, ""0.5"": 0, ""1.0"": 0, ""2.0"": 0, ""4.0"": 0}",1.6174104797932132,2.1998585878615144,0.4444444444444444,1.1223958333333335,30,1,0
paper-4,paper,4.0,LBQCD-D07-equal-K9,control-equal,missing,LBQCD-D07-equal-K9/missing,0,update,0,0.0,30,30,0.01454629999352619,30,960,960,960,61440,0.0,0,0,0,"{""0.2"": 0, ""0.5"": 0, ""1.0"": 0, ""2.0"": 0, ""4.0"": 0}",2.0320258695859135,2.183775664219329,0.2222222222222222,1.4735243055555556,30,1,0
qld-v1,qld,0.5,LBQCD-D07-equal-K9,control-equal,missing,LBQCD-D07-equal-K9/missing,0,update,0,0.7,30,30,0.01579979999223724,30,960,960,960,18432,6720.0,0,0,0,"{""0.2"": 0, ""0.5"": 0, ""1.0"": 0, ""2.0"": 0, ""4.0"": 0}",1.5338728058356317,2.331031655348005,0.5555555555555556,1.0134548611111112,30,1,0
rsr-M1024-f0.70-e,rsr,0.5,LBQCD-D07-equal-K9,control-equal,missing,LBQCD-D07-equal-K9/missing,0,examples,1024,0.7,1,1,0.006080199993448332,64,2048,1024,1024,0,20480.0,0,0,0,"{""0.2"": 0, ""0.5"": 0, ""1.0"": 0, ""2.0"": 0, ""4.0"": 0}",2.9955474636058392,2.6365970193936836,0.1111111111111111,1.777777777777778,1,1,0
rsr-M1024-f0.70-u,rsr,0.5,LBQCD-D07-equal-K9,control-equal,missing,LBQCD-D07-equal-K9/missing,0,update,1024,0.7,30,30,0.12978989999101032,1353,43296,21792,21792,18432,430080.0,0,0,0,"{""0.2"": 0, ""0.5"": 0, ""1.0"": 0, ""2.0"": 0, ""4.0"": 0}",1.4420816169400368,2.31087622464679,0.5555555555555556,0.9392361111111112,30,1,0
rsr-M512-f0.70-e,rsr,0.5,LBQCD-D07-equal-K9,control-equal,missing,LBQCD-D07-equal-K9/missing,0,examples,512,0.7,1,1,0.0034327999892411754,32,1024,512,512,0,9216.0,0,0,0,"{""0.2"": 0, ""0.5"": 0, ""1.0"": 0, ""2.0"": 0, ""4.0"": 0}",2.9955724083722934,2.6366241119343288,0.1111111111111111,1.777777777777778,1,1,0
rsr-M512-f0.70-u,rsr,0.5,LBQCD-D07-equal-K9,control-equal,missing,LBQCD-D07-equal-K9/missing,0,update,512,0.7,30,30,0.07057039999926928,681,21792,11040,11040,18432,193536.0,0,0,0,"{""0.2"": 0, ""0.5"": 0, ""1.0"": 0, ""2.0"": 0, ""4.0"": 0}",1.4357889318458645,2.311891776501149,0.5555555555555556,0.9314236111111112,30,1,0
paper-0.2,paper,0.2,LBQCD-D08-hetero-K15,control-heteroscedastic,concentrated,LBQCD-D08-hetero-K15/concentrated,0,update,0,0.0,30,30,0.016211400012252852,30,960,960,960,61440,0.0,0,0,0,"{""0.2"": 0, ""0.5"": 0, ""1.0"": 0, ""2.0"": 0, ""4.0"": 0}",0.1964001508373565,0.6890994559031524,0.6,0.8635416666666667,30,1,0
paper-0.5,paper,0.5,LBQCD-D08-hetero-K15,control-heteroscedastic,concentrated,LBQCD-D08-hetero-K15/concentrated,0,update,0,0.0,30,30,0.010876400003326125,30,960,960,960,61440,0.0,0,0,0,"{""0.2"": 0, ""0.5"": 0, ""1.0"": 0, ""2.0"": 0, ""4.0"": 0}",0.18651048885384558,0.6684931508756816,0.6,0.9065104166666667,30,1,0
paper-1,paper,1.0,LBQCD-D08-hetero-K15,control-heteroscedastic,concentrated,LBQCD-D08-hetero-K15/concentrated,0,update,0,0.0,30,30,0.012712900002952665,30,960,960,960,61440,0.0,0,0,0,"{""0.2"": 0, ""0.5"": 0, ""1.0"": 0, ""2.0"": 0, ""4.0"": 0}",0.21215989159252757,0.7294487987202226,0.6,0.8869791666666667,30,1,0
paper-2,paper,2.0,LBQCD-D08-hetero-K15,control-heteroscedastic,concentrated,LBQCD-D08-hetero-K15/concentrated,0,update,0,0.0,30,30,0.010112200005096383,30,960,960,960,61440,0.0,0,0,0,"{""0.2"": 0, ""0.5"": 0, ""1.0"": 0, ""2.0"": 0, ""4.0"": 0}",0.2456944671641299,0.7915440141676542,0.6,0.8322916666666667,30,1,0
paper-4,paper,4.0,LBQCD-D08-hetero-K15,control-heteroscedastic,concentrated,LBQCD-D08-hetero-K15/concentrated,0,update,0,0.0,30,30,0.012508799991337582,30,960,960,960,61440,0.0,0,0,0,"{""0.2"": 0, ""0.5"": 0, ""1.0"": 0, ""2.0"": 0, ""4.0"": 0}",0.43620407584893073,1.1273259149917245,0.4666666666666666,1.0666666666666667,30,1,0
qld-v1,qld,0.5,LBQCD-D08-hetero-K15,control-heteroscedastic,concentrated,LBQCD-D08-hetero-K15/concentrated,0,update,0,0.7,30,30,0.008086100002401508,30,960,960,960,18432,6720.0,0,0,0,"{""0.2"": 0, ""0.5"": 0, ""1.0"": 0, ""2.0"": 0, ""4.0"": 0}",0.329571666915784,0.9735994260898126,0.4666666666666666,1.0984375,30,1,0
rsr-M1024-f0.70-e,rsr,0.5,LBQCD-D08-hetero-K15,control-heteroscedastic,concentrated,LBQCD-D08-hetero-K15/concentrated,0,examples,1024,0.7,1,1,0.005016700000851415,64,2048,1024,1024,0,20480.0,0,0,0,"{""0.2"": 0, ""0.5"": 0, ""1.0"": 0, ""2.0"": 0, ""4.0"": 0}",1.4267425305598476,2.2366221561253226,0.06666666666666667,1.8666666666666665,1,1,0
rsr-M1024-f0.70-u,rsr,0.5,LBQCD-D08-hetero-K15,control-heteroscedastic,concentrated,LBQCD-D08-hetero-K15/concentrated,0,update,1024,0.7,30,30,0.1072007000038866,1353,43296,21792,21792,18432,430080.0,0,0,0,"{""0.2"": 0, ""0.5"": 0, ""1.0"": 0, ""2.0"": 0, ""4.0"": 0}",0.2817819646120041,0.8670352634051076,0.6,0.93046875,30,1,0
rsr-M512-f0.70-e,rsr,0.5,LBQCD-D08-hetero-K15,control-heteroscedastic,concentrated,LBQCD-D08-hetero-K15/concentrated,0,examples,512,0.7,1,1,0.0027894000086234882,32,1024,512,512,0,9216.0,0,0,0,"{""0.2"": 0, ""0.5"": 0, ""1.0"": 0, ""2.0"": 0, ""4.0"": 0}",1.4268477078227697,2.236692334733214,0.06666666666666667,1.8666666666666665,1,1,0
rsr-M512-f0.70-u,rsr,0.5,LBQCD-D08-hetero-K15,control-heteroscedastic,concentrated,LBQCD-D08-hetero-K15/concentrated,0,update,512,0.7,30,30,0.05821760000253562,681,21792,11040,11040,18432,193536.0,0,0,0,"{""0.2"": 0, ""0.5"": 0, ""1.0"": 0, ""2.0"": 0, ""4.0"": 0}",0.29142113536651504,0.8887819294208,0.6,0.8997395833333333,30,1,0
paper-0.2,paper,0.2,LBQCD-D08-hetero-K15,control-heteroscedastic,missing,LBQCD-D08-hetero-K15/missing,0,update,0,0.0,30,30,0.013296899996930733,30,960,960,960,61440,0.0,0,0,0,"{""0.2"": 0, ""0.5"": 0, ""1.0"": 0, ""2.0"": 0, ""4.0"": 0}",2.8874241847560254,3.91545983740396,0.4666666666666666,1.0671875,30,1,0
paper-0.5,paper,0.5,LBQCD-D08-hetero-K15,control-heteroscedastic,missing,LBQCD-D08-hetero-K15/missing,0,update,0,0.0,30,30,0.016166499990504235,30,960,960,960,61440,0.0,0,0,0,"{""0.2"": 0, ""0.5"": 0, ""1.0"": 0, ""2.0"": 0, ""4.0"": 0}",2.6058961239112146,3.8103275085887742,0.5333333333333333,0.9578125,30,1,0
paper-1,paper,1.0,LBQCD-D08-hetero-K15,control-heteroscedastic,missing,LBQCD-D08-hetero-K15/missing,0,update,0,0.0,30,30,0.016806300001917407,30,960,960,960,61440,0.0,0,0,0,"{""0.2"": 0, ""0.5"": 0, ""1.0"": 0, ""2.0"": 0, ""4.0"": 0}",2.5348109177025084,3.782190931025206,0.5333333333333333,0.99296875,30,1,0
paper-2,paper,2.0,LBQCD-D08-hetero-K15,control-heteroscedastic,missing,LBQCD-D08-hetero-K15/missing,0,update,0,0.0,30,30,0.01538559999607969,30,960,960,960,61440,0.0,0,0,0,"{""0.2"": 0, ""0.5"": 0, ""1.0"": 0, ""2.0"": 0, ""4.0"": 0}",2.5679541853965477,3.773254509873258,0.5333333333333333,1.0325520833333333,30,1,0
paper-4,paper,4.0,LBQCD-D08-hetero-K15,control-heteroscedastic,missing,LBQCD-D08-hetero-K15/missing,0,update,0,0.0,30,30,0.01161590000265278,30,960,960,960,61440,0.0,0,0,0,"{""0.2"": 0, ""0.5"": 0, ""1.0"": 0, ""2.0"": 0, ""4.0"": 0}",2.7094325457283266,3.778894188111545,0.4666666666666666,1.090625,30,1,0
qld-v1,qld,0.5,LBQCD-D08-hetero-K15,control-heteroscedastic,missing,LBQCD-D08-hetero-K15/missing,0,update,0,0.7,30,30,0.011648900006548502,30,960,960,960,18432,6720.0,0,0,0,"{""0.2"": 0, ""0.5"": 0, ""1.0"": 0, ""2.0"": 0, ""4.0"": 0}",2.7894765642752293,3.8744370288048327,0.4666666666666666,1.1140625,30,1,0
rsr-M1024-f0.70-e,rsr,0.5,LBQCD-D08-hetero-K15,control-heteroscedastic,missing,LBQCD-D08-hetero-K15/missing,0,examples,1024,0.7,1,1,0.005785999994259328,64,2048,1024,1024,0,20480.0,0,0,0,"{""0.2"": 0, ""0.5"": 0, ""1.0"": 0, ""2.0"": 0, ""4.0"": 0}",5.048330242921008,4.433578975167614,0.13333333333333333,1.7333333333333332,1,1,0
rsr-M1024-f0.70-u,rsr,0.5,LBQCD-D08-hetero-K15,control-heteroscedastic,missing,LBQCD-D08-hetero-K15/missing,0,update,1024,0.7,30,30,0.10465609999664593,1353,43296,21792,21792,18432,430080.0,0,0,0,"{""0.2"": 0, ""0.5"": 0, ""1.0"": 0, ""2.0"": 0, ""4.0"": 0}",2.677477266376681,3.830464295235977,0.5333333333333333,1.1067708333333333,30,1,0
rsr-M512-f0.70-e,rsr,0.5,LBQCD-D08-hetero-K15,control-heteroscedastic,missing,LBQCD-D08-hetero-K15/missing,0,examples,512,0.7,1,1,0.0034856999991461635,32,1024,512,512,0,9216.0,0,0,0,"{""0.2"": 0, ""0.5"": 0, ""1.0"": 0, ""2.0"": 0, ""4.0"": 0}",5.047854427252764,4.43370320154347,0.13333333333333333,1.7333333333333332,1,1,0
rsr-M512-f0.70-u,rsr,0.5,LBQCD-D08-hetero-K15,control-heteroscedastic,missing,LBQCD-D08-hetero-K15/missing,0,update,512,0.7,30,30,0.0654287000070326,681,21792,11040,11040,18432,193536.0,0,0,0,"{""0.2"": 0, ""0.5"": 0, ""1.0"": 0, ""2.0"": 0, ""4.0"": 0}",2.688373502898138,3.8350109947682673,0.5333333333333333,1.1106770833333333,30,1,0
paper-0.2,paper,0.2,LBQCD-D09-overlap-K8,control-overlap,concentrated,LBQCD-D09-overlap-K8/concentrated,0,update,0,0.0,30,30,0.013996299996506423,30,960,960,960,61440,0.0,0,0,0,"{""0.2"": 0, ""0.5"": 0, ""1.0"": 0, ""2.0"": 0, ""4.0"": 0}",0.00935260253444381,0.07771490149839565,1.0,0.234375,30,1,0
paper-0.5,paper,0.5,LBQCD-D09-overlap-K8,control-overlap,concentrated,LBQCD-D09-overlap-K8/concentrated,0,update,0,0.0,30,30,0.018991799996001646,30,960,960,960,61440,0.0,0,0,0,"{""0.2"": 0, ""0.5"": 0, ""1.0"": 0, ""2.0"": 0, ""4.0"": 0}",0.00894293235447674,0.07344588924414291,1.0,0.2578125,30,1,0
paper-1,paper,1.0,LBQCD-D09-overlap-K8,control-overlap,concentrated,LBQCD-D09-overlap-K8/concentrated,0,update,0,0.0,30,30,0.010872900005779229,30,960,960,960,61440,0.0,0,0,0,"{""0.2"": 0, ""0.5"": 0, ""1.0"": 0, ""2.0"": 0, ""4.0"": 0}",0.014101155519498865,0.09081058531420705,1.0,0.28125,30,1,0
paper-2,paper,2.0,LBQCD-D09-overlap-K8,control-overlap,concentrated,LBQCD-D09-overlap-K8/concentrated,0,update,0,0.0,30,30,0.009280099999159575,30,960,960,960,61440,0.0,0,0,0,"{""0.2"": 0, ""0.5"": 0, ""1.0"": 0, ""2.0"": 0, ""4.0"": 0}",0.032088257769091744,0.14342637108391065,1.0,0.390625,30,1,0
paper-4,paper,4.0,LBQCD-D09-overlap-K8,control-overlap,concentrated,LBQCD-D09-overlap-K8/concentrated,0,update,0,0.0,30,30,0.014821500008110888,30,960,960,960,61440,0.0,0,0,0,"{""0.2"": 0, ""0.5"": 0, ""1.0"": 0, ""2.0"": 0, ""4.0"": 0}",0.055336857500836945,0.1998065256257617,1.0,0.5390625,30,1,0
qld-v1,qld,0.5,LBQCD-D09-overlap-K8,control-overlap,concentrated,LBQCD-D09-overlap-K8/concentrated,0,update,0,0.7,30,30,0.007530400005634874,30,960,960,960,18432,6720.0,0,0,0,"{""0.2"": 0, ""0.5"": 0, ""1.0"": 0, ""2.0"": 0, ""4.0"": 0}",0.014976549134754213,0.09176989035927943,1.0,0.28125,30,1,0
rsr-M1024-f0.70-e,rsr,0.5,LBQCD-D09-overlap-K8,control-overlap,concentrated,LBQCD-D09-overlap-K8/concentrated,0,examples,1024,0.7,1,1,0.005164100002730265,64,2048,1024,1024,0,20480.0,0,0,0,"{""0.2"": 0, ""0.5"": 0, ""1.0"": 0, ""2.0"": 0, ""4.0"": 0}",0.2900230524722811,0.4928262380702132,0.5,1.5,1,1,0
rsr-M1024-f0.70-u,rsr,0.5,LBQCD-D09-overlap-K8,control-overlap,concentrated,LBQCD-D09-overlap-K8/concentrated,0,update,1024,0.7,30,30,0.10385200000018813,1353,43296,21792,21792,18432,430080.0,0,0,0,"{""0.2"": 0, ""0.5"": 0, ""1.0"": 0, ""2.0"": 0, ""4.0"": 0}",0.02465641823634901,0.12053749010545808,1.0,0.328125,30,1,0
rsr-M512-f0.70-e,rsr,0.5,LBQCD-D09-overlap-K8,control-overlap,concentrated,LBQCD-D09-overlap-K8/concentrated,0,examples,512,0.7,1,1,0.002060300001176074,32,1024,512,512,0,9216.0,0,0,0,"{""0.2"": 0, ""0.5"": 0, ""1.0"": 0, ""2.0"": 0, ""4.0"": 0}",0.2900209362214161,0.49282451713678704,0.5,1.5,1,1,0
rsr-M512-f0.70-u,rsr,0.5,LBQCD-D09-overlap-K8,control-overlap,concentrated,LBQCD-D09-overlap-K8/concentrated,0,update,512,0.7,30,30,0.05220039999403525,681,21792,11040,11040,18432,193536.0,0,0,0,"{""0.2"": 0, ""0.5"": 0, ""1.0"": 0, ""2.0"": 0, ""4.0"": 0}",0.02008889249377188,0.09882984566990066,1.0,0.29296875,30,1,0
paper-0.2,paper,0.2,LBQCD-D09-overlap-K8,control-overlap,missing,LBQCD-D09-overlap-K8/missing,0,update,0,0.0,30,30,0.014022299990756437,30,960,960,960,61440,0.0,0,0,0,"{""0.2"": 0, ""0.5"": 0, ""1.0"": 0, ""2.0"": 0, ""4.0"": 0}",0.3656433350018883,0.6082624239544198,1.0,0.59765625,30,1,0
paper-0.5,paper,0.5,LBQCD-D09-overlap-K8,control-overlap,missing,LBQCD-D09-overlap-K8/missing,0,update,0,0.0,30,30,0.01152899999578949,30,960,960,960,61440,0.0,0,0,0,"{""0.2"": 0, ""0.5"": 0, ""1.0"": 0, ""2.0"": 0, ""4.0"": 0}",0.332242331944279,0.5845632434353355,1.0,0.5703125,30,1,0
paper-1,paper,1.0,LBQCD-D09-overlap-K8,control-overlap,missing,LBQCD-D09-overlap-K8/missing,0,update,0,0.0,30,30,0.011611800000537187,30,960,960,960,61440,0.0,0,0,0,"{""0.2"": 0, ""0.5"": 0, ""1.0"": 0, ""2.0"": 0, ""4.0"": 0}",0.31802336171669177,0.5601730776064825,1.0,0.546875,30,1,0
paper-2,paper,2.0,LBQCD-D09-overlap-K8,control-overlap,missing,LBQCD-D09-overlap-K8/missing,0,update,0,0.0,30,30,0.014901199989253655,30,960,960,960,61440,0.0,0,0,0,"{""0.2"": 0, ""0.5"": 0, ""1.0"": 0, ""2.0"": 0, ""4.0"": 0}",0.3152024487754582,0.556824316487103,1.0,0.53125,30,1,0
paper-4,paper,4.0,LBQCD-D09-overlap-K8,control-overlap,missing,LBQCD-D09-overlap-K8/missing,0,update,0,0.0,30,30,0.01369659999909345,30,960,960,960,61440,0.0,0,0,0,"{""0.2"": 0, ""0.5"": 0, ""1.0"": 0, ""2.0"": 0, ""4.0"": 0}",0.3384537998141356,0.559562693062722,0.875,0.7109375,30,1,0
qld-v1,qld,0.5,LBQCD-D09-overlap-K8,control-overlap,missing,LBQCD-D09-overlap-K8/missing,0,update,0,0.7,30,30,0.011457400003564544,30,960,960,960,18432,6720.0,0,0,0,"{""0.2"": 0, ""0.5"": 0, ""1.0"": 0, ""2.0"": 0, ""4.0"": 0}",0.3377366844172506,0.621307477095644,1.0,0.62109375,30,1,0
rsr-M1024-f0.70-e,rsr,0.5,LBQCD-D09-overlap-K8,control-overlap,missing,LBQCD-D09-overlap-K8/missing,0,examples,1024,0.7,1,1,0.003996200000983663,64,2048,1024,1024,0,20480.0,0,0,0,"{""0.2"": 0, ""0.5"": 0, ""1.0"": 0, ""2.0"": 0, ""4.0"": 0}",1.0114751242374127,0.9039515301855013,0.375,1.5,1,1,0
rsr-M1024-f0.70-u,rsr,0.5,LBQCD-D09-overlap-K8,control-overlap,missing,LBQCD-D09-overlap-K8/missing,0,update,1024,0.7,30,30,0.10947469998791348,1353,43296,21792,21792,18432,430080.0,0,0,0,"{""0.2"": 0, ""0.5"": 0, ""1.0"": 0, ""2.0"": 0, ""4.0"": 0}",0.3039348006064565,0.5949652252843021,1.0,0.5546875,30,1,0
rsr-M512-f0.70-e,rsr,0.5,LBQCD-D09-overlap-K8,control-overlap,missing,LBQCD-D09-overlap-K8/missing,0,examples,512,0.7,1,1,0.003314899993711151,32,1024,512,512,0,9216.0,0,0,0,"{""0.2"": 0, ""0.5"": 0, ""1.0"": 0, ""2.0"": 0, ""4.0"": 0}",1.0121783279405578,0.904020613836616,0.375,1.5,1,1,0
rsr-M512-f0.70-u,rsr,0.5,LBQCD-D09-overlap-K8,control-overlap,missing,LBQCD-D09-overlap-K8/missing,0,update,512,0.7,30,30,0.04575150000164285,681,21792,11040,11040,18432,193536.0,0,0,0,"{""0.2"": 0, ""0.5"": 0, ""1.0"": 0, ""2.0"": 0, ""4.0"": 0}",0.2953727304314694,0.5970325388488735,1.0,0.5859375,30,1,0
paper-0.2,paper,0.2,LBQCD-D10-contaminated,control-contaminated,concentrated,LBQCD-D10-contaminated/concentrated,0,update,0,0.0,30,30,0.015929000001051463,30,960,960,960,61440,0.0,0,0,0,"{""0.2"": 0, ""0.5"": 0, ""1.0"": 0, ""2.0"": 0, ""4.0"": 0}",0.06507305346492176,0.3471746801904762,0.9800000000000001,0.32796875000000003,30,1,0
paper-0.5,paper,0.5,LBQCD-D10-contaminated,control-contaminated,concentrated,LBQCD-D10-contaminated/concentrated,0,update,0,0.0,30,30,0.008563499999581836,30,960,960,960,61440,0.0,0,0,0,"{""0.2"": 0, ""0.5"": 0, ""1.0"": 0, ""2.0"": 0, ""4.0"": 0}",0.06459106183759888,0.33018265746933867,0.9800000000000001,0.31359375,30,1,0
paper-1,paper,1.0,LBQCD-D10-contaminated,control-contaminated,concentrated,LBQCD-D10-contaminated/concentrated,0,update,0,0.0,30,30,0.008216800008085556,30,960,960,960,61440,0.0,0,0,0,"{""0.2"": 0, ""0.5"": 0, ""1.0"": 0, ""2.0"": 0, ""4.0"": 0}",0.05114857357651581,0.27355929743199636,0.9800000000000001,0.27453125,30,1,0
paper-2,paper,2.0,LBQCD-D10-contaminated,control-contaminated,concentrated,LBQCD-D10-contaminated/concentrated,0,update,0,0.0,30,30,0.0094970999925863,30,960,960,960,61440,0.0,0,0,0,"{""0.2"": 0, ""0.5"": 0, ""1.0"": 0, ""2.0"": 0, ""4.0"": 0}",0.06325650533468075,0.30651947700209076,0.7000000000000001,0.64171875,30,1,0
paper-4,paper,4.0,LBQCD-D10-contaminated,control-contaminated,concentrated,LBQCD-D10-contaminated/concentrated,0,update,0,0.0,30,30,0.011318500008201227,30,960,960,960,61440,0.0,0,0,0,"{""0.2"": 0, ""0.5"": 0, ""1.0"": 0, ""2.0"": 0, ""4.0"": 0}",0.616434029540182,1.0666400528361402,0.14,1.7200000000000002,30,1,0
qld-v1,qld,0.5,LBQCD-D10-contaminated,control-contaminated,concentrated,LBQCD-D10-contaminated/concentrated,0,update,0,0.7,30,30,0.010604900002363138,30,960,960,960,18432,6720.0,0,0,0,"{""0.2"": 0, ""0.5"": 0, ""1.0"": 0, ""2.0"": 0, ""4.0"": 0}",0.04273266671338738,0.24653689222441663,0.9800000000000001,0.21468750000000003,30,1,0
rsr-M1024-f0.70-e,rsr,0.5,LBQCD-D10-contaminated,control-contaminated,concentrated,LBQCD-D10-contaminated/concentrated,0,examples,1024,0.7,1,1,0.005995600004098378,64,2048,1024,1024,0,20480.0,0,0,0,"{""0.2"": 0, ""0.5"": 0, ""1.0"": 0, ""2.0"": 0, ""4.0"": 0}",0.6999272887258889,1.1390613951393573,0.14,1.7200000000000002,1,1,0
rsr-M1024-f0.70-u,rsr,0.5,LBQCD-D10-contaminated,control-contaminated,concentrated,LBQCD-D10-contaminated/concentrated,0,update,1024,0.7,30,30,0.13286699999298435,1353,43296,21792,21792,18432,430080.0,0,0,0,"{""0.2"": 0, ""0.5"": 0, ""1.0"": 0, ""2.0"": 0, ""4.0"": 0}",0.02139535554548888,0.20693207971917787,0.9800000000000001,0.20421875,30,1,0
rsr-M512-f0.70-e,rsr,0.5,LBQCD-D10-contaminated,control-contaminated,concentrated,LBQCD-D10-contaminated/concentrated,0,examples,512,0.7,1,1,0.0033515999966766685,32,1024,512,512,0,9216.0,0,0,0,"{""0.2"": 0, ""0.5"": 0, ""1.0"": 0, ""2.0"": 0, ""4.0"": 0}",0.7001244968004203,1.139243180074935,0.14,1.7200000000000002,1,1,0
rsr-M512-f0.70-u,rsr,0.5,LBQCD-D10-contaminated,control-contaminated,concentrated,LBQCD-D10-contaminated/concentrated,0,update,512,0.7,30,30,0.046781500001088716,681,21792,11040,11040,18432,193536.0,0,0,0,"{""0.2"": 0, ""0.5"": 0, ""1.0"": 0, ""2.0"": 0, ""4.0"": 0}",0.029285365153631338,0.21421140709459602,0.9800000000000001,0.18859375,30,1,0
paper-0.2,paper,0.2,LBQCD-D10-contaminated,control-contaminated,missing,LBQCD-D10-contaminated/missing,0,update,0,0.0,30,30,0.012623599992366508,30,960,960,960,61440,0.0,0,0,0,"{""0.2"": 0, ""0.5"": 0, ""1.0"": 0, ""2.0"": 0, ""4.0"": 0}",0.5751312091986847,1.6441616973871152,0.9800000000000001,0.6770312500000001,30,1,0
paper-0.5,paper,0.5,LBQCD-D10-contaminated,control-contaminated,missing,LBQCD-D10-contaminated/missing,0,update,0,0.0,30,30,0.01301880000391975,30,960,960,960,61440,0.0,0,0,0,"{""0.2"": 0, ""0.5"": 0, ""1.0"": 0, ""2.0"": 0, ""4.0"": 0}",0.49973508824050294,1.5717487642261643,0.9800000000000001,0.5845312500000001,30,1,0
paper-1,paper,1.0,LBQCD-D10-contaminated,control-contaminated,missing,LBQCD-D10-contaminated/missing,0,update,0,0.0,30,30,0.009305900006438605,30,960,960,960,61440,0.0,0,0,0,"{""0.2"": 0, ""0.5"": 0, ""1.0"": 0, ""2.0"": 0, ""4.0"": 0}",0.493125608698487,1.5496944675370028,0.8400000000000001,0.5884375000000001,30,1,0
paper-2,paper,2.0,LBQCD-D10-contaminated,control-contaminated,missing,LBQCD-D10-contaminated/missing,0,update,0,0.0,30,30,0.008606600007624365,30,960,960,960,61440,0.0,0,0,0,"{""0.2"": 0, ""0.5"": 0, ""1.0"": 0, ""2.0"": 0, ""4.0"": 0}",0.5088399703944206,1.531420974884746,0.8400000000000001,0.5845312500000001,30,1,0
paper-4,paper,4.0,LBQCD-D10-contaminated,control-contaminated,missing,LBQCD-D10-contaminated/missing,0,update,0,0.0,30,30,0.012644600006751716,30,960,960,960,61440,0.0,0,0,0,"{""0.2"": 0, ""0.5"": 0, ""1.0"": 0, ""2.0"": 0, ""4.0"": 0}",0.566838104650101,1.5320972538610536,0.7000000000000001,0.65734375,30,1,0
qld-v1,qld,0.5,LBQCD-D10-contaminated,control-contaminated,missing,LBQCD-D10-contaminated/missing,0,update,0,0.7,30,30,0.012990300005185418,30,960,960,960,18432,6720.0,0,0,0,"{""0.2"": 0, ""0.5"": 0, ""1.0"": 0, ""2.0"": 0, ""4.0"": 0}",0.5891758447080886,1.6362727297850532,0.8400000000000001,0.6053125,30,1,0
rsr-M1024-f0.70-e,rsr,0.5,LBQCD-D10-contaminated,control-contaminated,missing,LBQCD-D10-contaminated/missing,0,examples,1024,0.7,1,1,0.005788000009488314,64,2048,1024,1024,0,20480.0,0,0,0,"{""0.2"": 0, ""0.5"": 0, ""1.0"": 0, ""2.0"": 0, ""4.0"": 0}",1.9909144028098182,2.1532649540218576,0.28,1.5520312500000002,1,1,0
rsr-M1024-f0.70-u,rsr,0.5,LBQCD-D10-contaminated,control-contaminated,missing,LBQCD-D10-contaminated/missing,0,update,1024,0.7,30,30,0.10311809999984689,1353,43296,21792,21792,18432,430080.0,0,0,0,"{""0.2"": 0, ""0.5"": 0, ""1.0"": 0, ""2.0"": 0, ""4.0"": 0}",0.5098558578255952,1.5798291639587738,0.8400000000000001,0.5754687500000001,30,1,0
rsr-M512-f0.70-e,rsr,0.5,LBQCD-D10-contaminated,control-contaminated,missing,LBQCD-D10-contaminated/missing,0,examples,512,0.7,1,1,0.0022266000014496967,32,1024,512,512,0,9216.0,0,0,0,"{""0.2"": 0, ""0.5"": 0, ""1.0"": 0, ""2.0"": 0, ""4.0"": 0}",1.9904382903709708,2.1530759624341,0.28,1.5481250000000002,1,1,0
rsr-M512-f0.70-u,rsr,0.5,LBQCD-D10-contaminated,control-contaminated,missing,LBQCD-D10-contaminated/missing,0,update,512,0.7,30,30,0.04823240000405349,681,21792,11040,11040,18432,193536.0,0,0,0,"{""0.2"": 0, ""0.5"": 0, ""1.0"": 0, ""2.0"": 0, ""4.0"": 0}",0.5102810980181001,1.5784716211785548,0.8400000000000001,0.5754687500000001,30,1,0
paper-0.2,paper,0.2,LBQCD-D11-heavy-t5,control-heavy-tail,concentrated,LBQCD-D11-heavy-t5/concentrated,0,update,0,0.0,30,30,0.00884149999183137,30,960,960,960,61440,0.0,0,0,0,"{""0.2"": 0, ""0.5"": 0, ""1.0"": 0, ""2.0"": 0, ""4.0"": 0}",0.02043421273004653,0.15949315886185364,1.0,0.0,1,0,0
paper-0.5,paper,0.5,LBQCD-D11-heavy-t5,control-heavy-tail,concentrated,LBQCD-D11-heavy-t5/concentrated,0,update,0,0.0,30,30,0.008602200003224425,30,960,960,960,61440,0.0,0,0,0,"{""0.2"": 0, ""0.5"": 0, ""1.0"": 0, ""2.0"": 0, ""4.0"": 0}",0.0238147149301291,0.1817179787392373,1.0,0.0,1,0,0
paper-1,paper,1.0,LBQCD-D11-heavy-t5,control-heavy-tail,concentrated,LBQCD-D11-heavy-t5/concentrated,0,update,0,0.0,30,30,0.010146300002816133,30,960,960,960,61440,0.0,0,0,0,"{""0.2"": 0, ""0.5"": 0, ""1.0"": 0, ""2.0"": 0, ""4.0"": 0}",0.02325486381061892,0.1898038177431459,1.0,0.0,1,0,0
paper-2,paper,2.0,LBQCD-D11-heavy-t5,control-heavy-tail,concentrated,LBQCD-D11-heavy-t5/concentrated,0,update,0,0.0,30,30,0.010156399992411025,30,960,960,960,61440,0.0,0,0,0,"{""0.2"": 0, ""0.5"": 0, ""1.0"": 0, ""2.0"": 0, ""4.0"": 0}",0.02326183318107211,0.20622880151145911,1.0,0.0,1,0,0
paper-4,paper,4.0,LBQCD-D11-heavy-t5,control-heavy-tail,concentrated,LBQCD-D11-heavy-t5/concentrated,0,update,0,0.0,30,30,0.011405199998989701,30,960,960,960,61440,0.0,0,0,0,"{""0.2"": 0, ""0.5"": 0, ""1.0"": 0, ""2.0"": 0, ""4.0"": 0}",0.025497433128750746,0.2009918337893221,1.0,0.0,1,0,0
qld-v1,qld,0.5,LBQCD-D11-heavy-t5,control-heavy-tail,concentrated,LBQCD-D11-heavy-t5/concentrated,0,update,0,0.7,30,30,0.006499399998574518,30,960,960,960,18432,6720.0,0,0,0,"{""0.2"": 0, ""0.5"": 0, ""1.0"": 0, ""2.0"": 0, ""4.0"": 0}",0.043478690462005254,0.26517743434066543,1.0,0.0,1,0,0
rsr-M1024-f0.70-e,rsr,0.5,LBQCD-D11-heavy-t5,control-heavy-tail,concentrated,LBQCD-D11-heavy-t5/concentrated,0,examples,1024,0.7,1,1,0.0039763999957358465,64,2048,1024,1024,0,20480.0,0,0,0,"{""0.2"": 0, ""0.5"": 0, ""1.0"": 0, ""2.0"": 0, ""4.0"": 0}",0.4335002778898178,0.7373460970080404,1.0,0.0,1,0,0
rsr-M1024-f0.70-u,rsr,0.5,LBQCD-D11-heavy-t5,control-heavy-tail,concentrated,LBQCD-D11-heavy-t5/concentrated,0,update,1024,0.7,30,30,0.10451319999992847,1353,43296,21792,21792,18432,430080.0,0,0,0,"{""0.2"": 0, ""0.5"": 0, ""1.0"": 0, ""2.0"": 0, ""4.0"": 0}",0.05492452428660988,0.28870137189503053,1.0,0.0,1,0,0
rsr-M512-f0.70-e,rsr,0.5,LBQCD-D11-heavy-t5,control-heavy-tail,concentrated,LBQCD-D11-heavy-t5/concentrated,0,examples,512,0.7,1,1,0.002369399997405708,32,1024,512,512,0,9216.0,0,0,0,"{""0.2"": 0, ""0.5"": 0, ""1.0"": 0, ""2.0"": 0, ""4.0"": 0}",0.43429533677433163,0.7380045467582507,1.0,0.0,1,0,0
rsr-M512-f0.70-u,rsr,0.5,LBQCD-D11-heavy-t5,control-heavy-tail,concentrated,LBQCD-D11-heavy-t5/concentrated,0,update,512,0.7,30,30,0.07502360000216868,681,21792,11040,11040,18432,193536.0,0,0,0,"{""0.2"": 0, ""0.5"": 0, ""1.0"": 0, ""2.0"": 0, ""4.0"": 0}",0.06908172988581152,0.3218076402772657,1.0,0.0,1,0,0
paper-0.2,paper,0.2,LBQCD-D11-heavy-t5,control-heavy-tail,missing,LBQCD-D11-heavy-t5/missing,0,update,0,0.0,30,30,0.017213300001458265,30,960,960,960,61440,0.0,0,0,0,"{""0.2"": 0, ""0.5"": 0, ""1.0"": 0, ""2.0"": 0, ""4.0"": 0}",0.020178448357601297,0.1346128215579302,1.0,0.0,1,0,0
paper-0.5,paper,0.5,LBQCD-D11-heavy-t5,control-heavy-tail,missing,LBQCD-D11-heavy-t5/missing,0,update,0,0.0,30,30,0.013099999996484257,30,960,960,960,61440,0.0,0,0,0,"{""0.2"": 0, ""0.5"": 0, ""1.0"": 0, ""2.0"": 0, ""4.0"": 0}",0.024628862230918758,0.16290867070033688,1.0,0.0,1,0,0
paper-1,paper,1.0,LBQCD-D11-heavy-t5,control-heavy-tail,missing,LBQCD-D11-heavy-t5/missing,0,update,0,0.0,30,30,0.012010999998892657,30,960,960,960,61440,0.0,0,0,0,"{""0.2"": 0, ""0.5"": 0, ""1.0"": 0, ""2.0"": 0, ""4.0"": 0}",0.023279667468582232,0.15034199056598138,1.0,0.0,1,0,0
paper-2,paper,2.0,LBQCD-D11-heavy-t5,control-heavy-tail,missing,LBQCD-D11-heavy-t5/missing,0,update,0,0.0,30,30,0.011559899998246692,30,960,960,960,61440,0.0,0,0,0,"{""0.2"": 0, ""0.5"": 0, ""1.0"": 0, ""2.0"": 0, ""4.0"": 0}",0.022249182476872242,0.15282572520767698,1.0,0.0,1,0,0
paper-4,paper,4.0,LBQCD-D11-heavy-t5,control-heavy-tail,missing,LBQCD-D11-heavy-t5/missing,0,update,0,0.0,30,30,0.007975600005011074,30,960,960,960,61440,0.0,0,0,0,"{""0.2"": 0, ""0.5"": 0, ""1.0"": 0, ""2.0"": 0, ""4.0"": 0}",0.02262715360272205,0.16098198457469076,1.0,0.0,1,0,0
qld-v1,qld,0.5,LBQCD-D11-heavy-t5,control-heavy-tail,missing,LBQCD-D11-heavy-t5/missing,0,update,0,0.7,30,30,0.007293100003153086,30,960,960,960,18432,6720.0,0,0,0,"{""0.2"": 0, ""0.5"": 0, ""1.0"": 0, ""2.0"": 0, ""4.0"": 0}",0.027381801458778998,0.1863572351822802,1.0,0.0,1,0,0
rsr-M1024-f0.70-e,rsr,0.5,LBQCD-D11-heavy-t5,control-heavy-tail,missing,LBQCD-D11-heavy-t5/missing,0,examples,1024,0.7,1,1,0.0038864999951329082,64,2048,1024,1024,0,20480.0,0,0,0,"{""0.2"": 0, ""0.5"": 0, ""1.0"": 0, ""2.0"": 0, ""4.0"": 0}",0.22978988440060522,0.6102847117701836,1.0,0.0,1,0,0
rsr-M1024-f0.70-u,rsr,0.5,LBQCD-D11-heavy-t5,control-heavy-tail,missing,LBQCD-D11-heavy-t5/missing,0,update,1024,0.7,30,30,0.0895784000022104,1353,43296,21792,21792,18432,430080.0,0,0,0,"{""0.2"": 0, ""0.5"": 0, ""1.0"": 0, ""2.0"": 0, ""4.0"": 0}",0.06822786476595288,0.28870055479002843,1.0,0.0,1,0,0
rsr-M512-f0.70-e,rsr,0.5,LBQCD-D11-heavy-t5,control-heavy-tail,missing,LBQCD-D11-heavy-t5/missing,0,examples,512,0.7,1,1,0.0029387999966274947,32,1024,512,512,0,9216.0,0,0,0,"{""0.2"": 0, ""0.5"": 0, ""1.0"": 0, ""2.0"": 0, ""4.0"": 0}",0.22981800356589588,0.6103017860678923,1.0,0.0,1,0,0
rsr-M512-f0.70-u,rsr,0.5,LBQCD-D11-heavy-t5,control-heavy-tail,missing,LBQCD-D11-heavy-t5/missing,0,update,512,0.7,30,30,0.05604680000396911,681,21792,11040,11040,18432,193536.0,0,0,0,"{""0.2"": 0, ""0.5"": 0, ""1.0"": 0, ""2.0"": 0, ""4.0"": 0}",0.0638131120229597,0.28837470376186336,1.0,0.0,1,0,0
paper-0.2,paper,0.2,LBQCD-D12-connected-normal,control-connected,concentrated,LBQCD-D12-connected-normal/concentrated,0,update,0,0.0,30,30,0.010596799998893403,30,960,960,960,61440,0.0,0,0,0,"{""0.2"": 0, ""0.5"": 0, ""1.0"": 0, ""2.0"": 0, ""4.0"": 0}",0.07868700994934597,0.2853603620366159,1.0,0.0,1,0,0
paper-0.5,paper,0.5,LBQCD-D12-connected-normal,control-connected,concentrated,LBQCD-D12-connected-normal/concentrated,0,update,0,0.0,30,30,0.012873599989688955,30,960,960,960,61440,0.0,0,0,0,"{""0.2"": 0, ""0.5"": 0, ""1.0"": 0, ""2.0"": 0, ""4.0"": 0}",0.055117249052634376,0.22921188995374603,1.0,0.0,1,0,0
paper-1,paper,1.0,LBQCD-D12-connected-normal,control-connected,concentrated,LBQCD-D12-connected-normal/concentrated,0,update,0,0.0,30,30,0.013048699998762459,30,960,960,960,61440,0.0,0,0,0,"{""0.2"": 0, ""0.5"": 0, ""1.0"": 0, ""2.0"": 0, ""4.0"": 0}",0.055487292721296155,0.2321394336039789,1.0,0.0,1,0,0
paper-2,paper,2.0,LBQCD-D12-connected-normal,control-connected,concentrated,LBQCD-D12-connected-normal/concentrated,0,update,0,0.0,30,30,0.013461399998050183,30,960,960,960,61440,0.0,0,0,0,"{""0.2"": 0, ""0.5"": 0, ""1.0"": 0, ""2.0"": 0, ""4.0"": 0}",0.0679042400565959,0.26267781924289,1.0,0.0,1,0,0
paper-4,paper,4.0,LBQCD-D12-connected-normal,control-connected,concentrated,LBQCD-D12-connected-normal/concentrated,0,update,0,0.0,30,30,0.008825600001728162,30,960,960,960,61440,0.0,0,0,0,"{""0.2"": 0, ""0.5"": 0, ""1.0"": 0, ""2.0"": 0, ""4.0"": 0}",0.0679315528354687,0.31955142495461053,1.0,0.0,1,0,0
qld-v1,qld,0.5,LBQCD-D12-connected-normal,control-connected,concentrated,LBQCD-D12-connected-normal/concentrated,0,update,0,0.7,30,30,0.006879300010041334,30,960,960,960,18432,6720.0,0,0,0,"{""0.2"": 0, ""0.5"": 0, ""1.0"": 0, ""2.0"": 0, ""4.0"": 0}",0.10540562247707941,0.35437176728208436,1.0,0.0,1,0,0
rsr-M1024-f0.70-e,rsr,0.5,LBQCD-D12-connected-normal,control-connected,concentrated,LBQCD-D12-connected-normal/concentrated,0,examples,1024,0.7,1,1,0.00344099999347236,64,2048,1024,1024,0,20480.0,0,0,0,"{""0.2"": 0, ""0.5"": 0, ""1.0"": 0, ""2.0"": 0, ""4.0"": 0}",0.4019960462842975,0.7760205540414498,1.0,0.0,1,0,0
rsr-M1024-f0.70-u,rsr,0.5,LBQCD-D12-connected-normal,control-connected,concentrated,LBQCD-D12-connected-normal/concentrated,0,update,1024,0.7,30,30,0.07278370000130963,1353,43296,21792,21792,18432,430080.0,0,0,0,"{""0.2"": 0, ""0.5"": 0, ""1.0"": 0, ""2.0"": 0, ""4.0"": 0}",0.11906912255580049,0.37055600879203293,1.0,0.0,1,0,0
rsr-M512-f0.70-e,rsr,0.5,LBQCD-D12-connected-normal,control-connected,concentrated,LBQCD-D12-connected-normal/concentrated,0,examples,512,0.7,1,1,0.0019717999966815114,32,1024,512,512,0,9216.0,0,0,0,"{""0.2"": 0, ""0.5"": 0, ""1.0"": 0, ""2.0"": 0, ""4.0"": 0}",0.4020003261089389,0.7760022283906273,1.0,0.0,1,0,0
rsr-M512-f0.70-u,rsr,0.5,LBQCD-D12-connected-normal,control-connected,concentrated,LBQCD-D12-connected-normal/concentrated,0,update,512,0.7,30,30,0.0423064000060549,681,21792,11040,11040,18432,193536.0,0,0,0,"{""0.2"": 0, ""0.5"": 0, ""1.0"": 0, ""2.0"": 0, ""4.0"": 0}",0.11195630252712352,0.3607435846395235,1.0,0.0,1,0,0
paper-0.2,paper,0.2,LBQCD-D12-connected-normal,control-connected,missing,LBQCD-D12-connected-normal/missing,0,update,0,0.0,30,30,0.01308699999935925,30,960,960,960,61440,0.0,0,0,0,"{""0.2"": 0, ""0.5"": 0, ""1.0"": 0, ""2.0"": 0, ""4.0"": 0}",0.012237159892484417,0.18720087888816392,1.0,0.0,1,0,0
paper-0.5,paper,0.5,LBQCD-D12-connected-normal,control-connected,missing,LBQCD-D12-connected-normal/missing,0,update,0,0.0,30,30,0.00851840000541415,30,960,960,960,61440,0.0,0,0,0,"{""0.2"": 0, ""0.5"": 0, ""1.0"": 0, ""2.0"": 0, ""4.0"": 0}",0.00510431693735347,0.11895102006993499,1.0,0.0,1,0,0
paper-1,paper,1.0,LBQCD-D12-connected-normal,control-connected,missing,LBQCD-D12-connected-normal/missing,0,update,0,0.0,30,30,0.010830999992322177,30,960,960,960,61440,0.0,0,0,0,"{""0.2"": 0, ""0.5"": 0, ""1.0"": 0, ""2.0"": 0, ""4.0"": 0}",0.007631625221010463,0.12296579140774155,1.0,0.0,1,0,0
paper-2,paper,2.0,LBQCD-D12-connected-normal,control-connected,missing,LBQCD-D12-connected-normal/missing,0,update,0,0.0,30,30,0.008289199991850182,30,960,960,960,61440,0.0,0,0,0,"{""0.2"": 0, ""0.5"": 0, ""1.0"": 0, ""2.0"": 0, ""4.0"": 0}",0.016744501489850405,0.1711255950600793,1.0,0.0,1,0,0
paper-4,paper,4.0,LBQCD-D12-connected-normal,control-connected,missing,LBQCD-D12-connected-normal/missing,0,update,0,0.0,30,30,0.01024080000934191,30,960,960,960,61440,0.0,0,0,0,"{""0.2"": 0, ""0.5"": 0, ""1.0"": 0, ""2.0"": 0, ""4.0"": 0}",0.01794221038017696,0.19545034699384753,1.0,0.0,1,0,0
qld-v1,qld,0.5,LBQCD-D12-connected-normal,control-connected,missing,LBQCD-D12-connected-normal/missing,0,update,0,0.7,30,30,0.008156100011547096,30,960,960,960,18432,6720.0,0,0,0,"{""0.2"": 0, ""0.5"": 0, ""1.0"": 0, ""2.0"": 0, ""4.0"": 0}",0.031194255435540663,0.2831457124039663,1.0,0.0,1,0,0
rsr-M1024-f0.70-e,rsr,0.5,LBQCD-D12-connected-normal,control-connected,missing,LBQCD-D12-connected-normal/missing,0,examples,1024,0.7,1,1,0.005592000001342967,64,2048,1024,1024,0,20480.0,0,0,0,"{""0.2"": 0, ""0.5"": 0, ""1.0"": 0, ""2.0"": 0, ""4.0"": 0}",0.49354732286039527,0.8241374607095593,1.0,0.0,1,0,0
rsr-M1024-f0.70-u,rsr,0.5,LBQCD-D12-connected-normal,control-connected,missing,LBQCD-D12-connected-normal/missing,0,update,1024,0.7,30,30,0.0859403999929782,1353,43296,21792,21792,18432,430080.0,0,0,0,"{""0.2"": 0, ""0.5"": 0, ""1.0"": 0, ""2.0"": 0, ""4.0"": 0}",0.02456878671738849,0.25558474248111596,1.0,0.0,1,0,0
rsr-M512-f0.70-e,rsr,0.5,LBQCD-D12-connected-normal,control-connected,missing,LBQCD-D12-connected-normal/missing,0,examples,512,0.7,1,1,0.0030679000046802685,32,1024,512,512,0,9216.0,0,0,0,"{""0.2"": 0, ""0.5"": 0, ""1.0"": 0, ""2.0"": 0, ""4.0"": 0}",0.49362519065051513,0.8239521170243017,1.0,0.0,1,0,0
rsr-M512-f0.70-u,rsr,0.5,LBQCD-D12-connected-normal,control-connected,missing,LBQCD-D12-connected-normal/missing,0,update,512,0.7,30,30,0.06268329999875277,681,21792,11040,11040,18432,193536.0,0,0,0,"{""0.2"": 0, ""0.5"": 0, ""1.0"": 0, ""2.0"": 0, ""4.0"": 0}",0.03186845573957564,0.2604006700852523,1.0,0.0,1,0,0
