arm,target,family,dimension,replication,initialization,learning_rate,particle_step,registered_local_weight,registered_active_direction_count,registered_local_field_calls,registered_local_representative_count,registered_representative_audit_calls,execution_position,arm_order_seed,paper_tau,paper_gain,online_training_wall_seconds,conditioned_direction_build_seconds,atlas_build_wall_seconds,setup_plus_training_wall_seconds,registered_direction_count,conditioned_direction_count,quadratic_parameter_dimension,quadratic_rank,quadratic_smallest_singular_value,quadratic_condition_number,ed2,heldout_sw1,training_quantile_rmse,output_rms,covariance_effective_rank,mode_coverage,mode_mass_error,rare_mass_error,completed_updates,unique_latent_samples,generator_example_evals_training,generator_forward_calls_training,unique_target_observations,target_example_accesses,projection_scalar_products,atlas_projection_scalar_products,training_projection_scalar_products,sort_work,atlas_sort_work,training_sort_work,full_direction_count,active_direction_count_min,active_direction_count_max,mean_active_direction_count,direction_exposure_min,direction_exposure_max,direction_schedule_seed,orthogonal_direction_block_count,active_direction_block_count,local_field_calls,registered_local_field_call_count,paper_kernel_pairs,dense_equivalent_paper_kernel_pairs,local_representative_count,representative_tree_levels,representative_partition_projection_scalar_products,representative_partition_sort_work,representative_center_coordinate_accumulations,representative_audit_calls,representative_audit_dense_kernel_pairs,mean_representative_field_relative_l2_error,minimum_representative_field_cosine,mean_representative_row_mass_relative_l2_error,mean_representative_column_mass_relative_l2_error,maximum_representative_row_mass_relative_error,maximum_representative_column_mass_relative_error,mean_positive_representative_rms_radius,maximum_positive_representative_radius,mean_negative_representative_rms_radius,maximum_negative_representative_radius,representative_leaf_population_min,representative_leaf_population_max,atlas_bytes,kll_serialized_bytes,wall_seconds,mean_selected_local_weight,minimum_selected_local_weight,mean_selected_local_weight_when_active,mean_local_scale,mean_teacher_displacement_rms
paper-neural-optimized,NPR-d2-balanced-gmm,balanced-gmm,2,0,concentrated,0.016,0.5,0.25,32,-1,0,0,0,2026072201,1.0,0.15,0.35029100000247126,0.0,0.0,0.35029100000247126,64,64,3,3,3.9524546530682136,1.4312255916968142,0.020912487262296553,0.11875527967564267,0.16157804848890367,1.058330774307251,1.454576908164149,1.0,0.1669921875,nan,320,20480,20480,320,20480,20480,0,0,0,0.0,0.0,0.0,64,0,0,0.0,0,0,0,0,0,0,0,2621440,2621440,0,0,0,0.0,0,0,0,0.0,1.0,0.0,0.0,0.0,0.0,0.0,0.0,0.0,0.0,0,0,0,0,0.35029100000247126,0.0,0.0,0.0,0.0,0.0
cta-exact-hybrid,NPR-d2-balanced-gmm,balanced-gmm,2,0,concentrated,0.016,0.5,0.25,32,-1,0,0,1,2026072201,1.0,0.15,0.22265899999911198,0.00062929999694461,0.05035930000303779,0.2736475999990944,64,64,3,3,3.9524546530682136,1.4312255916968142,0.009975537352031827,0.07838734080499249,0.1409384072789788,0.9873771071434021,1.4768076344809469,1.0,0.0693359375,nan,160,10240,20480,320,20480,30720,1638400,1310720,327680,21721157.592530765,18772037.592530765,2949120.0,64,32,32,32.0,10,10,4120678794,32,16,20,20,10485760,10485760,512,0,0,0.0,0,0,0,0.0,1.0,0.0,0.0,0.0,0.0,0.0,0.0,0.0,0.0,1,1,67584,0,0.22265899999911198,0.25,0.25,0.25,6.802180107850158,0.16388484351336957
cta-exact-global,NPR-d2-balanced-gmm,balanced-gmm,2,0,concentrated,0.016,0.5,0.25,32,-1,0,0,2,2026072201,1.0,0.15,0.16966440000396688,0.00062929999694461,0.05035930000303779,0.22065300000394927,64,64,3,3,3.9524546530682136,1.4312255916968142,0.008410041915512645,0.0722285154890025,0.12351220278544556,0.9813894033432007,1.4729386265293218,1.0,0.0888671875,nan,160,10240,20480,320,20480,20480,1638400,1310720,327680,21721157.592530765,18772037.592530765,2949120.0,64,32,32,32.0,10,10,4120678794,32,16,0,0,0,0,512,0,0,0.0,0,0,0,0.0,1.0,0.0,0.0,0.0,0.0,0.0,0.0,0.0,0.0,0,0,67584,0,0.16966440000396688,0.0,0.0,0.0,0.0,0.14474139269441366
cta-kll-guarded,NPR-d2-balanced-gmm,balanced-gmm,2,0,concentrated,0.016,0.5,0.25,32,-1,0,0,3,2026072201,1.0,0.15,0.2666196999998647,0.00062929999694461,0.04353160000027856,0.31078059999708785,64,64,3,3,3.9524546530682136,1.4312255916968142,0.009864840568703626,0.07741387245969165,0.13498891123680043,0.9908612966537476,1.4725487690439616,1.0,0.0693359375,nan,160,10240,20480,320,20480,30720,3604480,1310720,2293760,5898240.0,0.0,5898240.0,64,32,32,32.0,10,10,4120678794,32,16,20,20,10485760,10485760,512,0,0,0.0,0,0,0,0.0,1.0,0.0,0.0,0.0,0.0,0.0,0.0,0.0,0.0,1,1,67584,98048,0.2666196999998647,0.1875,0.0,0.1875,6.822288852984333,0.15979371070861817
cta-kll-global,NPR-d2-balanced-gmm,balanced-gmm,2,0,concentrated,0.016,0.5,0.25,32,-1,0,0,4,2026072201,1.0,0.15,0.14910909999889554,0.00062929999694461,0.04353160000027856,0.1932699999961187,64,64,3,3,3.9524546530682136,1.4312255916968142,0.008184833811950343,0.07059614792244238,0.12365610144084453,0.9784578084945679,1.470939124180025,1.0,0.08203125,nan,160,10240,20480,320,20480,20480,1638400,1310720,327680,2949120.0,0.0,2949120.0,64,32,32,32.0,10,10,4120678794,32,16,0,0,0,0,512,0,0,0.0,0,0,0,0.0,1.0,0.0,0.0,0.0,0.0,0.0,0.0,0.0,0.0,0,0,67584,98048,0.14910909999889554,0.0,0.0,0.0,0.0,0.14479336757212877
cta-kll-hybrid,NPR-d2-balanced-gmm,balanced-gmm,2,0,concentrated,0.016,0.5,0.25,32,-1,0,0,5,2026072201,1.0,0.15,0.2116604000038933,0.00062929999694461,0.04353160000027856,0.25582130000111647,64,64,3,3,3.9524546530682136,1.4312255916968142,0.010126534108880092,0.07869425536922191,0.13792919267061987,0.9877407550811768,1.4729948769166656,1.0,0.0712890625,nan,160,10240,20480,320,20480,30720,1638400,1310720,327680,2949120.0,0.0,2949120.0,64,32,32,32.0,10,10,4120678794,32,16,20,20,10485760,10485760,512,0,0,0.0,0,0,0,0.0,1.0,0.0,0.0,0.0,0.0,0.0,0.0,0.0,0.0,1,1,67584,98048,0.2116604000038933,0.25,0.25,0.25,6.805665828215249,0.16388502456247805
cta-kll-hybrid,NPR-d2-rare-gmm,rare-gmm,2,0,concentrated,0.016,0.5,0.25,32,-1,0,0,0,2026072201,1.0,0.15,0.2309739999982412,0.00018010000349022448,0.04031710000708699,0.2714712000088184,64,64,3,3,3.716130289633486,1.5222432499938814,0.00681709961970367,0.07777210679339021,0.1628968508885306,0.9896646738052368,1.4990542251040269,1.0,0.017187499999999953,0.008593749999999997,160,10240,20480,320,20480,30720,1638400,1310720,327680,2949120.0,0.0,2949120.0,64,32,32,32.0,10,10,1187595607,32,16,20,20,10485760,10485760,512,0,0,0.0,0,0,0,0.0,1.0,0.0,0.0,0.0,0.0,0.0,0.0,0.0,0.0,1,1,67584,98048,0.2309739999982412,0.25,0.25,0.25,7.040917198595477,0.21647236570715905
paper-neural-optimized,NPR-d2-rare-gmm,rare-gmm,2,0,concentrated,0.016,0.5,0.25,32,-1,0,0,1,2026072201,1.0,0.15,0.34038210000289837,0.0,0.0,0.34038210000289837,64,64,3,3,3.716130289633486,1.5222432499938814,0.029184519686534793,0.17441168703760052,0.4910641137511851,0.7401696443557739,1.9637218108003767,0.5,0.10000000000000005,0.05,320,20480,20480,320,20480,20480,0,0,0,0.0,0.0,0.0,64,0,0,0.0,0,0,0,0,0,0,0,2621440,2621440,0,0,0,0.0,0,0,0,0.0,1.0,0.0,0.0,0.0,0.0,0.0,0.0,0.0,0.0,0,0,0,0,0.34038210000289837,0.0,0.0,0.0,0.0,0.0
cta-exact-hybrid,NPR-d2-rare-gmm,rare-gmm,2,0,concentrated,0.016,0.5,0.25,32,-1,0,0,2,2026072201,1.0,0.15,0.21188969999639085,0.00018010000349022448,0.05094439999811584,0.2630141999979969,64,64,3,3,3.716130289633486,1.5222432499938814,0.006530576496667662,0.0780536997409978,0.1721756309836333,0.9926140904426575,1.484753508104216,1.0,0.020117187499999953,0.010058593749999997,160,10240,20480,320,20480,30720,1638400,1310720,327680,21721157.592530765,18772037.592530765,2949120.0,64,32,32,32.0,10,10,1187595607,32,16,20,20,10485760,10485760,512,0,0,0.0,0,0,0,0.0,1.0,0.0,0.0,0.0,0.0,0.0,0.0,0.0,0.0,1,1,67584,0,0.21188969999639085,0.25,0.25,0.25,7.1906272536208915,0.21752871088683606
cta-kll-guarded,NPR-d2-rare-gmm,rare-gmm,2,0,concentrated,0.016,0.5,0.25,32,-1,0,0,3,2026072201,1.0,0.15,0.2643705000009504,0.00018010000349022448,0.04031710000708699,0.30486770001152763,64,64,3,3,3.716130289633486,1.5222432499938814,0.010335801864456817,0.09601660081452401,0.20920275318844475,1.0203648805618286,1.5194395261958396,1.0,0.03671874999999995,0.018359374999999997,160,10240,20480,320,20480,30720,3604480,1310720,2293760,5898240.0,0.0,5898240.0,64,32,32,32.0,10,10,1187595607,32,16,20,20,10485760,10485760,512,0,0,0.0,0,0,0,0.0,1.0,0.0,0.0,0.0,0.0,0.0,0.0,0.0,0.0,1,1,67584,98048,0.2643705000009504,0.22999999999999998,0.0,0.22999999999999998,6.235325432269014,0.22095938473939897
cta-exact-global,NPR-d2-rare-gmm,rare-gmm,2,0,concentrated,0.016,0.5,0.25,32,-1,0,0,4,2026072201,1.0,0.15,0.14784740000322927,0.00018010000349022448,0.05094439999811584,0.19897190000483533,64,64,3,3,3.716130289633486,1.5222432499938814,0.013951138565793775,0.11230356962629713,0.22299952440592974,1.0080506801605225,1.471432570421677,1.0,0.04062499999999995,0.020312499999999997,160,10240,20480,320,20480,20480,1638400,1310720,327680,21721157.592530765,18772037.592530765,2949120.0,64,32,32,32.0,10,10,1187595607,32,16,0,0,0,0,512,0,0,0.0,0,0,0,0.0,1.0,0.0,0.0,0.0,0.0,0.0,0.0,0.0,0.0,0,0,67584,0,0.14784740000322927,0.0,0.0,0.0,0.0,0.19707263447344303
cta-kll-global,NPR-d2-rare-gmm,rare-gmm,2,0,concentrated,0.016,0.5,0.25,32,-1,0,0,5,2026072201,1.0,0.15,0.15636300000187475,0.00018010000349022448,0.04031710000708699,0.19686020001245197,64,64,3,3,3.716130289633486,1.5222432499938814,0.008042357860368776,0.08176632085566785,0.19877785115459232,1.0008968114852905,1.473209514580652,1.0,0.03769531249999995,0.018847656249999997,160,10240,20480,320,20480,20480,1638400,1310720,327680,2949120.0,0.0,2949120.0,64,32,32,32.0,10,10,1187595607,32,16,0,0,0,0,512,0,0,0.0,0,0,0,0.0,1.0,0.0,0.0,0.0,0.0,0.0,0.0,0.0,0.0,0,0,67584,98048,0.15636300000187475,0.0,0.0,0.0,0.0,0.19735511131584643
cta-exact-global,NPR-d2-correlated-t,correlated-t,2,0,concentrated,0.016,0.5,0.25,32,-1,0,0,0,2026072201,1.0,0.15,0.1429208000045037,0.00017699999443721026,0.04996969999774592,0.19306749999668682,64,64,3,3,3.970187330149545,1.4248330819390589,0.007126477594249225,0.08070687038484724,0.11574230349605365,0.9844228029251099,1.0891468083487765,nan,nan,nan,160,10240,20480,320,20480,20480,1638400,1310720,327680,21721157.592530765,18772037.592530765,2949120.0,64,32,32,32.0,10,10,2084644950,32,16,0,0,0,0,512,0,0,0.0,0,0,0,0.0,1.0,0.0,0.0,0.0,0.0,0.0,0.0,0.0,0.0,0,0,67584,0,0.1429208000045037,0.0,0.0,0.0,0.0,0.1670842543244362
paper-neural-optimized,NPR-d2-correlated-t,correlated-t,2,0,concentrated,0.016,0.5,0.25,32,-1,0,0,1,2026072201,1.0,0.15,0.3795742000002065,0.0,0.0,0.3795742000002065,64,64,3,3,3.970187330149545,1.4248330819390589,0.022063769182052217,0.12765382042472886,0.2350362000162326,0.7378913760185242,1.1077235406963597,nan,nan,nan,320,20480,20480,320,20480,20480,0,0,0,0.0,0.0,0.0,64,0,0,0.0,0,0,0,0,0,0,0,2621440,2621440,0,0,0,0.0,0,0,0,0.0,1.0,0.0,0.0,0.0,0.0,0.0,0.0,0.0,0.0,0,0,0,0,0.3795742000002065,0.0,0.0,0.0,0.0,0.0
cta-kll-hybrid,NPR-d2-correlated-t,correlated-t,2,0,concentrated,0.016,0.5,0.25,32,-1,0,0,2,2026072201,1.0,0.15,0.21054210000147577,0.00017699999443721026,0.040720999997574836,0.2514400999934878,64,64,3,3,3.970187330149545,1.4248330819390589,0.010065438513380931,0.10331717989895813,0.15251267189004833,1.0220063924789429,1.076620108303634,nan,nan,nan,160,10240,20480,320,20480,30720,1638400,1310720,327680,2949120.0,0.0,2949120.0,64,32,32,32.0,10,10,2084644950,32,16,20,20,10485760,10485760,512,0,0,0.0,0,0,0,0.0,1.0,0.0,0.0,0.0,0.0,0.0,0.0,0.0,0.0,1,1,67584,98048,0.21054210000147577,0.25,0.25,0.25,7.936345505485799,0.19489143826067448
cta-kll-global,NPR-d2-correlated-t,correlated-t,2,0,concentrated,0.016,0.5,0.25,32,-1,0,0,3,2026072201,1.0,0.15,0.14415400000143563,0.00017699999443721026,0.040720999997574836,0.18505199999344768,64,64,3,3,3.970187330149545,1.4248330819390589,0.004675433307777199,0.06808051109506816,0.1031309037719868,0.9752971529960632,1.0978125192866195,nan,nan,nan,160,10240,20480,320,20480,20480,1638400,1310720,327680,2949120.0,0.0,2949120.0,64,32,32,32.0,10,10,2084644950,32,16,0,0,0,0,512,0,0,0.0,0,0,0,0.0,1.0,0.0,0.0,0.0,0.0,0.0,0.0,0.0,0.0,0,0,67584,98048,0.14415400000143563,0.0,0.0,0.0,0.0,0.17326600402593612
cta-kll-guarded,NPR-d2-correlated-t,correlated-t,2,0,concentrated,0.016,0.5,0.25,32,-1,0,0,4,2026072201,1.0,0.15,0.26583430000027874,0.00017699999443721026,0.040720999997574836,0.3067322999922908,64,64,3,3,3.970187330149545,1.4248330819390589,0.005146804122989623,0.06327038460651661,0.08852863266176235,0.9551405906677246,1.0879703716352445,nan,nan,nan,160,10240,20480,320,20480,30720,3604480,1310720,2293760,5898240.0,0.0,5898240.0,64,32,32,32.0,10,10,2084644950,32,16,20,20,10485760,10485760,512,0,0,0.0,0,0,0,0.0,1.0,0.0,0.0,0.0,0.0,0.0,0.0,0.0,0.0,1,1,67584,98048,0.26583430000027874,0.2425,0.1,0.2425,8.288561806483212,0.19507833607494832
cta-exact-hybrid,NPR-d2-correlated-t,correlated-t,2,0,concentrated,0.016,0.5,0.25,32,-1,0,0,5,2026072201,1.0,0.15,0.2247069000004558,0.00017699999443721026,0.04996969999774592,0.2748535999926389,64,64,3,3,3.970187330149545,1.4248330819390589,0.008486127467708604,0.09388055557807806,0.13350071220142465,1.002396821975708,1.0645417082294635,nan,nan,nan,160,10240,20480,320,20480,30720,1638400,1310720,327680,21721157.592530765,18772037.592530765,2949120.0,64,32,32,32.0,10,10,2084644950,32,16,20,20,10485760,10485760,512,0,0,0.0,0,0,0,0.0,1.0,0.0,0.0,0.0,0.0,0.0,0.0,0.0,0.0,1,1,67584,0,0.2247069000004558,0.25,0.25,0.25,7.511659443171349,0.18880717735737562
cta-kll-hybrid,NPR-d2-nonlinear,nonlinear,2,0,concentrated,0.016,0.5,0.25,32,-1,0,0,0,2026072201,1.0,0.15,0.24645319999399362,0.00017179999849759042,0.049493600003188476,0.2961185999956797,64,64,3,3,3.932631535186106,1.4384399349085415,0.00924511581649301,0.09141829717388693,0.14393638601888886,0.8663859963417053,1.9873375417299983,nan,nan,nan,160,10240,20480,320,20480,30720,1638400,1310720,327680,2949120.0,0.0,2949120.0,64,32,32,32.0,10,10,3893130014,32,16,20,20,10485760,10485760,512,0,0,0.0,0,0,0,0.0,1.0,0.0,0.0,0.0,0.0,0.0,0.0,0.0,0.0,1,1,67584,98048,0.24645319999399362,0.25,0.25,0.25,5.567097753384645,0.18664488457143308
cta-exact-global,NPR-d2-nonlinear,nonlinear,2,0,concentrated,0.016,0.5,0.25,32,-1,0,0,1,2026072201,1.0,0.15,0.14761309999448713,0.00017179999849759042,0.050548999999591615,0.19833389999257633,64,64,3,3,3.932631535186106,1.4384399349085415,0.010500603595828162,0.10099918658512634,0.15810640979202595,0.888623833656311,1.9832753777683378,nan,nan,nan,160,10240,20480,320,20480,20480,1638400,1310720,327680,21721157.592530765,18772037.592530765,2949120.0,64,32,32,32.0,10,10,3893130014,32,16,0,0,0,0,512,0,0,0.0,0,0,0,0.0,1.0,0.0,0.0,0.0,0.0,0.0,0.0,0.0,0.0,0,0,67584,0,0.14761309999448713,0.0,0.0,0.0,0.0,0.15432011615484953
cta-kll-global,NPR-d2-nonlinear,nonlinear,2,0,concentrated,0.016,0.5,0.25,32,-1,0,0,2,2026072201,1.0,0.15,0.15050789999804692,0.00017179999849759042,0.049493600003188476,0.200173299999733,64,64,3,3,3.932631535186106,1.4384399349085415,0.01081227847668198,0.1012224663644098,0.1449057445469523,0.8957777619361877,1.9917721123237349,nan,nan,nan,160,10240,20480,320,20480,20480,1638400,1310720,327680,2949120.0,0.0,2949120.0,64,32,32,32.0,10,10,3893130014,32,16,0,0,0,0,512,0,0,0.0,0,0,0,0.0,1.0,0.0,0.0,0.0,0.0,0.0,0.0,0.0,0.0,0,0,67584,98048,0.15050789999804692,0.0,0.0,0.0,0.0,0.16258085370063782
cta-kll-guarded,NPR-d2-nonlinear,nonlinear,2,0,concentrated,0.016,0.5,0.25,32,-1,0,0,3,2026072201,1.0,0.15,0.2776326999955927,0.00017179999849759042,0.049493600003188476,0.32729809999727877,64,64,3,3,3.932631535186106,1.4384399349085415,0.007372634709894799,0.08770635624350386,0.14511743289251477,0.8818174600601196,1.9986280431706516,nan,nan,nan,160,10240,20480,320,20480,30720,3604480,1310720,2293760,5898240.0,0.0,5898240.0,64,32,32,32.0,10,10,3893130014,32,16,20,20,10485760,10485760,512,0,0,0.0,0,0,0,0.0,1.0,0.0,0.0,0.0,0.0,0.0,0.0,0.0,0.0,1,1,67584,98048,0.2776326999955927,0.2375,0.0,0.2375,5.1585734580444065,0.18410162292420865
paper-neural-optimized,NPR-d2-nonlinear,nonlinear,2,0,concentrated,0.016,0.5,0.25,32,-1,0,0,4,2026072201,1.0,0.15,0.3452928999977303,0.0,0.0,0.3452928999977303,64,64,3,3,3.932631535186106,1.4384399349085415,0.046007398269818145,0.21317680656938698,0.46944867686271524,0.6399060487747192,1.8439159893322303,nan,nan,nan,320,20480,20480,320,20480,20480,0,0,0,0.0,0.0,0.0,64,0,0,0.0,0,0,0,0,0,0,0,2621440,2621440,0,0,0,0.0,0,0,0,0.0,1.0,0.0,0.0,0.0,0.0,0.0,0.0,0.0,0.0,0,0,0,0,0.3452928999977303,0.0,0.0,0.0,0.0,0.0
cta-exact-hybrid,NPR-d2-nonlinear,nonlinear,2,0,concentrated,0.016,0.5,0.25,32,-1,0,0,5,2026072201,1.0,0.15,0.21779460000107065,0.00017179999849759042,0.050548999999591615,0.26851539999915985,64,64,3,3,3.932631535186106,1.4384399349085415,0.020288153405399578,0.12716441841388412,0.1849256741140307,0.8672028183937073,1.9633172044934475,nan,nan,nan,160,10240,20480,320,20480,30720,1638400,1310720,327680,21721157.592530765,18772037.592530765,2949120.0,64,32,32,32.0,10,10,3893130014,32,16,20,20,10485760,10485760,512,0,0,0.0,0,0,0,0.0,1.0,0.0,0.0,0.0,0.0,0.0,0.0,0.0,0.0,1,1,67584,0,0.21779460000107065,0.25,0.25,0.25,5.470958429189999,0.1777507161721587
cta-exact-hybrid,NPR-d4-balanced-gmm,balanced-gmm,4,0,concentrated,0.016,0.5,0.25,32,-1,0,0,0,2026072201,1.0,0.15,0.20937830000184476,0.00025740000273799524,0.051669999993464444,0.2613056999980472,64,64,10,10,1.657322008175897,2.4135321803893337,0.01110310006025994,0.06997379800086433,0.10649797658571507,1.0005438327789307,2.0416567856179983,1.0,0.0595703125,nan,160,10240,20480,320,20480,30720,1638400,1310720,327680,21721157.592530765,18772037.592530765,2949120.0,64,32,32,32.0,10,10,2077447543,16,8,20,20,10485760,10485760,512,0,0,0.0,0,0,0,0.0,1.0,0.0,0.0,0.0,0.0,0.0,0.0,0.0,0.0,1,1,68608,0,0.20937830000184476,0.25,0.25,0.25,3.6220326908465226,0.20587694086134434
cta-kll-global,NPR-d4-balanced-gmm,balanced-gmm,4,0,concentrated,0.016,0.5,0.25,32,-1,0,0,1,2026072201,1.0,0.15,0.14651120000053197,0.00025740000273799524,0.04166390000318643,0.1884325000064564,64,64,10,10,1.657322008175897,2.4135321803893337,0.013230442554221788,0.07614874430695917,0.11412975426599355,0.9895060658454895,2.0596371018647828,1.0,0.0537109375,nan,160,10240,20480,320,20480,20480,1638400,1310720,327680,2949120.0,0.0,2949120.0,64,32,32,32.0,10,10,2077447543,16,8,0,0,0,0,512,0,0,0.0,0,0,0,0.0,1.0,0.0,0.0,0.0,0.0,0.0,0.0,0.0,0.0,0,0,68608,98048,0.14651120000053197,0.0,0.0,0.0,0.0,0.1886056199669838
cta-kll-hybrid,NPR-d4-balanced-gmm,balanced-gmm,4,0,concentrated,0.016,0.5,0.25,32,-1,0,0,2,2026072201,1.0,0.15,0.21283450000191806,0.00025740000273799524,0.04166390000318643,0.2547558000078425,64,64,10,10,1.657322008175897,2.4135321803893337,0.011326231686790145,0.07050148531053645,0.10751829189533489,0.9996293783187866,2.0355713416739554,1.0,0.05859375,nan,160,10240,20480,320,20480,30720,1638400,1310720,327680,2949120.0,0.0,2949120.0,64,32,32,32.0,10,10,2077447543,16,8,20,20,10485760,10485760,512,0,0,0.0,0,0,0,0.0,1.0,0.0,0.0,0.0,0.0,0.0,0.0,0.0,0.0,1,1,68608,98048,0.21283450000191806,0.25,0.25,0.25,3.6222838275192126,0.20582684986293315
paper-neural-optimized,NPR-d4-balanced-gmm,balanced-gmm,4,0,concentrated,0.016,0.5,0.25,32,-1,0,0,3,2026072201,1.0,0.15,0.34001010000065435,0.0,0.0,0.34001010000065435,64,64,10,10,1.657322008175897,2.4135321803893337,0.02687170949355977,0.10552388855169759,0.14487367394795397,0.9110780358314514,1.8877182141836901,1.0,0.1279296875,nan,320,20480,20480,320,20480,20480,0,0,0,0.0,0.0,0.0,64,0,0,0.0,0,0,0,0,0,0,0,2621440,2621440,0,0,0,0.0,0,0,0,0.0,1.0,0.0,0.0,0.0,0.0,0.0,0.0,0.0,0.0,0,0,0,0,0.34001010000065435,0.0,0.0,0.0,0.0,0.0
cta-exact-global,NPR-d4-balanced-gmm,balanced-gmm,4,0,concentrated,0.016,0.5,0.25,32,-1,0,0,4,2026072201,1.0,0.15,0.14918139999645064,0.00025740000273799524,0.051669999993464444,0.20110879999265308,64,64,10,10,1.657322008175897,2.4135321803893337,0.013195304773488736,0.07597797517008915,0.11327319115744129,0.988480269908905,2.0585314498878704,1.0,0.0546875,nan,160,10240,20480,320,20480,20480,1638400,1310720,327680,21721157.592530765,18772037.592530765,2949120.0,64,32,32,32.0,10,10,2077447543,16,8,0,0,0,0,512,0,0,0.0,0,0,0,0.0,1.0,0.0,0.0,0.0,0.0,0.0,0.0,0.0,0.0,0,0,68608,0,0.14918139999645064,0.0,0.0,0.0,0.0,0.18872842490673064
cta-kll-guarded,NPR-d4-balanced-gmm,balanced-gmm,4,0,concentrated,0.016,0.5,0.25,32,-1,0,0,5,2026072201,1.0,0.15,0.2642016999961925,0.00025740000273799524,0.04166390000318643,0.3061230000021169,64,64,10,10,1.657322008175897,2.4135321803893337,0.011817186335497887,0.07213838913080048,0.10920020715181741,0.9970713257789612,2.0280140301569896,1.0,0.0576171875,nan,160,10240,20480,320,20480,30720,3604480,1310720,2293760,5898240.0,0.0,5898240.0,64,32,32,32.0,10,10,2077447543,16,8,20,20,10485760,10485760,512,0,0,0.0,0,0,0,0.0,1.0,0.0,0.0,0.0,0.0,0.0,0.0,0.0,0.0,1,1,68608,98048,0.2642016999961925,0.20750000000000002,0.0,0.20750000000000002,3.5828733635379697,0.20154973678290844
cta-exact-global,NPR-d4-rare-gmm,rare-gmm,4,0,concentrated,0.016,0.5,0.25,32,-1,0,0,0,2026072201,1.0,0.15,0.14710189999459544,0.00021769999875687063,0.04861289999826113,0.19593249999161344,64,64,10,10,1.7135514207003593,2.3343332167791786,0.018743351542688913,0.11452746221525173,0.2016775588030409,1.0997315645217896,2.258183603524762,1.0,0.07382812499999995,0.0369140625,160,10240,20480,320,20480,20480,1638400,1310720,327680,21721157.592530765,18772037.592530765,2949120.0,64,32,32,32.0,10,10,2264365387,16,8,0,0,0,0,512,0,0,0.0,0,0,0,0.0,1.0,0.0,0.0,0.0,0.0,0.0,0.0,0.0,0.0,0,0,68608,0,0.14710189999459544,0.0,0.0,0.0,0.0,0.24245658405125142
cta-kll-guarded,NPR-d4-rare-gmm,rare-gmm,4,0,concentrated,0.016,0.5,0.25,32,-1,0,0,1,2026072201,1.0,0.15,0.2644905999986804,0.00021769999875687063,0.040099199999531265,0.30480749999696855,64,64,10,10,1.7135514207003593,2.3343332167791786,0.012330252199252989,0.09129941326222538,0.17874329307819026,1.0779942274093628,2.3728591501569287,1.0,0.06894531249999995,0.03447265625,160,10240,20480,320,20480,30720,3604480,1310720,2293760,5898240.0,0.0,5898240.0,64,32,32,32.0,10,10,2264365387,16,8,20,20,10485760,10485760,512,0,0,0.0,0,0,0,0.0,1.0,0.0,0.0,0.0,0.0,0.0,0.0,0.0,0.0,1,1,68608,98048,0.2644905999986804,0.1625,0.0,0.1625,4.457601331378731,0.2626907866448164
cta-kll-global,NPR-d4-rare-gmm,rare-gmm,4,0,concentrated,0.016,0.5,0.25,32,-1,0,0,2,2026072201,1.0,0.15,0.15300679999927524,0.00021769999875687063,0.040099199999531265,0.19332369999756338,64,64,10,10,1.7135514207003593,2.3343332167791786,0.02045800298743039,0.11713575245035349,0.20259863025193983,1.1075608730316162,2.3151654589342763,1.0,0.07089843749999995,0.03544921875,160,10240,20480,320,20480,20480,1638400,1310720,327680,2949120.0,0.0,2949120.0,64,32,32,32.0,10,10,2264365387,16,8,0,0,0,0,512,0,0,0.0,0,0,0,0.0,1.0,0.0,0.0,0.0,0.0,0.0,0.0,0.0,0.0,0,0,68608,98048,0.15300679999927524,0.0,0.0,0.0,0.0,0.24054897762835026
cta-kll-hybrid,NPR-d4-rare-gmm,rare-gmm,4,0,concentrated,0.016,0.5,0.25,32,-1,0,0,3,2026072201,1.0,0.15,0.20889470000111032,0.00021769999875687063,0.040099199999531265,0.24921159999939846,64,64,10,10,1.7135514207003593,2.3343332167791786,0.00822736212546804,0.07480290905546966,0.1588491053555201,1.064328670501709,2.4455429531604063,1.0,0.05820312499999995,0.029101562499999997,160,10240,20480,320,20480,30720,1638400,1310720,327680,2949120.0,0.0,2949120.0,64,32,32,32.0,10,10,2264365387,16,8,20,20,10485760,10485760,512,0,0,0.0,0,0,0,0.0,1.0,0.0,0.0,0.0,0.0,0.0,0.0,0.0,0.0,1,1,68608,98048,0.20889470000111032,0.25,0.25,0.25,5.039708627337427,0.27159160301089286
cta-exact-hybrid,NPR-d4-rare-gmm,rare-gmm,4,0,concentrated,0.016,0.5,0.25,32,-1,0,0,4,2026072201,1.0,0.15,0.21094279999670107,0.00021769999875687063,0.04861289999826113,0.25977339999371907,64,64,10,10,1.7135514207003593,2.3343332167791786,0.012298214781100825,0.09270972595205647,0.2027244856035247,1.1046183109283447,2.270482907920544,1.0,0.07578124999999995,0.037890625,160,10240,20480,320,20480,30720,1638400,1310720,327680,21721157.592530765,18772037.592530765,2949120.0,64,32,32,32.0,10,10,2264365387,16,8,20,20,10485760,10485760,512,0,0,0.0,0,0,0,0.0,1.0,0.0,0.0,0.0,0.0,0.0,0.0,0.0,0.0,1,1,68608,0,0.21094279999670107,0.25,0.25,0.25,5.017758342386888,0.27165230810642244
paper-neural-optimized,NPR-d4-rare-gmm,rare-gmm,4,0,concentrated,0.016,0.5,0.25,32,-1,0,0,5,2026072201,1.0,0.15,0.3428081000020029,0.0,0.0,0.3428081000020029,64,64,10,10,1.7135514207003593,2.3343332167791786,0.04058907027886072,0.16845306380871566,0.43664407394014354,0.7348530888557434,3.653279747810889,0.5,0.10000000000000005,0.05,320,20480,20480,320,20480,20480,0,0,0,0.0,0.0,0.0,64,0,0,0.0,0,0,0,0,0,0,0,2621440,2621440,0,0,0,0.0,0,0,0,0.0,1.0,0.0,0.0,0.0,0.0,0.0,0.0,0.0,0.0,0,0,0,0,0.3428081000020029,0.0,0.0,0.0,0.0,0.0
cta-kll-global,NPR-d4-correlated-t,correlated-t,4,0,concentrated,0.016,0.5,0.25,32,-1,0,0,0,2026072201,1.0,0.15,0.14503919999697246,0.00021099999867146835,0.04106160000083037,0.1863117999964743,64,64,10,10,1.3349769429763683,2.996306431391908,0.017763752339164718,0.10344428323623142,0.1389334782165239,1.0253582000732422,2.0728444173702445,nan,nan,nan,160,10240,20480,320,20480,20480,1638400,1310720,327680,2949120.0,0.0,2949120.0,64,32,32,32.0,10,10,2502354717,16,8,0,0,0,0,512,0,0,0.0,0,0,0,0.0,1.0,0.0,0.0,0.0,0.0,0.0,0.0,0.0,0.0,0,0,68608,98048,0.14503919999697246,0.0,0.0,0.0,0.0,0.23115538135170938
paper-neural-optimized,NPR-d4-correlated-t,correlated-t,4,0,concentrated,0.016,0.5,0.25,32,-1,0,0,1,2026072201,1.0,0.15,0.34552740000071935,0.0,0.0,0.34552740000071935,64,64,10,10,1.3349769429763683,2.996306431391908,0.023475501400595178,0.10805104471500117,0.1973483620839339,0.7976632714271545,1.8032568190756746,nan,nan,nan,320,20480,20480,320,20480,20480,0,0,0,0.0,0.0,0.0,64,0,0,0.0,0,0,0,0,0,0,0,2621440,2621440,0,0,0,0.0,0,0,0,0.0,1.0,0.0,0.0,0.0,0.0,0.0,0.0,0.0,0.0,0,0,0,0,0.34552740000071935,0.0,0.0,0.0,0.0,0.0
cta-exact-hybrid,NPR-d4-correlated-t,correlated-t,4,0,concentrated,0.016,0.5,0.25,32,-1,0,0,2,2026072201,1.0,0.15,0.21685960000468185,0.00021099999867146835,0.04951270000310615,0.26658330000645947,64,64,10,10,1.3349769429763683,2.996306431391908,0.014645883774097257,0.09436949673435749,0.1354399922114739,0.9795310497283936,1.950322076081371,nan,nan,nan,160,10240,20480,320,20480,30720,1638400,1310720,327680,21721157.592530765,18772037.592530765,2949120.0,64,32,32,32.0,10,10,2502354717,16,8,20,20,10485760,10485760,512,0,0,0.0,0,0,0,0.0,1.0,0.0,0.0,0.0,0.0,0.0,0.0,0.0,0.0,1,1,68608,0,0.21685960000468185,0.25,0.25,0.25,8.494119212024914,0.23286991007626057
cta-exact-global,NPR-d4-correlated-t,correlated-t,4,0,concentrated,0.016,0.5,0.25,32,-1,0,0,3,2026072201,1.0,0.15,0.14512660000036703,0.00021099999867146835,0.04951270000310615,0.19485030000214465,64,64,10,10,1.3349769429763683,2.996306431391908,0.012041206962946305,0.08049051465856837,0.11782955502515241,0.9749225378036499,2.1088358943248826,nan,nan,nan,160,10240,20480,320,20480,20480,1638400,1310720,327680,21721157.592530765,18772037.592530765,2949120.0,64,32,32,32.0,10,10,2502354717,16,8,0,0,0,0,512,0,0,0.0,0,0,0,0.0,1.0,0.0,0.0,0.0,0.0,0.0,0.0,0.0,0.0,0,0,68608,0,0.14512660000036703,0.0,0.0,0.0,0.0,0.2120521541684866
cta-kll-guarded,NPR-d4-correlated-t,correlated-t,4,0,concentrated,0.016,0.5,0.25,32,-1,0,0,4,2026072201,1.0,0.15,0.26234459999977844,0.00021099999867146835,0.04106160000083037,0.3036171999992803,64,64,10,10,1.3349769429763683,2.996306431391908,0.013916678544117822,0.09220160496688282,0.13885431373879023,1.011637806892395,1.9474070128325407,nan,nan,nan,160,10240,20480,320,20480,30720,3604480,1310720,2293760,5898240.0,0.0,5898240.0,64,32,32,32.0,10,10,2502354717,16,8,20,20,10485760,10485760,512,0,0,0.0,0,0,0,0.0,1.0,0.0,0.0,0.0,0.0,0.0,0.0,0.0,0.0,1,1,68608,98048,0.26234459999977844,0.21749999999999997,0.0,0.21749999999999997,8.933177464529294,0.2507091287523508
cta-kll-hybrid,NPR-d4-correlated-t,correlated-t,4,0,concentrated,0.016,0.5,0.25,32,-1,0,0,5,2026072201,1.0,0.15,0.21389189999899827,0.00021099999867146835,0.04106160000083037,0.2551644999985001,64,64,10,10,1.3349769429763683,2.996306431391908,0.01344065658536664,0.08979327631859423,0.1347498860917461,1.00431227684021,1.955595673983231,nan,nan,nan,160,10240,20480,320,20480,30720,1638400,1310720,327680,2949120.0,0.0,2949120.0,64,32,32,32.0,10,10,2502354717,16,8,20,20,10485760,10485760,512,0,0,0.0,0,0,0,0.0,1.0,0.0,0.0,0.0,0.0,0.0,0.0,0.0,0.0,1,1,68608,98048,0.21389189999899827,0.25,0.25,0.25,9.042141531337455,0.2545265477150679
cta-kll-guarded,NPR-d4-nonlinear,nonlinear,4,0,concentrated,0.016,0.5,0.25,32,-1,0,0,0,2026072201,1.0,0.15,0.2711658000043826,0.00020670000230893493,0.041205199995602015,0.31257770000229357,64,64,10,10,1.576598898070453,2.5371069362635397,0.010782719015487885,0.07434252021680747,0.10888813264494579,1.0006250143051147,2.728563463638686,nan,nan,nan,160,10240,20480,320,20480,30720,3604480,1310720,2293760,5898240.0,0.0,5898240.0,64,32,32,32.0,10,10,2270578536,16,8,20,20,10485760,10485760,512,0,0,0.0,0,0,0,0.0,1.0,0.0,0.0,0.0,0.0,0.0,0.0,0.0,0.0,1,1,68608,98048,0.2711658000043826,0.2375,0.0,0.2375,4.2778559457866265,0.22543278224766256
paper-neural-optimized,NPR-d4-nonlinear,nonlinear,4,0,concentrated,0.016,0.5,0.25,32,-1,0,0,1,2026072201,1.0,0.15,0.36014659999636933,0.0,0.0,0.36014659999636933,64,64,10,10,1.576598898070453,2.5371069362635397,0.0549708055766045,0.18724192608082263,0.4214817509677975,0.7293534278869629,2.6548365027851943,nan,nan,nan,320,20480,20480,320,20480,20480,0,0,0,0.0,0.0,0.0,64,0,0,0.0,0,0,0,0,0,0,0,2621440,2621440,0,0,0,0.0,0,0,0,0.0,1.0,0.0,0.0,0.0,0.0,0.0,0.0,0.0,0.0,0,0,0,0,0.36014659999636933,0.0,0.0,0.0,0.0,0.0
cta-kll-hybrid,NPR-d4-nonlinear,nonlinear,4,0,concentrated,0.016,0.5,0.25,32,-1,0,0,2,2026072201,1.0,0.15,0.21849840000504628,0.00020670000230893493,0.041205199995602015,0.25991030000295723,64,64,10,10,1.576598898070453,2.5371069362635397,0.011907369154091185,0.07570000757023186,0.10556866558881393,1.0098284482955933,2.711255281976006,nan,nan,nan,160,10240,20480,320,20480,30720,1638400,1310720,327680,2949120.0,0.0,2949120.0,64,32,32,32.0,10,10,2270578536,16,8,20,20,10485760,10485760,512,0,0,0.0,0,0,0,0.0,1.0,0.0,0.0,0.0,0.0,0.0,0.0,0.0,0.0,1,1,68608,98048,0.21849840000504628,0.25,0.25,0.25,4.5735062398573065,0.23166026510298252
cta-kll-global,NPR-d4-nonlinear,nonlinear,4,0,concentrated,0.016,0.5,0.25,32,-1,0,0,3,2026072201,1.0,0.15,0.15490839999984019,0.00020670000230893493,0.041205199995602015,0.19632029999775114,64,64,10,10,1.576598898070453,2.5371069362635397,0.006060875157450241,0.06012855413528231,0.09826431127797122,0.9935610890388489,2.74911784538937,nan,nan,nan,160,10240,20480,320,20480,20480,1638400,1310720,327680,2949120.0,0.0,2949120.0,64,32,32,32.0,10,10,2270578536,16,8,0,0,0,0,512,0,0,0.0,0,0,0,0.0,1.0,0.0,0.0,0.0,0.0,0.0,0.0,0.0,0.0,0,0,68608,98048,0.15490839999984019,0.0,0.0,0.0,0.0,0.2090575613081455
cta-exact-hybrid,NPR-d4-nonlinear,nonlinear,4,0,concentrated,0.016,0.5,0.25,32,-1,0,0,4,2026072201,1.0,0.15,0.2234113000013167,0.00020670000230893493,0.04890339999838034,0.272521400002006,64,64,10,10,1.576598898070453,2.5371069362635397,0.008633512484954586,0.06581496653989599,0.09410294341648602,1.0084292888641357,2.7094789427533894,nan,nan,nan,160,10240,20480,320,20480,30720,1638400,1310720,327680,21721157.592530765,18772037.592530765,2949120.0,64,32,32,32.0,10,10,2270578536,16,8,20,20,10485760,10485760,512,0,0,0.0,0,0,0,0.0,1.0,0.0,0.0,0.0,0.0,0.0,0.0,0.0,0.0,1,1,68608,0,0.2234113000013167,0.25,0.25,0.25,4.545239675241843,0.23161018639802933
cta-exact-global,NPR-d4-nonlinear,nonlinear,4,0,concentrated,0.016,0.5,0.25,32,-1,0,0,5,2026072201,1.0,0.15,0.15402149999863468,0.00020670000230893493,0.04890339999838034,0.20313159999932395,64,64,10,10,1.576598898070453,2.5371069362635397,0.005564817105100595,0.057468385153048786,0.0939693343034322,0.9934483766555786,2.7408073094938024,nan,nan,nan,160,10240,20480,320,20480,20480,1638400,1310720,327680,21721157.592530765,18772037.592530765,2949120.0,64,32,32,32.0,10,10,2270578536,16,8,0,0,0,0,512,0,0,0.0,0,0,0,0.0,1.0,0.0,0.0,0.0,0.0,0.0,0.0,0.0,0.0,0,0,68608,0,0.15402149999863468,0.0,0.0,0.0,0.0,0.2081656400114298
cta-kll-global,NPR-d8-balanced-gmm,balanced-gmm,8,0,concentrated,0.016,0.5,0.25,32,-1,0,0,0,2026072201,1.0,0.15,0.15200449999974808,0.0006007999982102774,0.0408746000030078,0.19347990000096615,64,64,36,36,0.3145925077510418,8.990764417646316,0.04081959114912603,0.12017296390126248,0.1325572718202261,1.0076853036880493,3.3329673209588977,1.0,0.04296875,nan,160,10240,20480,320,20480,20480,1638400,1310720,327680,2949120.0,0.0,2949120.0,64,32,32,32.0,10,10,293263602,8,4,0,0,0,0,512,0,0,0.0,0,0,0,0.0,1.0,0.0,0.0,0.0,0.0,0.0,0.0,0.0,0.0,0,0,70656,98048,0.15200449999974808,0.0,0.0,0.0,0.0,0.2629474960267544
cta-kll-guarded,NPR-d8-balanced-gmm,balanced-gmm,8,0,concentrated,0.016,0.5,0.25,32,-1,0,0,1,2026072201,1.0,0.15,0.27437830000417307,0.0006007999982102774,0.0408746000030078,0.31585370000539115,64,64,36,36,0.3145925077510418,8.990764417646316,0.025607708064240953,0.09281587642561197,0.11603049991347851,1.0060181617736816,3.167420925080731,1.0,0.0556640625,nan,160,10240,20480,320,20480,30720,3604480,1310720,2293760,5898240.0,0.0,5898240.0,64,32,32,32.0,10,10,293263602,8,4,20,20,10485760,10485760,512,0,0,0.0,0,0,0,0.0,1.0,0.0,0.0,0.0,0.0,0.0,0.0,0.0,0.0,1,1,70656,98048,0.27437830000417307,0.25,0.25,0.25,3.915467793724681,0.2810758169740438
cta-exact-global,NPR-d8-balanced-gmm,balanced-gmm,8,0,concentrated,0.016,0.5,0.25,32,-1,0,0,2,2026072201,1.0,0.15,0.1526305000006687,0.0006007999982102774,0.05094500000268454,0.2041763000015635,64,64,36,36,0.3145925077510418,8.990764417646316,0.04026967203598275,0.11908312478328362,0.13201418851993163,1.0077295303344727,3.337535287074821,1.0,0.04296875,nan,160,10240,20480,320,20480,20480,1638400,1310720,327680,21721157.592530765,18772037.592530765,2949120.0,64,32,32,32.0,10,10,293263602,8,4,0,0,0,0,512,0,0,0.0,0,0,0,0.0,1.0,0.0,0.0,0.0,0.0,0.0,0.0,0.0,0.0,0,0,70656,0,0.1526305000006687,0.0,0.0,0.0,0.0,0.2625588525086641
paper-neural-optimized,NPR-d8-balanced-gmm,balanced-gmm,8,0,concentrated,0.016,0.5,0.25,32,-1,0,0,3,2026072201,1.0,0.15,0.34239330000127666,0.0,0.0,0.34239330000127666,64,64,36,36,0.3145925077510418,8.990764417646316,0.05742513577970065,0.14123230786397178,0.2027106198373544,0.9736286401748657,3.049708466561323,1.0,0.1455078125,nan,320,20480,20480,320,20480,20480,0,0,0,0.0,0.0,0.0,64,0,0,0.0,0,0,0,0,0,0,0,2621440,2621440,0,0,0,0.0,0,0,0,0.0,1.0,0.0,0.0,0.0,0.0,0.0,0.0,0.0,0.0,0,0,0,0,0.34239330000127666,0.0,0.0,0.0,0.0,0.0
cta-kll-hybrid,NPR-d8-balanced-gmm,balanced-gmm,8,0,concentrated,0.016,0.5,0.25,32,-1,0,0,4,2026072201,1.0,0.15,0.21735479999915697,0.0006007999982102774,0.0408746000030078,0.25883020000037504,64,64,36,36,0.3145925077510418,8.990764417646316,0.025607708064240953,0.09281587642561197,0.11603049991347851,1.0060181617736816,3.167420925080731,1.0,0.0556640625,nan,160,10240,20480,320,20480,30720,1638400,1310720,327680,2949120.0,0.0,2949120.0,64,32,32,32.0,10,10,293263602,8,4,20,20,10485760,10485760,512,0,0,0.0,0,0,0,0.0,1.0,0.0,0.0,0.0,0.0,0.0,0.0,0.0,0.0,1,1,70656,98048,0.21735479999915697,0.25,0.25,0.25,3.915467793724681,0.2810758169740438
cta-exact-hybrid,NPR-d8-balanced-gmm,balanced-gmm,8,0,concentrated,0.016,0.5,0.25,32,-1,0,0,5,2026072201,1.0,0.15,0.21368230000371113,0.0006007999982102774,0.05094500000268454,0.26522810000460595,64,64,36,36,0.3145925077510418,8.990764417646316,0.025188006389327278,0.09201777509802786,0.11526136092436072,1.0060787200927734,3.1711678132921417,1.0,0.05859375,nan,160,10240,20480,320,20480,30720,1638400,1310720,327680,21721157.592530765,18772037.592530765,2949120.0,64,32,32,32.0,10,10,293263602,8,4,20,20,10485760,10485760,512,0,0,0.0,0,0,0,0.0,1.0,0.0,0.0,0.0,0.0,0.0,0.0,0.0,0.0,1,1,70656,0,0.21368230000371113,0.25,0.25,0.25,3.91394920671454,0.28091349862515924
cta-kll-guarded,NPR-d8-rare-gmm,rare-gmm,8,0,concentrated,0.016,0.5,0.25,32,-1,0,0,0,2026072201,1.0,0.15,0.27033510000183014,0.0004056999969179742,0.04173970000556437,0.3124805000043125,64,64,36,36,0.3415174362949428,8.281940610210869,0.03306899011161013,0.1300702721058116,0.16983427368174864,0.9768100380897522,6.013214090311857,1.0,0.011132812500000047,0.005566406250000003,160,10240,20480,320,20480,30720,3604480,1310720,2293760,5898240.0,0.0,5898240.0,64,32,32,32.0,10,10,4007087305,8,4,20,20,10485760,10485760,512,0,0,0.0,0,0,0,0.0,1.0,0.0,0.0,0.0,0.0,0.0,0.0,0.0,0.0,1,1,70656,98048,0.27033510000183014,0.05,0.0,0.05,4.15052147518181,0.2669540889561176
cta-kll-hybrid,NPR-d8-rare-gmm,rare-gmm,8,0,concentrated,0.016,0.5,0.25,32,-1,0,0,1,2026072201,1.0,0.15,0.22051339999597985,0.0004056999969179742,0.04173970000556437,0.2626587999984622,64,64,36,36,0.3415174362949428,8.281940610210869,0.023977455983688056,0.11054820249149407,0.15921998844237253,0.9773057699203491,6.279402477500148,1.0,0.009179687500000047,0.004589843750000003,160,10240,20480,320,20480,30720,1638400,1310720,327680,2949120.0,0.0,2949120.0,64,32,32,32.0,10,10,4007087305,8,4,20,20,10485760,10485760,512,0,0,0.0,0,0,0,0.0,1.0,0.0,0.0,0.0,0.0,0.0,0.0,0.0,0.0,1,1,70656,98048,0.22051339999597985,0.25,0.25,0.25,4.510771976656184,0.28255092799663545
cta-exact-hybrid,NPR-d8-rare-gmm,rare-gmm,8,0,concentrated,0.016,0.5,0.25,32,-1,0,0,2,2026072201,1.0,0.15,0.2250491999948281,0.0004056999969179742,0.05187860000296496,0.277333499994711,64,64,36,36,0.3415174362949428,8.281940610210869,0.023554893590570725,0.10924701904366811,0.15908749489937501,0.9757428765296936,6.36876421313582,1.0,0.017968750000000047,0.008984375000000003,160,10240,20480,320,20480,30720,1638400,1310720,327680,21721157.592530765,18772037.592530765,2949120.0,64,32,32,32.0,10,10,4007087305,8,4,20,20,10485760,10485760,512,0,0,0.0,0,0,0,0.0,1.0,0.0,0.0,0.0,0.0,0.0,0.0,0.0,0.0,1,1,70656,0,0.2250491999948281,0.25,0.25,0.25,4.50570054945578,0.2808376424014568
cta-kll-global,NPR-d8-rare-gmm,rare-gmm,8,0,concentrated,0.016,0.5,0.25,32,-1,0,0,3,2026072201,1.0,0.15,0.15450199999759207,0.0004056999969179742,0.04173970000556437,0.1966474000000744,64,64,36,36,0.3415174362949428,8.281940610210869,0.03534709145615578,0.13469137444126428,0.17016930448815745,0.9837836027145386,5.862106411117978,1.0,0.013085937500000047,0.006542968750000003,160,10240,20480,320,20480,20480,1638400,1310720,327680,2949120.0,0.0,2949120.0,64,32,32,32.0,10,10,4007087305,8,4,0,0,0,0,512,0,0,0.0,0,0,0,0.0,1.0,0.0,0.0,0.0,0.0,0.0,0.0,0.0,0.0,0,0,70656,98048,0.15450199999759207,0.0,0.0,0.0,0.0,0.2598727934062481
paper-neural-optimized,NPR-d8-rare-gmm,rare-gmm,8,0,concentrated,0.016,0.5,0.25,32,-1,0,0,4,2026072201,1.0,0.15,0.3425652000005357,0.0,0.0,0.3425652000005357,64,64,36,36,0.3415174362949428,8.281940610210869,0.1127920237059068,0.2189313313670738,0.39597509055846436,0.7642903923988342,6.261888516945409,0.5,0.10000000000000005,0.05,320,20480,20480,320,20480,20480,0,0,0,0.0,0.0,0.0,64,0,0,0.0,0,0,0,0,0,0,0,2621440,2621440,0,0,0,0.0,0,0,0,0.0,1.0,0.0,0.0,0.0,0.0,0.0,0.0,0.0,0.0,0,0,0,0,0.3425652000005357,0.0,0.0,0.0,0.0,0.0
cta-exact-global,NPR-d8-rare-gmm,rare-gmm,8,0,concentrated,0.016,0.5,0.25,32,-1,0,0,5,2026072201,1.0,0.15,0.15436780000163708,0.0004056999969179742,0.05187860000296496,0.20665210000152,64,64,36,36,0.3415174362949428,8.281940610210869,0.03402981647821024,0.132308698431973,0.16821064013230608,0.9862449765205383,5.909337078156432,1.0,0.014062500000000047,0.007031250000000003,160,10240,20480,320,20480,20480,1638400,1310720,327680,21721157.592530765,18772037.592530765,2949120.0,64,32,32,32.0,10,10,4007087305,8,4,0,0,0,0,512,0,0,0.0,0,0,0,0.0,1.0,0.0,0.0,0.0,0.0,0.0,0.0,0.0,0.0,0,0,70656,0,0.15436780000163708,0.0,0.0,0.0,0.0,0.2587711840867996
cta-kll-hybrid,NPR-d8-correlated-t,correlated-t,8,0,concentrated,0.016,0.5,0.25,32,-1,0,0,0,2026072201,1.0,0.15,0.21690859999944223,0.0003073999978369102,0.04336460000195075,0.2605805999992299,64,64,36,36,0.35181214759677143,8.039594835104971,0.014033020749188552,0.07504407216026841,0.12520412769099065,0.9479242563247681,4.475012161514413,nan,nan,nan,160,10240,20480,320,20480,30720,1638400,1310720,327680,2949120.0,0.0,2949120.0,64,32,32,32.0,10,10,95594302,8,4,20,20,10485760,10485760,512,0,0,0.0,0,0,0,0.0,1.0,0.0,0.0,0.0,0.0,0.0,0.0,0.0,0.0,1,1,70656,98048,0.21690859999944223,0.25,0.25,0.25,9.661442226706765,0.29185602962970736
paper-neural-optimized,NPR-d8-correlated-t,correlated-t,8,0,concentrated,0.016,0.5,0.25,32,-1,0,0,1,2026072201,1.0,0.15,0.3502264999988256,0.0,0.0,0.3502264999988256,64,64,36,36,0.35181214759677143,8.039594835104971,0.030422919141354754,0.10988979847400696,0.22503868254561438,0.8165655136108398,3.515822817849859,nan,nan,nan,320,20480,20480,320,20480,20480,0,0,0,0.0,0.0,0.0,64,0,0,0.0,0,0,0,0,0,0,0,2621440,2621440,0,0,0,0.0,0,0,0,0.0,1.0,0.0,0.0,0.0,0.0,0.0,0.0,0.0,0.0,0,0,0,0,0.3502264999988256,0.0,0.0,0.0,0.0,0.0
cta-kll-global,NPR-d8-correlated-t,correlated-t,8,0,concentrated,0.016,0.5,0.25,32,-1,0,0,2,2026072201,1.0,0.15,0.15355109999654815,0.0003073999978369102,0.04336460000195075,0.1972230999963358,64,64,36,36,0.35181214759677143,8.039594835104971,0.023096057434557338,0.09757045370514461,0.1388053314974148,0.9699086546897888,4.778677472820473,nan,nan,nan,160,10240,20480,320,20480,20480,1638400,1310720,327680,2949120.0,0.0,2949120.0,64,32,32,32.0,10,10,95594302,8,4,0,0,0,0,512,0,0,0.0,0,0,0,0.0,1.0,0.0,0.0,0.0,0.0,0.0,0.0,0.0,0.0,0,0,70656,98048,0.15355109999654815,0.0,0.0,0.0,0.0,0.2662870533764362
cta-exact-hybrid,NPR-d8-correlated-t,correlated-t,8,0,concentrated,0.016,0.5,0.25,32,-1,0,0,3,2026072201,1.0,0.15,0.21048119999613846,0.0003073999978369102,0.04933099999470869,0.26011959998868406,64,64,36,36,0.35181214759677143,8.039594835104971,0.01321745946288555,0.07316603635376552,0.12020683701221468,0.9552297592163086,4.343756899469905,nan,nan,nan,160,10240,20480,320,20480,30720,1638400,1310720,327680,21721157.592530765,18772037.592530765,2949120.0,64,32,32,32.0,10,10,95594302,8,4,20,20,10485760,10485760,512,0,0,0.0,0,0,0,0.0,1.0,0.0,0.0,0.0,0.0,0.0,0.0,0.0,0.0,1,1,70656,0,0.21048119999613846,0.25,0.25,0.25,9.507173635339218,0.2786861442029476
cta-exact-global,NPR-d8-correlated-t,correlated-t,8,0,concentrated,0.016,0.5,0.25,32,-1,0,0,4,2026072201,1.0,0.15,0.15008859999943525,0.0003073999978369102,0.04933099999470869,0.19972699999198085,64,64,36,36,0.35181214759677143,8.039594835104971,0.02124304578061409,0.09518503340665328,0.13550673101631425,0.9689669013023376,4.556831470495201,nan,nan,nan,160,10240,20480,320,20480,20480,1638400,1310720,327680,21721157.592530765,18772037.592530765,2949120.0,64,32,32,32.0,10,10,95594302,8,4,0,0,0,0,512,0,0,0.0,0,0,0,0.0,1.0,0.0,0.0,0.0,0.0,0.0,0.0,0.0,0.0,0,0,70656,0,0.15008859999943525,0.0,0.0,0.0,0.0,0.25394378378987315
cta-kll-guarded,NPR-d8-correlated-t,correlated-t,8,0,concentrated,0.016,0.5,0.25,32,-1,0,0,5,2026072201,1.0,0.15,0.2734048999991501,0.0003073999978369102,0.04336460000195075,0.31707689999893773,64,64,36,36,0.35181214759677143,8.039594835104971,0.018672290682247628,0.08813412179991001,0.13067142193018247,0.9705500602722168,4.399606554950808,nan,nan,nan,160,10240,20480,320,20480,30720,3604480,1310720,2293760,5898240.0,0.0,5898240.0,64,32,32,32.0,10,10,95594302,8,4,20,20,10485760,10485760,512,0,0,0.0,0,0,0,0.0,1.0,0.0,0.0,0.0,0.0,0.0,0.0,0.0,0.0,1,1,70656,98048,0.2734048999991501,0.13,0.0,0.13,9.495442609973008,0.28381841704249383
cta-kll-guarded,NPR-d8-nonlinear,nonlinear,8,0,concentrated,0.016,0.5,0.25,32,-1,0,0,0,2026072201,1.0,0.15,0.2838971999954083,0.000334700001985766,0.0503928000034648,0.33462470000085887,64,64,36,36,0.3548048950486033,7.971781574092248,0.011574516007184066,0.0684093608939584,0.10794062328583545,1.0006276369094849,4.397788917167166,nan,nan,nan,160,10240,20480,320,20480,30720,3604480,1310720,2293760,5898240.0,0.0,5898240.0,64,32,32,32.0,10,10,1769409864,8,4,20,20,10485760,10485760,512,0,0,0.0,0,0,0,0.0,1.0,0.0,0.0,0.0,0.0,0.0,0.0,0.0,0.0,1,1,70656,98048,0.2838971999954083,0.16,0.0,0.16,3.7104726748026238,0.30222335681319235
cta-exact-hybrid,NPR-d8-nonlinear,nonlinear,8,0,concentrated,0.016,0.5,0.25,32,-1,0,0,1,2026072201,1.0,0.15,0.22359729999880074,0.000334700001985766,0.05066939999960596,0.27460140000039246,64,64,36,36,0.3548048950486033,7.971781574092248,0.00838628017664611,0.05934397540855725,0.10179294126362308,1.0009548664093018,4.321538589236288,nan,nan,nan,160,10240,20480,320,20480,30720,1638400,1310720,327680,21721157.592530765,18772037.592530765,2949120.0,64,32,32,32.0,10,10,1769409864,8,4,20,20,10485760,10485760,512,0,0,0.0,0,0,0,0.0,1.0,0.0,0.0,0.0,0.0,0.0,0.0,0.0,0.0,1,1,70656,0,0.22359729999880074,0.25,0.25,0.25,3.8931536879594377,0.2975737970322371
paper-neural-optimized,NPR-d8-nonlinear,nonlinear,8,0,concentrated,0.016,0.5,0.25,32,-1,0,0,2,2026072201,1.0,0.15,0.3423056999963592,0.0,0.0,0.3423056999963592,64,64,36,36,0.3548048950486033,7.971781574092248,0.08654989000173696,0.18846970168214663,0.39163691874267365,0.7433313131332397,3.6549693154501246,nan,nan,nan,320,20480,20480,320,20480,20480,0,0,0,0.0,0.0,0.0,64,0,0,0.0,0,0,0,0,0,0,0,2621440,2621440,0,0,0,0.0,0,0,0,0.0,1.0,0.0,0.0,0.0,0.0,0.0,0.0,0.0,0.0,0,0,0,0,0.3423056999963592,0.0,0.0,0.0,0.0,0.0
cta-kll-global,NPR-d8-nonlinear,nonlinear,8,0,concentrated,0.016,0.5,0.25,32,-1,0,0,3,2026072201,1.0,0.15,0.1466331999981776,0.000334700001985766,0.0503928000034648,0.19736070000362815,64,64,36,36,0.3548048950486033,7.971781574092248,0.018501502355783295,0.0848761893137708,0.11170504590677756,1.0046124458312988,4.489540051701784,nan,nan,nan,160,10240,20480,320,20480,20480,1638400,1310720,327680,2949120.0,0.0,2949120.0,64,32,32,32.0,10,10,1769409864,8,4,0,0,0,0,512,0,0,0.0,0,0,0,0.0,1.0,0.0,0.0,0.0,0.0,0.0,0.0,0.0,0.0,0,0,70656,98048,0.1466331999981776,0.0,0.0,0.0,0.0,0.2801252234727144
cta-exact-global,NPR-d8-nonlinear,nonlinear,8,0,concentrated,0.016,0.5,0.25,32,-1,0,0,4,2026072201,1.0,0.15,0.1565448999972432,0.000334700001985766,0.05066939999960596,0.20754899999883492,64,64,36,36,0.3548048950486033,7.971781574092248,0.01578658015743528,0.07881514765651952,0.1088464805511687,1.003913402557373,4.4471731466903925,nan,nan,nan,160,10240,20480,320,20480,20480,1638400,1310720,327680,21721157.592530765,18772037.592530765,2949120.0,64,32,32,32.0,10,10,1769409864,8,4,0,0,0,0,512,0,0,0.0,0,0,0,0.0,1.0,0.0,0.0,0.0,0.0,0.0,0.0,0.0,0.0,0,0,70656,0,0.1565448999972432,0.0,0.0,0.0,0.0,0.2656633615493774
cta-kll-hybrid,NPR-d8-nonlinear,nonlinear,8,0,concentrated,0.016,0.5,0.25,32,-1,0,0,5,2026072201,1.0,0.15,0.21745580000424525,0.000334700001985766,0.0503928000034648,0.2681833000096958,64,64,36,36,0.3548048950486033,7.971781574092248,0.010314758167597304,0.0656273278332193,0.1066315095165966,0.9914809465408325,4.352359563958678,nan,nan,nan,160,10240,20480,320,20480,30720,1638400,1310720,327680,2949120.0,0.0,2949120.0,64,32,32,32.0,10,10,1769409864,8,4,20,20,10485760,10485760,512,0,0,0.0,0,0,0,0.0,1.0,0.0,0.0,0.0,0.0,0.0,0.0,0.0,0.0,1,1,70656,98048,0.21745580000424525,0.25,0.25,0.25,4.050251196732272,0.3127353347837925
cta-kll-global,NPR-d16-balanced-gmm,balanced-gmm,16,0,concentrated,0.016,0.5,0.25,32,-1,0,0,0,2026072201,1.0,0.15,0.15094610000232933,0.01618109999981243,0.12416610000218498,0.29129330000432674,64,192,136,136,0.17835453741200932,19.42255950088603,0.09194140120720906,0.1454920353892741,0.15852007970445692,0.9977605938911438,6.041905321196679,1.0,0.138671875,nan,160,10240,20480,320,20480,20480,4259840,3932160,327680,2949120.0,0.0,2949120.0,192,32,32,32.0,3,4,1838448099,12,2,0,0,0,0,512,0,0,0.0,0,0,0,0.0,1.0,0.0,0.0,0.0,0.0,0.0,0.0,0.0,0.0,0,0,222208,294144,0.15094610000232933,0.0,0.0,0.0,0.0,0.4367063395678997
paper-neural-optimized,NPR-d16-balanced-gmm,balanced-gmm,16,0,concentrated,0.016,0.5,0.25,32,-1,0,0,1,2026072201,1.0,0.15,0.35225530000025174,0.0,0.0,0.35225530000025174,64,192,136,136,0.17835453741200932,19.42255950088603,0.048602351603299176,0.11017614605051447,0.15628156883176617,0.9622689485549927,3.474868556681563,1.0,0.1162109375,nan,320,20480,20480,320,20480,20480,0,0,0,0.0,0.0,0.0,192,0,0,0.0,0,0,0,0,0,0,0,2621440,2621440,0,0,0,0.0,0,0,0,0.0,1.0,0.0,0.0,0.0,0.0,0.0,0.0,0.0,0.0,0,0,0,0,0.35225530000025174,0.0,0.0,0.0,0.0,0.0
cta-kll-hybrid,NPR-d16-balanced-gmm,balanced-gmm,16,0,concentrated,0.016,0.5,0.25,32,-1,0,0,2,2026072201,1.0,0.15,0.22325529999943683,0.01618109999981243,0.12416610000218498,0.36360250000143424,64,192,136,136,0.17835453741200932,19.42255950088603,0.04927231356014605,0.09982962461525888,0.12831553271298804,0.9976900219917297,4.987767123485753,1.0,0.0966796875,nan,160,10240,20480,320,20480,30720,4259840,3932160,327680,2949120.0,0.0,2949120.0,192,32,32,32.0,3,4,1838448099,12,2,20,20,10485760,10485760,512,0,0,0.0,0,0,0,0.0,1.0,0.0,0.0,0.0,0.0,0.0,0.0,0.0,0.0,1,1,222208,294144,0.22325529999943683,0.25,0.25,0.25,5.543988113709025,0.44790676757693293
cta-exact-global,NPR-d16-balanced-gmm,balanced-gmm,16,0,concentrated,0.016,0.5,0.25,32,-1,0,0,3,2026072201,1.0,0.15,0.15884450000157813,0.01618109999981243,0.14853220000077272,0.3235578000021633,64,192,136,136,0.17835453741200932,19.42255950088603,0.09263820923063282,0.14568049606572092,0.1595822347694019,0.9970961213111877,6.076050208653806,1.0,0.1435546875,nan,160,10240,20480,320,20480,20480,4259840,3932160,327680,59265232.77759229,56316112.77759229,2949120.0,192,32,32,32.0,3,4,1838448099,12,2,0,0,0,0,512,0,0,0.0,0,0,0,0.0,1.0,0.0,0.0,0.0,0.0,0.0,0.0,0.0,0.0,0,0,222208,0,0.15884450000157813,0.0,0.0,0.0,0.0,0.4354600079357624
cta-kll-guarded,NPR-d16-balanced-gmm,balanced-gmm,16,0,concentrated,0.016,0.5,0.25,32,-1,0,0,4,2026072201,1.0,0.15,0.2782327000022633,0.01618109999981243,0.12416610000218498,0.4185799000042607,64,192,136,136,0.17835453741200932,19.42255950088603,0.04927039309993919,0.10051623884855669,0.12837929355599573,0.9975884556770325,4.951830636368876,1.0,0.095703125,nan,160,10240,20480,320,20480,30720,6225920,3932160,2293760,5898240.0,0.0,5898240.0,192,32,32,32.0,3,4,1838448099,12,2,20,20,10485760,10485760,512,0,0,0.0,0,0,0,0.0,1.0,0.0,0.0,0.0,0.0,0.0,0.0,0.0,0.0,1,1,222208,294144,0.2782327000022633,0.2425,0.1,0.2425,5.546573848275356,0.4413677893579006
cta-exact-hybrid,NPR-d16-balanced-gmm,balanced-gmm,16,0,concentrated,0.016,0.5,0.25,32,-1,0,0,5,2026072201,1.0,0.15,0.22164669999619946,0.01618109999981243,0.14853220000077272,0.3863599999967846,64,192,136,136,0.17835453741200932,19.42255950088603,0.04936821534173408,0.09970731512618679,0.1284642062730673,0.9967825412750244,5.000846348690448,1.0,0.0947265625,nan,160,10240,20480,320,20480,30720,4259840,3932160,327680,59265232.77759229,56316112.77759229,2949120.0,192,32,32,32.0,3,4,1838448099,12,2,20,20,10485760,10485760,512,0,0,0.0,0,0,0,0.0,1.0,0.0,0.0,0.0,0.0,0.0,0.0,0.0,0.0,1,1,222208,0,0.22164669999619946,0.25,0.25,0.25,5.527885383609788,0.446104384213686
cta-exact-global,NPR-d16-rare-gmm,rare-gmm,16,0,concentrated,0.016,0.5,0.25,32,-1,0,0,0,2026072201,1.0,0.15,0.1538287999937893,0.016228399996180087,0.15218800000002375,0.3222451999899931,64,192,136,136,0.1490286540146792,23.24453399945855,0.04682731432995357,0.1138274131696457,0.13393147766734598,0.9908488392829895,10.002303727939088,0.5,0.07851562500000005,0.0392578125,160,10240,20480,320,20480,20480,4259840,3932160,327680,59265232.77759229,56316112.77759229,2949120.0,192,32,32,32.0,3,4,3856706712,12,2,0,0,0,0,512,0,0,0.0,0,0,0,0.0,1.0,0.0,0.0,0.0,0.0,0.0,0.0,0.0,0.0,0,0,222208,0,0.1538287999937893,0.0,0.0,0.0,0.0,0.35005359053611756
cta-kll-guarded,NPR-d16-rare-gmm,rare-gmm,16,0,concentrated,0.016,0.5,0.25,32,-1,0,0,1,2026072201,1.0,0.15,0.2858771000028355,0.016228399996180087,0.12047639999946114,0.42258189999847673,64,192,136,136,0.1490286540146792,23.24453399945855,0.046834297575833794,0.11251669843769714,0.13467184825012532,0.9901374578475952,10.324617311737216,0.5,0.08437500000000005,0.0421875,160,10240,20480,320,20480,30720,6225920,3932160,2293760,5898240.0,0.0,5898240.0,192,32,32,32.0,3,4,3856706712,12,2,20,20,10485760,10485760,512,0,0,0.0,0,0,0,0.0,1.0,0.0,0.0,0.0,0.0,0.0,0.0,0.0,0.0,1,1,222208,294144,0.2858771000028355,0.017499999999999998,0.0,0.017499999999999998,5.158945570629605,0.36349197626113894
cta-exact-hybrid,NPR-d16-rare-gmm,rare-gmm,16,0,concentrated,0.016,0.5,0.25,32,-1,0,0,2,2026072201,1.0,0.15,0.22587219999695662,0.016228399996180087,0.15218800000002375,0.39428859999316046,64,192,136,136,0.1490286540146792,23.24453399945855,0.03679719692559491,0.10036582228658587,0.13123668267268188,0.9745616912841797,11.249506206166284,0.5,0.08632812500000005,0.0431640625,160,10240,20480,320,20480,30720,4259840,3932160,327680,59265232.77759229,56316112.77759229,2949120.0,192,32,32,32.0,3,4,3856706712,12,2,20,20,10485760,10485760,512,0,0,0.0,0,0,0,0.0,1.0,0.0,0.0,0.0,0.0,0.0,0.0,0.0,0.0,1,1,222208,0,0.22587219999695662,0.25,0.25,0.25,5.088248208315601,0.38206235468387606
cta-kll-hybrid,NPR-d16-rare-gmm,rare-gmm,16,0,concentrated,0.016,0.5,0.25,32,-1,0,0,3,2026072201,1.0,0.15,0.2490555000040331,0.016228399996180087,0.12047639999946114,0.3857602999996743,64,192,136,136,0.1490286540146792,23.24453399945855,0.036285400173276194,0.09984569130537181,0.13018785339605937,0.9763916730880737,11.268154743052978,0.5,0.08730468750000005,0.04365234375,160,10240,20480,320,20480,30720,4259840,3932160,327680,2949120.0,0.0,2949120.0,192,32,32,32.0,3,4,3856706712,12,2,20,20,10485760,10485760,512,0,0,0.0,0,0,0,0.0,1.0,0.0,0.0,0.0,0.0,0.0,0.0,0.0,0.0,1,1,222208,294144,0.2490555000040331,0.25,0.25,0.25,5.139340035252617,0.3882161743938923
paper-neural-optimized,NPR-d16-rare-gmm,rare-gmm,16,0,concentrated,0.016,0.5,0.25,32,-1,0,0,4,2026072201,1.0,0.15,0.35443990000203485,0.0,0.0,0.35443990000203485,64,192,136,136,0.1490286540146792,23.24453399945855,0.0787594234306086,0.15351884870089821,0.24256777660733164,0.8300734758377075,11.2521364407135,0.5,0.09316406250000005,0.04658203125,320,20480,20480,320,20480,20480,0,0,0,0.0,0.0,0.0,192,0,0,0.0,0,0,0,0,0,0,0,2621440,2621440,0,0,0,0.0,0,0,0,0.0,1.0,0.0,0.0,0.0,0.0,0.0,0.0,0.0,0.0,0,0,0,0,0.35443990000203485,0.0,0.0,0.0,0.0,0.0
cta-kll-global,NPR-d16-rare-gmm,rare-gmm,16,0,concentrated,0.016,0.5,0.25,32,-1,0,0,5,2026072201,1.0,0.15,0.15100940000411356,0.016228399996180087,0.12047639999946114,0.2877141999997548,64,192,136,136,0.1490286540146792,23.24453399945855,0.04612617701630928,0.11261888401658404,0.13276976295720302,0.9929584860801697,10.014941311932269,0.5,0.07949218750000005,0.03974609375,160,10240,20480,320,20480,20480,4259840,3932160,327680,2949120.0,0.0,2949120.0,192,32,32,32.0,3,4,3856706712,12,2,0,0,0,0,512,0,0,0.0,0,0,0,0.0,1.0,0.0,0.0,0.0,0.0,0.0,0.0,0.0,0.0,0,0,222208,294144,0.15100940000411356,0.0,0.0,0.0,0.0,0.35783924013376234
paper-neural-optimized,NPR-d16-correlated-t,correlated-t,16,0,concentrated,0.016,0.5,0.25,32,-1,0,0,0,2026072201,1.0,0.15,0.34973209999589017,0.0,0.0,0.34973209999589017,64,192,136,136,0.16448823095341147,21.059875196292335,0.06381935678486883,0.14454224048177133,0.2492309262266018,0.7825139164924622,6.966347172914186,nan,nan,nan,320,20480,20480,320,20480,20480,0,0,0,0.0,0.0,0.0,192,0,0,0.0,0,0,0,0,0,0,0,2621440,2621440,0,0,0,0.0,0,0,0,0.0,1.0,0.0,0.0,0.0,0.0,0.0,0.0,0.0,0.0,0,0,0,0,0.34973209999589017,0.0,0.0,0.0,0.0,0.0
cta-exact-hybrid,NPR-d16-correlated-t,correlated-t,16,0,concentrated,0.016,0.5,0.25,32,-1,0,0,1,2026072201,1.0,0.15,0.22355400000378722,0.017274199999519624,0.15016759999707574,0.3909958000003826,64,192,136,136,0.16448823095341147,21.059875196292335,0.030503299070185008,0.09469488406594351,0.14054559013635107,0.9730316400527954,8.662610535958656,nan,nan,nan,160,10240,20480,320,20480,30720,4259840,3932160,327680,59265232.77759229,56316112.77759229,2949120.0,192,32,32,32.0,3,4,2050197602,12,2,20,20,10485760,10485760,512,0,0,0.0,0,0,0,0.0,1.0,0.0,0.0,0.0,0.0,0.0,0.0,0.0,0.0,1,1,222208,0,0.22355400000378722,0.25,0.25,0.25,7.737717249036332,0.4044314093887806
cta-kll-hybrid,NPR-d16-correlated-t,correlated-t,16,0,concentrated,0.016,0.5,0.25,32,-1,0,0,2,2026072201,1.0,0.15,0.22559509999700822,0.017274199999519624,0.12241440000070725,0.3652836999972351,64,192,136,136,0.16448823095341147,21.059875196292335,0.02935583655329488,0.09191151379145933,0.13918882551817718,0.9815175533294678,7.930530861202636,nan,nan,nan,160,10240,20480,320,20480,30720,4259840,3932160,327680,2949120.0,0.0,2949120.0,192,32,32,32.0,3,4,2050197602,12,2,20,20,10485760,10485760,512,0,0,0.0,0,0,0,0.0,1.0,0.0,0.0,0.0,0.0,0.0,0.0,0.0,0.0,1,1,222208,294144,0.22559509999700822,0.25,0.25,0.25,8.071703688855651,0.4417036801576614
cta-kll-global,NPR-d16-correlated-t,correlated-t,16,0,concentrated,0.016,0.5,0.25,32,-1,0,0,3,2026072201,1.0,0.15,0.15106760000344366,0.017274199999519624,0.12241440000070725,0.29075620000367053,64,192,136,136,0.16448823095341147,21.059875196292335,0.04193045829130604,0.10994251671855175,0.1451232350813093,0.9809178113937378,8.4575040153794,nan,nan,nan,160,10240,20480,320,20480,20480,4259840,3932160,327680,2949120.0,0.0,2949120.0,192,32,32,32.0,3,4,2050197602,12,2,0,0,0,0,512,0,0,0.0,0,0,0,0.0,1.0,0.0,0.0,0.0,0.0,0.0,0.0,0.0,0.0,0,0,222208,294144,0.15106760000344366,0.0,0.0,0.0,0.0,0.41707779094576836
cta-kll-guarded,NPR-d16-correlated-t,correlated-t,16,0,concentrated,0.016,0.5,0.25,32,-1,0,0,4,2026072201,1.0,0.15,0.2829128000012133,0.017274199999519624,0.12241440000070725,0.4226014000014402,64,192,136,136,0.16448823095341147,21.059875196292335,0.03953600714709893,0.10719975738388715,0.1432957066531553,0.9841434359550476,8.241283670620883,nan,nan,nan,160,10240,20480,320,20480,30720,6225920,3932160,2293760,5898240.0,0.0,5898240.0,192,32,32,32.0,3,4,2050197602,12,2,20,20,10485760,10485760,512,0,0,0.0,0,0,0,0.0,1.0,0.0,0.0,0.0,0.0,0.0,0.0,0.0,0.0,1,1,222208,294144,0.2829128000012133,0.027499999999999997,0.0,0.027499999999999997,7.946355399112839,0.4165383420884609
cta-exact-global,NPR-d16-correlated-t,correlated-t,16,0,concentrated,0.016,0.5,0.25,32,-1,0,0,5,2026072201,1.0,0.15,0.15237150000029942,0.017274199999519624,0.15016759999707574,0.3198132999968948,64,192,136,136,0.16448823095341147,21.059875196292335,0.041392940624547236,0.11071639869258648,0.14473984044134194,0.9748163223266602,8.843746989517006,nan,nan,nan,160,10240,20480,320,20480,20480,4259840,3932160,327680,59265232.77759229,56316112.77759229,2949120.0,192,32,32,32.0,3,4,2050197602,12,2,0,0,0,0,512,0,0,0.0,0,0,0,0.0,1.0,0.0,0.0,0.0,0.0,0.0,0.0,0.0,0.0,0,0,222208,0,0.15237150000029942,0.0,0.0,0.0,0.0,0.38198178485035894
cta-exact-hybrid,NPR-d16-nonlinear,nonlinear,16,0,concentrated,0.016,0.5,0.25,32,-1,0,0,0,2026072201,1.0,0.15,0.2256381000042893,0.01589129999774741,0.1483273000048939,0.3898567000069306,64,192,136,136,0.1924740939315458,17.99775514916713,0.0239787177588644,0.08353862352638054,0.14203149857996153,0.9795807003974915,7.602328374421417,nan,nan,nan,160,10240,20480,320,20480,30720,4259840,3932160,327680,59265232.77759229,56316112.77759229,2949120.0,192,32,32,32.0,3,4,1771900840,12,2,20,20,10485760,10485760,512,0,0,0.0,0,0,0,0.0,1.0,0.0,0.0,0.0,0.0,0.0,0.0,0.0,0.0,1,1,222208,0,0.2256381000042893,0.25,0.25,0.25,4.978589321945675,0.436749567091465
cta-exact-global,NPR-d16-nonlinear,nonlinear,16,0,concentrated,0.016,0.5,0.25,32,-1,0,0,1,2026072201,1.0,0.15,0.15386880000005476,0.01589129999774741,0.1483273000048939,0.3180874000026961,64,192,136,136,0.1924740939315458,17.99775514916713,0.03544419046313063,0.10281536803775332,0.152365677280735,0.9874131679534912,8.235751067847666,nan,nan,nan,160,10240,20480,320,20480,20480,4259840,3932160,327680,59265232.77759229,56316112.77759229,2949120.0,192,32,32,32.0,3,4,1771900840,12,2,0,0,0,0,512,0,0,0.0,0,0,0,0.0,1.0,0.0,0.0,0.0,0.0,0.0,0.0,0.0,0.0,0,0,222208,0,0.15386880000005476,0.0,0.0,0.0,0.0,0.4116526819765568
cta-kll-guarded,NPR-d16-nonlinear,nonlinear,16,0,concentrated,0.016,0.5,0.25,32,-1,0,0,2,2026072201,1.0,0.15,0.28357270000560675,0.01589129999774741,0.12170429999969201,0.42116830000304617,64,192,136,136,0.1924740939315458,17.99775514916713,0.036702696560550585,0.10294372454331593,0.15186283701860412,0.9992587566375732,7.269620076549676,nan,nan,nan,160,10240,20480,320,20480,30720,6225920,3932160,2293760,5898240.0,0.0,5898240.0,192,32,32,32.0,3,4,1771900840,12,2,20,20,10485760,10485760,512,0,0,0.0,0,0,0,0.0,1.0,0.0,0.0,0.0,0.0,0.0,0.0,0.0,0.0,1,1,222208,294144,0.28357270000560675,0.039999999999999994,0.0,0.039999999999999994,4.945934336445427,0.4498607575893402
cta-kll-hybrid,NPR-d16-nonlinear,nonlinear,16,0,concentrated,0.016,0.5,0.25,32,-1,0,0,3,2026072201,1.0,0.15,0.22225240000261692,0.01589129999774741,0.12170429999969201,0.35984800000005635,64,192,136,136,0.1924740939315458,17.99775514916713,0.022432894371935852,0.07985404440171144,0.1334765613646889,0.9901787042617798,7.165632648956108,nan,nan,nan,160,10240,20480,320,20480,30720,4259840,3932160,327680,2949120.0,0.0,2949120.0,192,32,32,32.0,3,4,1771900840,12,2,20,20,10485760,10485760,512,0,0,0.0,0,0,0,0.0,1.0,0.0,0.0,0.0,0.0,0.0,0.0,0.0,0.0,1,1,222208,294144,0.22225240000261692,0.25,0.25,0.25,5.247045535589972,0.4747308760881424
cta-kll-global,NPR-d16-nonlinear,nonlinear,16,0,concentrated,0.016,0.5,0.25,32,-1,0,0,4,2026072201,1.0,0.15,0.1506167000043206,0.01589129999774741,0.12170429999969201,0.28821230000176,64,192,136,136,0.1924740939315458,17.99775514916713,0.03811844623130067,0.10475427408968875,0.1523732917174736,0.9942129850387573,7.677401495010871,nan,nan,nan,160,10240,20480,320,20480,20480,4259840,3932160,327680,2949120.0,0.0,2949120.0,192,32,32,32.0,3,4,1771900840,12,2,0,0,0,0,512,0,0,0.0,0,0,0,0.0,1.0,0.0,0.0,0.0,0.0,0.0,0.0,0.0,0.0,0,0,222208,294144,0.1506167000043206,0.0,0.0,0.0,0.0,0.4477358743548393
paper-neural-optimized,NPR-d16-nonlinear,nonlinear,16,0,concentrated,0.016,0.5,0.25,32,-1,0,0,5,2026072201,1.0,0.15,0.3574503000054392,0.0,0.0,0.3574503000054392,64,192,136,136,0.1924740939315458,17.99775514916713,0.0990428325462771,0.17238929109828674,0.30825746386942615,0.7670071721076965,7.310791070632083,nan,nan,nan,320,20480,20480,320,20480,20480,0,0,0,0.0,0.0,0.0,192,0,0,0.0,0,0,0,0,0,0,0,2621440,2621440,0,0,0,0.0,0,0,0,0.0,1.0,0.0,0.0,0.0,0.0,0.0,0.0,0.0,0.0,0,0,0,0,0.3574503000054392,0.0,0.0,0.0,0.0,0.0
