arm,kind,rho,local_kind,metric,quantile_weight,endpoint_ed2,endpoint_sw1,endpoint_w2,endpoint_coverage,endpoint_mass_l1,endpoint_worst_mode_error,selected_ed2,selected_sw1,selected_w2,selected_coverage,selected_mass_l1,selected_worst_mode_error,handoff_ed2,handoff_sw1,handoff_w2,handoff_coverage,handoff_mass_l1,handoff_worst_mode_error,selected_ed2_change_from_handoff,selected_sw1_change_from_handoff,endpoint_ed2_change_from_handoff,endpoint_sw1_change_from_handoff,coverage_event_time,coverage_event_censored,selected_step,diverged,projection_active_fraction,trust_fraction,safe_quantile_fraction,incompatible_fraction,singular_candidates,median_correction_metric_norm,p90_correction_metric_norm,median_gradient_cosine,median_proposal_cosine,median_quantile_directional_derivative,median_local_directional_derivative,active_set_counts,work_optimizer_updates,work_generator_forward_calls,work_generator_example_evals,work_target_samples,work_kernel_pairs,work_sort_work,work_backward_examples,work_diagnostic_target_samples,work_selection_generator_forward_calls,work_selection_generator_example_evals,work_selection_target_samples,work_endpoint_generator_forward_calls,work_endpoint_generator_example_evals,work_endpoint_target_samples,work_checkpoint_storage_bytes,target,family,init,cell,seed,diagnostic_use_large_batch,diagnostic_min_expected_count,diagnostic_gap_count,diagnostic_max_gap_ratio,group_wall_seconds
fixed-mix-q0.10,fixed,0.0,paper,adam,0.1,0.17617473698956476,0.613806164753445,0.7666321447604855,0.9930000000000002,0.2901250000000001,0.13546874999999997,0.25351744697812184,0.7246793526423962,0.8691009776075477,0.9930000000000002,0.3291875000000001,0.16085937499999997,0.4433802751324112,0.9685092393529119,1.0853983012423847,0.55,0.3995000000000001,0.19796874999999997,-0.18986282815428934,-0.24382988671051564,-0.2672055381428464,-0.3547030745994669,47,0,52,0,0.0,0.0,0.0,0.0,0,0.0037078305276211556,0.00407048655330418,0.8019547496773989,0.8565992130010487,nan,nan,"{""fixed-mix"": 18}",60.0,2706.0,86592.0,43584.0,36864.0,865920.0,44160.0,1024,16.0,5632.0,5632.0,3.0,1536.0,1536.0,142200.0,QGD-D01-rare007,separated-unequal-rare,concentrated,QGD-D01-rare007/concentrated,0,1,3.5625,3,1021.5147463415369,0.448008800012758
lbqcd,paper,0.0,paper,adam,0.0,0.17064871249877167,0.6135676866421507,0.7714385292366799,0.9930000000000002,0.2862187500000001,0.13937499999999997,0.25021515542649886,0.7248476463740244,0.8716466895517462,0.9930000000000002,0.3291875000000001,0.16085937499999997,0.4433802751324112,0.9685092393529119,1.0853983012423847,0.55,0.3995000000000001,0.19796874999999997,-0.19316511970591232,-0.24366159297888745,-0.2727315626336395,-0.3549415527107612,47,0,52,0,0.0,0.0,0.0,0.0,0,nan,nan,nan,nan,nan,nan,{},60.0,2706.0,86592.0,43584.0,36864.0,860160.0,43584.0,1024,16.0,5632.0,5632.0,3.0,1536.0,1536.0,142200.0,QGD-D01-rare007,separated-unequal-rare,concentrated,QGD-D01-rare007/concentrated,0,1,3.5625,3,1021.5147463415369,0.26771720001124777
periodic-4p1q,periodic,0.0,paper,adam,0.0,0.1456916321723496,0.5403334098732774,0.6823771697533665,0.9930000000000002,0.25887500000000013,0.11789062499999999,0.17413727626414732,0.5958774967685809,0.7420644475161259,0.9930000000000002,0.2823125000000001,0.12960937499999997,0.4433802751324112,0.9685092393529119,1.0853983012423847,0.55,0.3995000000000001,0.19796874999999997,-0.26924299886826386,-0.37263174258433096,-0.2976886429600616,-0.4281758294796345,47,0,57,0,0.0,0.0,0.0,0.0,0,nan,nan,nan,nan,nan,nan,{},60.0,2706.0,86592.0,43584.0,30720.0,861120.0,43584.0,1024,16.0,5632.0,5632.0,3.0,1536.0,1536.0,142200.0,QGD-D01-rare007,separated-unequal-rare,concentrated,QGD-D01-rare007/concentrated,0,1,3.5625,3,1021.5147463415369,0.355707100010477
qgd-paper-r0.05,guarded,0.05,paper,adam,0.0,0.17064871249877167,0.6135676866421507,0.77143852923668,0.9930000000000002,0.2862187500000001,0.13937499999999997,0.25021515542649886,0.7248476463740244,0.8716466895517462,0.9930000000000002,0.3291875000000001,0.16085937499999997,0.4433802751324112,0.9685092393529119,1.0853983012423847,0.55,0.3995000000000001,0.19796874999999997,-0.19316511970591232,-0.24366159297888745,-0.2727315626336395,-0.3549415527107612,47,0,52,0,0.0,0.0,0.0,0.0,0,0.0,0.0,0.8023774931392115,0.8538917595502253,-0.016433090885259186,-0.0019781291416759664,"{""none"": 18}",60.0,2706.0,86592.0,43584.0,36864.0,865920.0,44160.0,1024,16.0,5632.0,5632.0,3.0,1536.0,1536.0,142200.0,QGD-D01-rare007,separated-unequal-rare,concentrated,QGD-D01-rare007/concentrated,0,1,3.5625,3,1021.5147463415369,0.5461679000000004
qgd-paper-r0.10,guarded,0.1,paper,adam,0.0,0.17064871249877167,0.6135676866421507,0.77143852923668,0.9930000000000002,0.2862187500000001,0.13937499999999997,0.25021515542649886,0.7248476463740244,0.8716466895517462,0.9930000000000002,0.3291875000000001,0.16085937499999997,0.4433802751324112,0.9685092393529119,1.0853983012423847,0.55,0.3995000000000001,0.19796874999999997,-0.19316511970591232,-0.24366159297888745,-0.2727315626336395,-0.3549415527107612,47,0,52,0,0.0,0.0,0.0,0.0,0,0.0,0.0,0.8023774931392115,0.8538917595502253,-0.016433090885259186,-0.0019781291416759664,"{""none"": 18}",60.0,2706.0,86592.0,43584.0,36864.0,865920.0,44160.0,1024,16.0,5632.0,5632.0,3.0,1536.0,1536.0,142200.0,QGD-D01-rare007,separated-unequal-rare,concentrated,QGD-D01-rare007/concentrated,0,1,3.5625,3,1021.5147463415369,0.6489181999932043
qgd-paper-r0.20,guarded,0.2,paper,adam,0.0,0.1706558821076134,0.6135465520647926,0.7713928679952271,0.9930000000000002,0.2862187500000001,0.13937499999999997,0.25021515542649886,0.7248476463740244,0.8716466895517462,0.9930000000000002,0.3291875000000001,0.16085937499999997,0.4433802751324112,0.9685092393529119,1.0853983012423847,0.55,0.3995000000000001,0.19796874999999997,-0.19316511970591232,-0.24366159297888745,-0.2727243930247978,-0.3549626872881193,47,0,52,0,0.05555555555555558,0.0,0.0,0.0,0,0.0,0.0,0.8023837223528447,0.8538917595502253,-0.016433157408113765,-0.0019781291416759664,"{""none"": 17, ""quantile"": 1}",60.0,2706.0,86592.0,43584.0,36864.0,865920.0,44160.0,1024,16.0,5632.0,5632.0,3.0,1536.0,1536.0,142200.0,QGD-D01-rare007,separated-unequal-rare,concentrated,QGD-D01-rare007/concentrated,0,1,3.5625,3,1021.5147463415369,0.7513914000010118
qgd-sharp-r0.10,guarded,0.1,sharp,adam,0.0,0.11383580862984544,0.4735273819451657,0.6261838282376273,0.9930000000000002,0.22762500000000013,0.11007812499999999,0.14121985306656737,0.5504787645301076,0.7071944427320654,0.9930000000000002,0.2666875000000001,0.12765624999999997,0.4433802751324112,0.9685092393529119,1.0853983012423847,0.55,0.3995000000000001,0.19796874999999997,-0.3021604220658438,-0.4180304748228043,-0.32954446650256575,-0.4949818574077462,47,0,57,0,0.0,0.0,0.0,0.0,0,0.0,0.0,0.8602312478715004,0.8795961128566878,-0.02480007131765586,-0.012069192120171345,"{""none"": 18}",60.0,2706.0,86592.0,43584.0,36288.0,865920.0,44160.0,1024,16.0,5632.0,5632.0,3.0,1536.0,1536.0,142200.0,QGD-D01-rare007,separated-unequal-rare,concentrated,QGD-D01-rare007/concentrated,0,1,3.5625,3,1021.5147463415369,0.8596446999872569
fixed-mix-q0.10,fixed,0.0,paper,adam,0.1,0.20532703328578172,0.6613473284932397,0.9114697077990294,0.8980000000000002,0.2895625,0.14478124999999992,0.21219743460580465,0.6748134090722637,0.9230954184884259,0.8980000000000002,0.2629374999999999,0.12915624999999992,0.3355776250561444,0.8615249804829198,1.0867085792173006,0.8980000000000002,0.3059062499999999,0.09500000000000001,-0.12338019045033977,-0.18671157141065609,-0.1302505917703627,-0.20017765198968007,60,1,57,0,0.0,0.0,0.0,0.0,0,0.00447920725142858,0.0055211763147933034,0.8805193235008629,0.5707978476018359,nan,nan,"{""fixed-mix"": 18}",60.0,2706.0,86592.0,43584.0,36864.0,865920.0,44160.0,1024,16.0,5632.0,5632.0,3.0,1536.0,1536.0,142200.0,QGD-D01-rare007,separated-unequal-rare,missing,QGD-D01-rare007/missing,0,1,3.375,3,909.1520047902545,0.4081843000021763
lbqcd,paper,0.0,paper,adam,0.0,0.2125907754289451,0.668180964830022,0.9235569320830443,0.8980000000000002,0.33253125,0.16626562499999992,0.3355776250561444,0.8615249804829198,1.0867085792173006,0.8980000000000002,0.3059062499999999,0.09500000000000001,0.3355776250561444,0.8615249804829198,1.0867085792173006,0.8980000000000002,0.3059062499999999,0.09500000000000001,0.0,0.0,-0.1229868496271993,-0.19334401565289783,60,1,42,0,0.0,0.0,0.0,0.0,0,nan,nan,nan,nan,nan,nan,{},60.0,2706.0,86592.0,43584.0,36864.0,860160.0,43584.0,1024,12.0,3584.0,3584.0,3.0,1536.0,1536.0,142200.0,QGD-D01-rare007,separated-unequal-rare,missing,QGD-D01-rare007/missing,0,1,3.375,3,909.1520047902545,0.22854750000988133
periodic-4p1q,periodic,0.0,paper,adam,0.0,0.16549994371113508,0.614951484364371,0.8476006210093009,0.8980000000000002,0.22671874999999997,0.09500000000000001,0.16549994371113508,0.614951484364371,0.8476006210093009,0.8980000000000002,0.22671874999999997,0.09500000000000001,0.3355776250561444,0.8615249804829198,1.0867085792173006,0.8980000000000002,0.3059062499999999,0.09500000000000001,-0.17007768134500933,-0.24657349611854884,-0.17007768134500933,-0.24657349611854884,60,1,60,0,0.0,0.0,0.0,0.0,0,nan,nan,nan,nan,nan,nan,{},60.0,2706.0,86592.0,43584.0,30720.0,861120.0,43584.0,1024,16.0,5632.0,5632.0,3.0,1536.0,1536.0,142200.0,QGD-D01-rare007,separated-unequal-rare,missing,QGD-D01-rare007/missing,0,1,3.375,3,909.1520047902545,0.31764860000112094
qgd-paper-r0.05,guarded,0.05,paper,adam,0.0,0.21138990325336415,0.667530808348975,0.9215368694087444,0.8980000000000002,0.31690625,0.15845312499999992,0.3355776250561444,0.8615249804829198,1.0867085792173006,0.8980000000000002,0.3059062499999999,0.09500000000000001,0.3355776250561444,0.8615249804829198,1.0867085792173006,0.8980000000000002,0.3059062499999999,0.09500000000000001,0.0,0.0,-0.12418772180278026,-0.19399417213394476,60,1,42,0,0.2222222222222222,0.0,0.05555555555555555,0.0,0,0.0,0.004368836840206346,0.8773124755101295,0.5634186222164385,-0.0065137020372425265,-0.0008390216634234322,"{""local"": 4, ""none"": 14}",60.0,2706.0,86592.0,43584.0,36864.0,865920.0,44160.0,1024,12.0,3584.0,3584.0,3.0,1536.0,1536.0,142200.0,QGD-D01-rare007,separated-unequal-rare,missing,QGD-D01-rare007/missing,0,1,3.375,3,909.1520047902545,0.475123700016411
qgd-paper-r0.10,guarded,0.1,paper,adam,0.0,0.21063052979543628,0.6664694818289405,0.9201998735197747,0.8980000000000002,0.31690625,0.15845312499999992,0.3355776250561444,0.8615249804829198,1.0867085792173006,0.8980000000000002,0.3059062499999999,0.09500000000000001,0.3355776250561444,0.8615249804829198,1.0867085792173006,0.8980000000000002,0.3059062499999999,0.09500000000000001,0.0,0.0,-0.12494709526070813,-0.1950554986539793,60,1,42,0,0.2222222222222222,0.0,0.05555555555555555,0.0,0,0.0,0.004790418842450527,0.8773684303152529,0.5634186222164385,-0.0065137020372425265,-0.0008390216634234322,"{""local"": 2, ""none"": 14, ""quantile"": 1, ""quantile+local"": 1}",60.0,2706.0,86592.0,43584.0,36864.0,865920.0,44160.0,1024,12.0,3584.0,3584.0,3.0,1536.0,1536.0,142200.0,QGD-D01-rare007,separated-unequal-rare,missing,QGD-D01-rare007/missing,0,1,3.375,3,909.1520047902545,0.5400388000125531
qgd-paper-r0.20,guarded,0.2,paper,adam,0.0,0.2033802670594329,0.6569269115170056,0.9080732608321235,0.8980000000000002,0.29346875,0.14673437499999992,0.21141168078858374,0.672869750388462,0.9216418162977515,0.8980000000000002,0.2668437499999999,0.13110937499999992,0.3355776250561444,0.8615249804829198,1.0867085792173006,0.8980000000000002,0.3059062499999999,0.09500000000000001,-0.12416594426756067,-0.18865523009445784,-0.1321973579967115,-0.20459806896591426,60,1,57,0,0.5,0.0,0.05555555555555555,0.0,0,0.0007314985424481626,0.020034014164046477,0.8812759390595997,0.5699446170738183,-0.007432674561933203,-0.0008968637331271174,"{""local"": 1, ""none"": 9, ""quantile"": 7, ""quantile+local"": 1}",60.0,2706.0,86592.0,43584.0,36864.0,865920.0,44160.0,1024,16.0,5632.0,5632.0,3.0,1536.0,1536.0,142200.0,QGD-D01-rare007,separated-unequal-rare,missing,QGD-D01-rare007/missing,0,1,3.375,3,909.1520047902545,0.6313547000172548
qgd-sharp-r0.10,guarded,0.1,sharp,adam,0.0,0.24044949594769927,0.7027615555608421,0.9746934695708603,0.7240000000000002,0.4191874999999999,0.20728124999999992,0.3355776250561444,0.8615249804829198,1.0867085792173006,0.8980000000000002,0.3059062499999999,0.09500000000000001,0.3355776250561444,0.8615249804829198,1.0867085792173006,0.8980000000000002,0.3059062499999999,0.09500000000000001,0.0,0.0,-0.09512812910844515,-0.15876342492207773,60,1,42,0,0.5,0.0,0.05555555555555555,0.0,0,0.002467986646145254,0.02960092144338561,0.29116122475935097,0.28228075319861246,-0.005948517864284512,-0.0019455275227643009,"{""local"": 2, ""none"": 9, ""quantile"": 4, ""quantile+local"": 3}",60.0,2706.0,86592.0,43584.0,36288.0,865920.0,44160.0,1024,12.0,3584.0,3584.0,3.0,1536.0,1536.0,142200.0,QGD-D01-rare007,separated-unequal-rare,missing,QGD-D01-rare007/missing,0,1,3.375,3,909.1520047902545,0.6962268000061158
fixed-mix-q0.10,fixed,0.0,paper,adam,0.1,0.04003802779782362,0.41258621539098195,0.5046367291737085,0.9750000000000001,0.23453125000000005,0.07023437499999999,0.04993811047943808,0.46508161907474116,0.5671367099829443,0.9750000000000001,0.28468750000000004,0.08195312499999999,0.0851601540121707,0.6108184831446933,0.716039601015775,0.7350000000000002,0.445,0.10539062499999999,-0.035222043532732616,-0.14573686406995218,-0.04512212621434708,-0.1982322677537114,47,0,52,0,0.0,0.0,0.0,0.0,0,0.0031539198625405566,0.004765111421142684,0.762900275255518,0.8446676035800371,nan,nan,"{""fixed-mix"": 18}",60.0,2706.0,86592.0,43584.0,36864.0,865920.0,44160.0,1024,16.0,5632.0,5632.0,3.0,1536.0,1536.0,142200.0,QGD-D02-unequal-K9,unequal,concentrated,QGD-D02-unequal-K9/concentrated,0,1,1.375,8,285.0311917108794,0.45899420001660474
lbqcd,paper,0.0,paper,adam,0.0,0.04138932054901234,0.41366717577302425,0.5096820588324515,0.9750000000000001,0.22281250000000005,0.07023437499999999,0.05062113455508532,0.4657905979662324,0.5707760645517858,0.9750000000000001,0.2657812500000001,0.07999999999999999,0.0851601540121707,0.6108184831446933,0.716039601015775,0.7350000000000002,0.445,0.10539062499999999,-0.034539019457085374,-0.14502788517846094,-0.043770833463158354,-0.19715130737166908,47,0,52,0,0.0,0.0,0.0,0.0,0,nan,nan,nan,nan,nan,nan,{},60.0,2706.0,86592.0,43584.0,36864.0,860160.0,43584.0,1024,16.0,5632.0,5632.0,3.0,1536.0,1536.0,142200.0,QGD-D02-unequal-K9,unequal,concentrated,QGD-D02-unequal-K9/concentrated,0,1,1.375,8,285.0311917108794,0.2634717000182718
periodic-4p1q,periodic,0.0,paper,adam,0.0,0.03329195179275546,0.3789244290114423,0.4588885938050351,0.9750000000000001,0.26906250000000004,0.06601562500000002,0.04673275240453245,0.4554876450603113,0.5504035795828507,0.9750000000000001,0.30812500000000004,0.07999999999999999,0.0851601540121707,0.6108184831446933,0.716039601015775,0.7350000000000002,0.445,0.10539062499999999,-0.038427401607638245,-0.15533083808438203,-0.05186820221941524,-0.23189405413325104,47,0,52,0,0.0,0.0,0.0,0.0,0,nan,nan,nan,nan,nan,nan,{},60.0,2706.0,86592.0,43584.0,30720.0,861120.0,43584.0,1024,16.0,5632.0,5632.0,3.0,1536.0,1536.0,142200.0,QGD-D02-unequal-K9,unequal,concentrated,QGD-D02-unequal-K9/concentrated,0,1,1.375,8,285.0311917108794,0.35767880000639707
qgd-paper-r0.05,guarded,0.05,paper,adam,0.0,0.04126025626408181,0.42253787123798353,0.5165025422809156,0.9750000000000001,0.2540625000000001,0.07414062499999999,0.05147351877686379,0.4754795707421689,0.5772918888434618,0.9750000000000001,0.2809375,0.08390624999999999,0.0851601540121707,0.6108184831446933,0.716039601015775,0.7350000000000002,0.445,0.10539062499999999,-0.033686635235306905,-0.13533891240252444,-0.04389989774808889,-0.1882806119067098,47,0,52,0,0.33333333333333337,0.0,0.1111111111111111,0.0,0,0.0,0.025056257184370902,0.6906801333325536,0.8326871931151911,-0.0037041876832969536,-0.00029517288090505486,"{""local"": 3, ""none"": 12, ""quantile"": 3}",60.0,2706.0,86592.0,43584.0,36864.0,865920.0,44160.0,1024,16.0,5632.0,5632.0,3.0,1536.0,1536.0,142200.0,QGD-D02-unequal-K9,unequal,concentrated,QGD-D02-unequal-K9/concentrated,0,1,1.375,8,285.0311917108794,0.5603316000197083
qgd-paper-r0.10,guarded,0.1,paper,adam,0.0,0.04131621125068197,0.4235805364552091,0.5176290086829454,0.9750000000000001,0.2540625000000001,0.07414062499999999,0.05169258104753771,0.4768862733996019,0.5785842243900875,0.9750000000000001,0.27703125,0.08585937499999999,0.0851601540121707,0.6108184831446933,0.716039601015775,0.7350000000000002,0.445,0.10539062499999999,-0.033467572964632986,-0.13393220974509146,-0.04384394276148873,-0.18723794668948424,47,0,52,0,0.33333333333333337,0.0,0.1111111111111111,0.0,0,0.0,0.02673430174243765,0.6841125981838592,0.8346210357765197,-0.004294025932645343,-0.00029479043001950965,"{""local"": 2, ""none"": 12, ""quantile"": 4}",60.0,2706.0,86592.0,43584.0,36864.0,865920.0,44160.0,1024,16.0,5632.0,5632.0,3.0,1536.0,1536.0,142200.0,QGD-D02-unequal-K9,unequal,concentrated,QGD-D02-unequal-K9/concentrated,0,1,1.375,8,285.0311917108794,0.6722449000226334
qgd-paper-r0.20,guarded,0.2,paper,adam,0.0,0.0410979442452466,0.4250903016141246,0.5180085896980774,0.9750000000000001,0.2618750000000001,0.07804687499999999,0.052145970169793276,0.47966993314362977,0.5812005305090212,0.9750000000000001,0.29250000000000004,0.08585937499999999,0.0851601540121707,0.6108184831446933,0.716039601015775,0.7350000000000002,0.445,0.10539062499999999,-0.03301418384237742,-0.13114855000106357,-0.0440622097669241,-0.18572818153056875,47,0,52,0,0.38888888888888884,0.0,0.1111111111111111,0.0,0,0.0,0.03007400907743977,0.6727715101987988,0.8380702233250927,-0.005099794936510383,-0.00039553958679005804,"{""local"": 2, ""none"": 11, ""quantile"": 5}",60.0,2706.0,86592.0,43584.0,36864.0,865920.0,44160.0,1024,16.0,5632.0,5632.0,3.0,1536.0,1536.0,142200.0,QGD-D02-unequal-K9,unequal,concentrated,QGD-D02-unequal-K9/concentrated,0,1,1.375,8,285.0311917108794,0.8024689000158105
qgd-sharp-r0.10,guarded,0.1,sharp,adam,0.0,0.029908747169729466,0.3793317044268442,0.45426444945252636,0.9750000000000001,0.26906250000000004,0.06437499999999999,0.04576341072706569,0.4584165349717426,0.552507506004261,0.9750000000000001,0.28468750000000004,0.08195312499999999,0.0851601540121707,0.6108184831446933,0.716039601015775,0.7350000000000002,0.445,0.10539062499999999,-0.03939674328510501,-0.15240194817295072,-0.05525140684244123,-0.23148677871784912,47,0,52,0,0.2777777777777778,0.0,0.1111111111111111,0.0,0,0.0,0.03045979402023936,0.8601709551829007,0.9532632873444515,-0.006528720548351054,-0.002138920102317637,"{""local"": 2, ""none"": 13, ""quantile"": 3}",60.0,2706.0,86592.0,43584.0,36288.0,865920.0,44160.0,1024,16.0,5632.0,5632.0,3.0,1536.0,1536.0,142200.0,QGD-D02-unequal-K9,unequal,concentrated,QGD-D02-unequal-K9/concentrated,0,1,1.375,8,285.0311917108794,0.9172241000051145
fixed-mix-q0.10,fixed,0.0,paper,adam,0.1,0.15141962403023612,0.6848550089586064,1.0049419103742492,0.79,0.4940625,0.12023437499999999,0.16171503426455835,0.7200222843087712,1.0271553161645004,0.79,0.5096875,0.11632812499999999,0.3406124482148041,1.1129012518258758,1.343533529907335,0.79,0.689375,0.16820312499999998,-0.17889741395024572,-0.3928789675171046,-0.18919282418456795,-0.42804624286726944,60,1,57,0,0.0,0.0,0.0,0.0,0,0.003233373527389066,0.004352911757586744,0.819440973706608,0.9081542410429463,nan,nan,"{""fixed-mix"": 18}",60.0,2706.0,86592.0,43584.0,36864.0,865920.0,44160.0,1024,16.0,5632.0,5632.0,3.0,1536.0,1536.0,142200.0,QGD-D02-unequal-K9,unequal,missing,QGD-D02-unequal-K9/missing,0,1,0.9375,8,309.30971544635565,0.45703650001087226
lbqcd,paper,0.0,paper,adam,0.0,0.15314018142850516,0.6896876893232883,1.0125256826059017,0.79,0.49015625,0.128046875,0.16294130565773557,0.7229224951039046,1.0323849680288437,0.79,0.501875,0.12414062499999999,0.3406124482148041,1.1129012518258758,1.343533529907335,0.79,0.689375,0.16820312499999998,-0.1776711425570685,-0.38997875672197124,-0.1874722667862989,-0.42321356250258757,60,1,57,0,0.0,0.0,0.0,0.0,0,nan,nan,nan,nan,nan,nan,{},60.0,2706.0,86592.0,43584.0,36864.0,860160.0,43584.0,1024,16.0,5632.0,5632.0,3.0,1536.0,1536.0,142200.0,QGD-D02-unequal-K9,unequal,missing,QGD-D02-unequal-K9/missing,0,1,0.9375,8,309.30971544635565,0.2674461000133306
periodic-4p1q,periodic,0.0,paper,adam,0.0,0.13067013810068673,0.6168406421694576,0.9349986460443517,0.79,0.5253125,0.13242187499999997,0.1443600565458203,0.6632866678790211,0.9732576081707841,0.79,0.52921875,0.11679687499999998,0.3406124482148041,1.1129012518258758,1.343533529907335,0.79,0.689375,0.16820312499999998,-0.19625239166898378,-0.4496145839468547,-0.20994231011411735,-0.4960606096564183,60,1,57,0,0.0,0.0,0.0,0.0,0,nan,nan,nan,nan,nan,nan,{},60.0,2706.0,86592.0,43584.0,30720.0,861120.0,43584.0,1024,16.0,5632.0,5632.0,3.0,1536.0,1536.0,142200.0,QGD-D02-unequal-K9,unequal,missing,QGD-D02-unequal-K9/missing,0,1,0.9375,8,309.30971544635565,0.35893790001864545
qgd-paper-r0.05,guarded,0.05,paper,adam,0.0,0.15232785115020198,0.6886694512065651,1.0095842963087045,0.79,0.4940625,0.12414062499999999,0.16255877346922398,0.7218473304229399,1.0308791421271783,0.79,0.501875,0.12414062499999999,0.3406124482148041,1.1129012518258758,1.343533529907335,0.79,0.689375,0.16820312499999998,-0.1780536747455801,-0.39105392140293593,-0.1882845970646021,-0.42423180061931076,60,1,57,0,0.11111111111111116,0.0,0.0,0.0,0,0.0,0.003334007411479168,0.8317410682440295,0.908538536083985,-0.014561076950260179,-0.0016886042717594663,"{""local"": 1, ""none"": 16, ""quantile"": 1}",60.0,2706.0,86592.0,43584.0,36864.0,865920.0,44160.0,1024,16.0,5632.0,5632.0,3.0,1536.0,1536.0,142200.0,QGD-D02-unequal-K9,unequal,missing,QGD-D02-unequal-K9/missing,0,1,0.9375,8,309.30971544635565,0.5589702000143006
qgd-paper-r0.10,guarded,0.1,paper,adam,0.0,0.15228455754363734,0.6887091222867114,1.0094403879558764,0.79,0.4940625,0.12414062499999999,0.16255877346922398,0.7218473304229399,1.0308791421271783,0.79,0.501875,0.12414062499999999,0.3406124482148041,1.1129012518258758,1.343533529907335,0.79,0.689375,0.16820312499999998,-0.1780536747455801,-0.39105392140293593,-0.18832789067116673,-0.4241921295391644,60,1,57,0,0.11111111111111116,0.0,0.0,0.0,0,0.0,0.003334007411479168,0.8313347012932055,0.908538536083985,-0.014561076950260179,-0.0016886042717594663,"{""local"": 1, ""none"": 16, ""quantile"": 1}",60.0,2706.0,86592.0,43584.0,36864.0,865920.0,44160.0,1024,16.0,5632.0,5632.0,3.0,1536.0,1536.0,142200.0,QGD-D02-unequal-K9,unequal,missing,QGD-D02-unequal-K9/missing,0,1,0.9375,8,309.30971544635565,0.6674760000023525
qgd-paper-r0.20,guarded,0.2,paper,adam,0.0,0.15121818762272943,0.6859379682251485,1.0058069443668822,0.79,0.4940625,0.12218749999999999,0.16208884201241958,0.7202323727273142,1.0290756668626855,0.79,0.50578125,0.12218749999999999,0.3406124482148041,1.1129012518258758,1.343533529907335,0.79,0.689375,0.16820312499999998,-0.1785236062023845,-0.39266887909856163,-0.18939426059207465,-0.42696328360072733,60,1,57,0,0.2222222222222222,0.0,0.0,0.0,0,0.0,0.01123492234560264,0.8280030310460291,0.908538536083985,-0.015869932448623645,-0.001689471107945597,"{""local"": 1, ""none"": 14, ""quantile"": 3}",60.0,2706.0,86592.0,43584.0,36864.0,865920.0,44160.0,1024,16.0,5632.0,5632.0,3.0,1536.0,1536.0,142200.0,QGD-D02-unequal-K9,unequal,missing,QGD-D02-unequal-K9/missing,0,1,0.9375,8,309.30971544635565,0.7758291999925859
qgd-sharp-r0.10,guarded,0.1,sharp,adam,0.0,0.17426599472864446,0.6978487832465189,1.0884510005102859,0.6900000000000001,0.47546875,0.171015625,0.19805670535603337,0.8059974103347397,1.1254777556102693,0.79,0.50734375,0.17296875,0.3406124482148041,1.1129012518258758,1.343533529907335,0.79,0.689375,0.16820312499999998,-0.1425557428587707,-0.30690384149113614,-0.16634645348615962,-0.41505246857935696,60,1,52,0,0.5,0.0,0.0,0.0,0,0.0043674680923082645,0.06646449737433288,0.25425628072311296,0.5284536526029524,-0.007543001067605646,-0.006620893086242203,"{""local"": 1, ""none"": 9, ""quantile"": 6, ""quantile+local"": 2}",60.0,2706.0,86592.0,43584.0,36288.0,865920.0,44160.0,1024,16.0,5632.0,5632.0,3.0,1536.0,1536.0,142200.0,QGD-D02-unequal-K9,unequal,missing,QGD-D02-unequal-K9/missing,0,1,0.9375,8,309.30971544635565,0.8954374000022653
fixed-mix-q0.10,fixed,0.0,paper,adam,0.1,0.04735749993709604,0.3665660357167985,0.4326649303566662,1.0,0.2766335227272727,0.05557528409090909,0.04100954426645842,0.34211365990976833,0.3952944714440299,0.8181818181818182,0.3529829545454546,0.08877840909090909,0.03458081814543723,0.3012736452038484,0.3584146535336067,0.8181818181818182,0.5678267045454546,0.1376065340909091,0.006428726121021189,0.040840014705919914,0.012776681791658806,0.0652923905129501,52,0,47,0,0.0,0.0,0.0,0.0,0,0.003635605635466484,0.004848601184152989,0.856985130787109,0.3925833175520717,nan,nan,"{""fixed-mix"": 18}",60.0,2706.0,86592.0,43584.0,36864.0,865920.0,44160.0,1024,16.0,5632.0,5632.0,3.0,1536.0,1536.0,142200.0,QGD-D03-equal-K11,equal-high-mode-count,concentrated,QGD-D03-equal-K11/concentrated,0,1,2.1875,10,179.2304245744904,0.4353265000099782
lbqcd,paper,0.0,paper,adam,0.0,0.04984562317736563,0.37655328108979563,0.44571281186237544,1.0,0.3117897727272727,0.05166903409090909,0.03458081814543723,0.3012736452038484,0.3584146535336067,0.8181818181818182,0.5678267045454546,0.1376065340909091,0.03458081814543723,0.3012736452038484,0.3584146535336067,0.8181818181818182,0.5678267045454546,0.1376065340909091,0.0,0.0,0.015264805031928397,0.07527963588594722,52,0,42,0,0.0,0.0,0.0,0.0,0,nan,nan,nan,nan,nan,nan,{},60.0,2706.0,86592.0,43584.0,36864.0,860160.0,43584.0,1024,16.0,5632.0,5632.0,3.0,1536.0,1536.0,142200.0,QGD-D03-equal-K11,equal-high-mode-count,concentrated,QGD-D03-equal-K11/concentrated,0,1,2.1875,10,179.2304245744904,0.2429552999965381
periodic-4p1q,periodic,0.0,paper,adam,0.0,0.04484763839765016,0.35059775262677956,0.4160363843347203,1.0,0.2787642045454546,0.06729403409090909,0.04584150107714091,0.35834255321719716,0.42005448412365626,1.0,0.2787642045454546,0.06924715909090909,0.03458081814543723,0.3012736452038484,0.3584146535336067,0.8181818181818182,0.5678267045454546,0.1376065340909091,0.01126068293170368,0.05706890801334874,0.010266820252212927,0.04932410742293114,52,0,52,0,0.0,0.0,0.0,0.0,0,nan,nan,nan,nan,nan,nan,{},60.0,2706.0,86592.0,43584.0,30720.0,861120.0,43584.0,1024,16.0,5632.0,5632.0,3.0,1536.0,1536.0,142200.0,QGD-D03-equal-K11,equal-high-mode-count,concentrated,QGD-D03-equal-K11/concentrated,0,1,2.1875,10,179.2304245744904,0.3412601000163704
qgd-paper-r0.05,guarded,0.05,paper,adam,0.0,0.040777834160637294,0.3391548976098755,0.39884651619006434,1.0,0.2553267045454546,0.06729403409090909,0.03681341245131087,0.31927988739118246,0.37243853449541586,0.8181818181818182,0.40589488636363635,0.10245028409090909,0.03458081814543723,0.3012736452038484,0.3584146535336067,0.8181818181818182,0.5678267045454546,0.1376065340909091,0.0022325943058736364,0.018006242187334043,0.006197016015200063,0.03788125240602708,57,0,47,0,0.8333333333333334,0.0,0.05555555555555555,0.0,0,0.010210292406089816,0.028393025872074797,0.7780070428965469,0.3326779676442779,-0.0005142137526223866,-0.00013050652427293782,"{""local"": 4, ""none"": 3, ""quantile"": 10, ""quantile+local"": 1}",60.0,2706.0,86592.0,43584.0,36864.0,865920.0,44160.0,1024,16.0,5632.0,5632.0,3.0,1536.0,1536.0,142200.0,QGD-D03-equal-K11,equal-high-mode-count,concentrated,QGD-D03-equal-K11/concentrated,0,1,2.1875,10,179.2304245744904,0.5424967000144534
qgd-paper-r0.10,guarded,0.1,paper,adam,0.0,0.03986670344375787,0.3352685334721828,0.3941726781795531,1.0,0.2553267045454546,0.06729403409090909,0.03656969152168932,0.3181471767778635,0.3711638685575145,0.8181818181818182,0.40980113636363635,0.10245028409090909,0.03458081814543723,0.3012736452038484,0.3584146535336067,0.8181818181818182,0.5678267045454546,0.1376065340909091,0.001988873376252087,0.01687353157401511,0.005285885298320636,0.033994888268334356,57,0,47,0,0.8888888888888888,0.0,0.05555555555555555,0.0,0,0.012575478898939185,0.0293461388387349,0.7685301857497164,0.33222475581701905,-0.0008057224762070313,-0.00014514915031328554,"{""local"": 3, ""none"": 2, ""quantile"": 12, ""quantile+local"": 1}",60.0,2706.0,86592.0,43584.0,36864.0,865920.0,44160.0,1024,16.0,5632.0,5632.0,3.0,1536.0,1536.0,142200.0,QGD-D03-equal-K11,equal-high-mode-count,concentrated,QGD-D03-equal-K11/concentrated,0,1,2.1875,10,179.2304245744904,0.6497740000195336
qgd-paper-r0.20,guarded,0.2,paper,adam,0.0,0.03790031640532199,0.3266197582428181,0.38365906226774843,1.0,0.2631392045454546,0.07120028409090909,0.03875819284148374,0.3307087728856085,0.38541438797335104,0.8181818181818182,0.30042613636363635,0.08291903409090909,0.03458081814543723,0.3012736452038484,0.3584146535336067,0.8181818181818182,0.5678267045454546,0.1376065340909091,0.00417737469604651,0.029435127681760098,0.0033194982598847567,0.025346113038969664,57,0,52,0,0.8888888888888888,0.0,0.05555555555555555,0.0,0,0.01645735388422153,0.03153158627264398,0.7422473358143107,0.33692186741013813,-0.0015508299956023932,-0.00017349107115221743,"{""local"": 2, ""none"": 2, ""quantile"": 13, ""quantile+local"": 1}",60.0,2706.0,86592.0,43584.0,36864.0,865920.0,44160.0,1024,16.0,5632.0,5632.0,3.0,1536.0,1536.0,142200.0,QGD-D03-equal-K11,equal-high-mode-count,concentrated,QGD-D03-equal-K11/concentrated,0,1,2.1875,10,179.2304245744904,0.7520186000037938
qgd-sharp-r0.10,guarded,0.1,sharp,adam,0.0,0.030913774188914722,0.2949155969287462,0.3476462263310403,1.0,0.23579545454545456,0.06924715909090909,0.03580614943250371,0.3167467215348493,0.3706067179510765,0.8181818181818182,0.30823863636363635,0.08682528409090909,0.03458081814543723,0.3012736452038484,0.3584146535336067,0.8181818181818182,0.5678267045454546,0.1376065340909091,0.0012253312870664779,0.015473076331000868,-0.003667043956522509,-0.006358048275102224,57,0,52,0,0.4444444444444444,0.0,0.05555555555555555,0.0,0,0.0,0.0121364002102099,0.7206762645082029,0.8022875251413119,-0.002034530492521114,-0.0013519710503516445,"{""local"": 1, ""none"": 10, ""quantile"": 6, ""quantile+local"": 1}",60.0,2706.0,86592.0,43584.0,36288.0,865920.0,44160.0,1024,16.0,5632.0,5632.0,3.0,1536.0,1536.0,142200.0,QGD-D03-equal-K11,equal-high-mode-count,concentrated,QGD-D03-equal-K11/concentrated,0,1,2.1875,10,179.2304245744904,0.8562533000076655
fixed-mix-q0.10,fixed,0.0,paper,adam,0.1,0.5579964966433195,1.4786053553605818,1.5849536892227725,0.7272727272727273,0.6473721590909092,0.1434659090909091,0.5579964966433195,1.4786053553605818,1.5849536892227725,0.7272727272727273,0.6473721590909092,0.1434659090909091,0.9312907283862928,2.0136593806686363,2.094228204129422,0.6363636363636365,0.8117897727272728,0.2450284090909091,-0.37329423174297327,-0.5350540253080545,-0.37329423174297327,-0.5350540253080545,60,1,60,0,0.0,0.0,0.0,0.0,0,0.002519605814189657,0.003056787829479546,0.904680357432678,0.9550744359908432,nan,nan,"{""fixed-mix"": 18}",60.0,2706.0,86592.0,43584.0,36864.0,865920.0,44160.0,1024,16.0,5632.0,5632.0,3.0,1536.0,1536.0,142200.0,QGD-D03-equal-K11,equal-high-mode-count,missing,QGD-D03-equal-K11/missing,0,1,2.5,10,156.40848972144698,0.47047359999851324
lbqcd,paper,0.0,paper,adam,0.0,0.5571435834491667,1.4789871861646078,1.5860750842468003,0.7272727272727273,0.6434659090909092,0.1434659090909091,0.5571435834491667,1.4789871861646078,1.5860750842468003,0.7272727272727273,0.6434659090909092,0.1434659090909091,0.9312907283862928,2.0136593806686363,2.094228204129422,0.6363636363636365,0.8117897727272728,0.2450284090909091,-0.3741471449371261,-0.5346721945040285,-0.3741471449371261,-0.5346721945040285,60,1,60,0,0.0,0.0,0.0,0.0,0,nan,nan,nan,nan,nan,nan,{},60.0,2706.0,86592.0,43584.0,36864.0,860160.0,43584.0,1024,16.0,5632.0,5632.0,3.0,1536.0,1536.0,142200.0,QGD-D03-equal-K11,equal-high-mode-count,missing,QGD-D03-equal-K11/missing,0,1,2.5,10,156.40848972144698,0.27208860000246204
periodic-4p1q,periodic,0.0,paper,adam,0.0,0.4787081599476206,1.3265908854580681,1.4459084755345315,0.7272727272727273,0.6473721590909092,0.12198153409090909,0.4787081599476206,1.3265908854580681,1.4459084755345315,0.7272727272727273,0.6473721590909092,0.12198153409090909,0.9312907283862928,2.0136593806686363,2.094228204129422,0.6363636363636365,0.8117897727272728,0.2450284090909091,-0.4525825684386722,-0.6870684952105681,-0.4525825684386722,-0.6870684952105681,60,1,60,0,0.0,0.0,0.0,0.0,0,nan,nan,nan,nan,nan,nan,{},60.0,2706.0,86592.0,43584.0,30720.0,861120.0,43584.0,1024,16.0,5632.0,5632.0,3.0,1536.0,1536.0,142200.0,QGD-D03-equal-K11,equal-high-mode-count,missing,QGD-D03-equal-K11/missing,0,1,2.5,10,156.40848972144698,0.3658848000050057
qgd-paper-r0.05,guarded,0.05,paper,adam,0.0,0.5571435834491667,1.4789871861646078,1.5860750842468003,0.7272727272727273,0.6434659090909092,0.1434659090909091,0.5571435834491667,1.4789871861646078,1.5860750842468003,0.7272727272727273,0.6434659090909092,0.1434659090909091,0.9312907283862928,2.0136593806686363,2.094228204129422,0.6363636363636365,0.8117897727272728,0.2450284090909091,-0.3741471449371261,-0.5346721945040285,-0.3741471449371261,-0.5346721945040285,60,1,60,0,0.0,0.0,0.0,0.0,0,0.0,0.0,0.9049338012309255,0.9537174002020121,-0.04959629459729843,-0.0030927954778382175,"{""none"": 18}",60.0,2706.0,86592.0,43584.0,36864.0,865920.0,44160.0,1024,16.0,5632.0,5632.0,3.0,1536.0,1536.0,142200.0,QGD-D03-equal-K11,equal-high-mode-count,missing,QGD-D03-equal-K11/missing,0,1,2.5,10,156.40848972144698,0.5678740000003017
qgd-paper-r0.10,guarded,0.1,paper,adam,0.0,0.5571435834491667,1.4789871861646078,1.5860750842468003,0.7272727272727273,0.6434659090909092,0.1434659090909091,0.5571435834491667,1.4789871861646078,1.5860750842468003,0.7272727272727273,0.6434659090909092,0.1434659090909091,0.9312907283862928,2.0136593806686363,2.094228204129422,0.6363636363636365,0.8117897727272728,0.2450284090909091,-0.3741471449371261,-0.5346721945040285,-0.3741471449371261,-0.5346721945040285,60,1,60,0,0.0,0.0,0.0,0.0,0,0.0,0.0,0.9049338012309255,0.9537174002020121,-0.04959629459729843,-0.0030927954778382175,"{""none"": 18}",60.0,2706.0,86592.0,43584.0,36864.0,865920.0,44160.0,1024,16.0,5632.0,5632.0,3.0,1536.0,1536.0,142200.0,QGD-D03-equal-K11,equal-high-mode-count,missing,QGD-D03-equal-K11/missing,0,1,2.5,10,156.40848972144698,0.6732668000040576
qgd-paper-r0.20,guarded,0.2,paper,adam,0.0,0.5571435834491667,1.4789871861646078,1.5860750842468003,0.7272727272727273,0.6434659090909092,0.1434659090909091,0.5571435834491667,1.4789871861646078,1.5860750842468003,0.7272727272727273,0.6434659090909092,0.1434659090909091,0.9312907283862928,2.0136593806686363,2.094228204129422,0.6363636363636365,0.8117897727272728,0.2450284090909091,-0.3741471449371261,-0.5346721945040285,-0.3741471449371261,-0.5346721945040285,60,1,60,0,0.0,0.0,0.0,0.0,0,0.0,0.0,0.9049338012309255,0.9537174002020121,-0.04959629459729843,-0.0030927954778382175,"{""none"": 18}",60.0,2706.0,86592.0,43584.0,36864.0,865920.0,44160.0,1024,16.0,5632.0,5632.0,3.0,1536.0,1536.0,142200.0,QGD-D03-equal-K11,equal-high-mode-count,missing,QGD-D03-equal-K11/missing,0,1,2.5,10,156.40848972144698,0.780175899999449
qgd-sharp-r0.10,guarded,0.1,sharp,adam,0.0,0.8273666883155366,1.4738257868651867,1.714539981199206,0.5454545454545455,0.8934659090909092,0.1532315340909091,0.8274816780968015,1.547799671632084,1.7332400759410784,0.5454545454545455,0.8583096590909092,0.1297940340909091,0.9312907283862928,2.0136593806686363,2.094228204129422,0.6363636363636365,0.8117897727272728,0.2450284090909091,-0.10380905028949128,-0.46585970903655216,-0.10392404007075617,-0.5398335938034495,60,1,57,0,0.16666666666666663,0.0,0.0,0.0,0,0.0,0.01154394588448372,0.7369483636344945,0.6455036663445478,-0.03410306485350179,-0.022574836419427965,"{""local"": 1, ""none"": 15, ""quantile"": 2}",60.0,2706.0,86592.0,43584.0,36288.0,865920.0,44160.0,1024,16.0,5632.0,5632.0,3.0,1536.0,1536.0,142200.0,QGD-D03-equal-K11,equal-high-mode-count,missing,QGD-D03-equal-K11/missing,0,1,2.5,10,156.40848972144698,0.8778695999935735
fixed-mix-q0.10,fixed,0.0,paper,adam,0.1,0.055602255319108895,0.28873186518984023,0.33655537125655277,0.875,0.5,0.140625,0.07687713079699843,0.33840197386082294,0.38504423270313315,0.9375,0.51953125,0.140625,0.09141659561884241,0.3771429270832197,0.42646862069938546,0.9375,0.578125,0.15625,-0.014539464821843984,-0.03874095322239679,-0.035814340299733516,-0.0884110618933795,42,0,47,0,0.0,0.0,0.0,0.0,0,0.0013358866054244054,0.0018082690537397725,0.9552885096775972,0.9019220772231591,nan,nan,"{""fixed-mix"": 18}",60.0,2706.0,86592.0,43584.0,36864.0,865920.0,44160.0,1024,14.0,4608.0,4608.0,3.0,1536.0,1536.0,142200.0,QGD-D04-hetero-K8,heteroscedastic,concentrated,QGD-D04-hetero-K8/concentrated,0,1,1.9375,6,153.0093283372553,0.37158540001837537
lbqcd,paper,0.0,paper,adam,0.0,0.0559306399612538,0.2896789349085986,0.3375229093484402,0.875,0.50390625,0.138671875,0.07694033611138051,0.33878076935148255,0.3853238847949467,0.9375,0.51953125,0.140625,0.09141659561884241,0.3771429270832197,0.42646862069938546,0.9375,0.578125,0.15625,-0.014476259507461897,-0.03836215773173718,-0.03548595565758861,-0.08746399217462114,42,0,47,0,0.0,0.0,0.0,0.0,0,nan,nan,nan,nan,nan,nan,{},60.0,2706.0,86592.0,43584.0,36864.0,860160.0,43584.0,1024,14.0,4608.0,4608.0,3.0,1536.0,1536.0,142200.0,QGD-D04-hetero-K8,heteroscedastic,concentrated,QGD-D04-hetero-K8/concentrated,0,1,1.9375,6,153.0093283372553,0.2211822000099346
periodic-4p1q,periodic,0.0,paper,adam,0.0,0.047220006960141614,0.2686690173619674,0.322764191278561,0.875,0.5,0.14453125,0.0752756358769675,0.33306498655904204,0.3800824721166648,0.9375,0.52734375,0.142578125,0.09141659561884241,0.3771429270832197,0.42646862069938546,0.9375,0.578125,0.15625,-0.016140959741874905,-0.04407794052417768,-0.0441965886587008,-0.10847390972125232,42,0,47,0,0.0,0.0,0.0,0.0,0,nan,nan,nan,nan,nan,nan,{},60.0,2706.0,86592.0,43584.0,30720.0,861120.0,43584.0,1024,14.0,4608.0,4608.0,3.0,1536.0,1536.0,142200.0,QGD-D04-hetero-K8,heteroscedastic,concentrated,QGD-D04-hetero-K8/concentrated,0,1,1.9375,6,153.0093283372553,0.2949752999993507
qgd-paper-r0.05,guarded,0.05,paper,adam,0.0,0.0567944350217755,0.2913829867363136,0.33797550175401075,0.875,0.5078125,0.140625,0.07694033611138051,0.33878076935148255,0.3853238847949467,0.9375,0.51953125,0.140625,0.09141659561884241,0.3771429270832197,0.42646862069938546,0.9375,0.578125,0.15625,-0.014476259507461897,-0.03836215773173718,-0.03462216059706691,-0.08575994034690615,42,0,47,0,0.2222222222222222,0.0,0.16666666666666666,0.0,0,0.0,0.008268849050123518,0.9558937448251872,0.8991761475395108,-0.0034275776540315444,-0.000393700561753563,"{""local"": 3, ""none"": 14, ""quantile"": 1}",60.0,2706.0,86592.0,43584.0,36864.0,865920.0,44160.0,1024,14.0,4608.0,4608.0,3.0,1536.0,1536.0,142200.0,QGD-D04-hetero-K8,heteroscedastic,concentrated,QGD-D04-hetero-K8/concentrated,0,1,1.9375,6,153.0093283372553,0.45873610000126064
qgd-paper-r0.10,guarded,0.1,paper,adam,0.0,0.05702257583196957,0.2919167190771727,0.33837083664406,0.875,0.5,0.13671875,0.07694033611138051,0.33878076935148255,0.3853238847949467,0.9375,0.51953125,0.140625,0.09141659561884241,0.3771429270832197,0.42646862069938546,0.9375,0.578125,0.15625,-0.014476259507461897,-0.03836215773173718,-0.03439401978687284,-0.08522620800604702,42,0,47,0,0.2777777777777778,0.0,0.16666666666666666,0.0,0,0.0,0.00828764890819199,0.9558937448251872,0.8991917889868644,-0.0034312411450068527,-0.0003935628195206658,"{""local"": 3, ""none"": 13, ""quantile"": 2}",60.0,2706.0,86592.0,43584.0,36864.0,865920.0,44160.0,1024,14.0,4608.0,4608.0,3.0,1536.0,1536.0,142200.0,QGD-D04-hetero-K8,heteroscedastic,concentrated,QGD-D04-hetero-K8/concentrated,0,1,1.9375,6,153.0093283372553,0.5396428999956697
qgd-paper-r0.20,guarded,0.2,paper,adam,0.0,0.057494454888378455,0.2930180344288473,0.339253603205025,0.875,0.49609375,0.1328125,0.07694033611138051,0.33878076935148255,0.3853238847949467,0.9375,0.51953125,0.140625,0.09141659561884241,0.3771429270832197,0.42646862069938546,0.9375,0.578125,0.15625,-0.014476259507461897,-0.03836215773173718,-0.03392214073046396,-0.08412489265437245,42,0,47,0,0.2777777777777778,0.0,0.16666666666666666,0.0,0,0.0,0.008330855860866522,0.9558937448251872,0.8991982963587879,-0.0034403382807462754,-0.000446961120892096,"{""local"": 1, ""none"": 13, ""quantile"": 2, ""quantile+local"": 2}",60.0,2706.0,86592.0,43584.0,36864.0,865920.0,44160.0,1024,14.0,4608.0,4608.0,3.0,1536.0,1536.0,142200.0,QGD-D04-hetero-K8,heteroscedastic,concentrated,QGD-D04-hetero-K8/concentrated,0,1,1.9375,6,153.0093283372553,0.6200355000037234
qgd-sharp-r0.10,guarded,0.1,sharp,adam,0.0,0.04475602904340059,0.2761836942330486,0.33064381700250933,0.875,0.41796875,0.099609375,0.07264293895176754,0.32614655086184635,0.3727685120532243,0.9375,0.515625,0.13671875,0.09141659561884241,0.3771429270832197,0.42646862069938546,0.9375,0.578125,0.15625,-0.018773656667074867,-0.050996376221373374,-0.04666056657544182,-0.10095923285017111,42,0,47,0,0.2777777777777778,0.0,0.16666666666666666,0.0,0,0.0,0.02936713123260005,0.9522542006776686,0.9585601643341466,-0.005520085011991659,-0.0022026781116886987,"{""local"": 2, ""none"": 13, ""quantile"": 3}",60.0,2706.0,86592.0,43584.0,36288.0,865920.0,44160.0,1024,14.0,4608.0,4608.0,3.0,1536.0,1536.0,142200.0,QGD-D04-hetero-K8,heteroscedastic,concentrated,QGD-D04-hetero-K8/concentrated,0,1,1.9375,6,153.0093283372553,0.7027707000088412
fixed-mix-q0.10,fixed,0.0,paper,adam,0.1,0.42233200161019013,1.2106919755980994,1.2603514417338755,0.8125,0.65234375,0.19140625,0.47887717184942336,1.275257097058658,1.3168203467252577,0.8125,0.70703125,0.201171875,0.8719309582952812,1.720283650412681,1.758415092635295,0.5625,0.89453125,0.271484375,-0.39305378644585787,-0.44502655335402297,-0.4495989566850911,-0.5095916748145817,60,1,57,0,0.0,0.0,0.0,0.0,0,0.003656019536549168,0.004242799331485422,0.8754157003677089,0.8475789628955406,nan,nan,"{""fixed-mix"": 18}",60.0,2706.0,86592.0,43584.0,36864.0,865920.0,44160.0,1024,16.0,5632.0,5632.0,3.0,1536.0,1536.0,142200.0,QGD-D04-hetero-K8,heteroscedastic,missing,QGD-D04-hetero-K8/missing,0,1,2.1875,5,173.6075207662028,0.43806230000336654
lbqcd,paper,0.0,paper,adam,0.0,0.4160931926632081,1.2072073107116148,1.2606200968500547,0.8125,0.6640625,0.19140625,0.4728805316699427,1.271725909800842,1.3159684178548392,0.8125,0.7109375,0.205078125,0.8719309582952812,1.720283650412681,1.758415092635295,0.5625,0.89453125,0.271484375,-0.3990504266253385,-0.44855774061183906,-0.4558377656320731,-0.5130763397010663,60,1,57,0,0.0,0.0,0.0,0.0,0,nan,nan,nan,nan,nan,nan,{},60.0,2706.0,86592.0,43584.0,36864.0,860160.0,43584.0,1024,16.0,5632.0,5632.0,3.0,1536.0,1536.0,142200.0,QGD-D04-hetero-K8,heteroscedastic,missing,QGD-D04-hetero-K8/missing,0,1,2.1875,5,173.6075207662028,0.2460801000124775
periodic-4p1q,periodic,0.0,paper,adam,0.0,0.3426728761414308,1.0924357538142695,1.1436226532508733,0.8125,0.61328125,0.16796875,0.3426728761414308,1.0924357538142695,1.1436226532508733,0.8125,0.61328125,0.16796875,0.8719309582952812,1.720283650412681,1.758415092635295,0.5625,0.89453125,0.271484375,-0.5292580821538504,-0.6278478965984116,-0.5292580821538504,-0.6278478965984116,60,1,60,0,0.0,0.0,0.0,0.0,0,nan,nan,nan,nan,nan,nan,{},60.0,2706.0,86592.0,43584.0,30720.0,861120.0,43584.0,1024,16.0,5632.0,5632.0,3.0,1536.0,1536.0,142200.0,QGD-D04-hetero-K8,heteroscedastic,missing,QGD-D04-hetero-K8/missing,0,1,2.1875,5,173.6075207662028,0.33656160000828095
qgd-paper-r0.05,guarded,0.05,paper,adam,0.0,0.4160931926632081,1.2072073107116148,1.2606200968500547,0.8125,0.6640625,0.19140625,0.47288053166994315,1.2717259098008422,1.3159684178548392,0.8125,0.7109375,0.205078125,0.8719309582952812,1.720283650412681,1.758415092635295,0.5625,0.89453125,0.271484375,-0.3990504266253381,-0.44855774061183884,-0.4558377656320731,-0.5130763397010663,60,1,57,0,0.0,0.0,0.0,0.0,0,0.0,0.0,0.8738816409088414,0.847262654632571,-0.04140876919658411,-0.0039105389794011625,"{""none"": 18}",60.0,2706.0,86592.0,43584.0,36864.0,865920.0,44160.0,1024,16.0,5632.0,5632.0,3.0,1536.0,1536.0,142200.0,QGD-D04-hetero-K8,heteroscedastic,missing,QGD-D04-hetero-K8/missing,0,1,2.1875,5,173.6075207662028,0.5413576000137255
qgd-paper-r0.10,guarded,0.1,paper,adam,0.0,0.4160931926632081,1.2072073107116148,1.2606200968500547,0.8125,0.6640625,0.19140625,0.47288053166994315,1.2717259098008422,1.3159684178548392,0.8125,0.7109375,0.205078125,0.8719309582952812,1.720283650412681,1.758415092635295,0.5625,0.89453125,0.271484375,-0.3990504266253381,-0.44855774061183884,-0.4558377656320731,-0.5130763397010663,60,1,57,0,0.0,0.0,0.0,0.0,0,0.0,0.0,0.8738816409088414,0.847262654632571,-0.04140876919658411,-0.0039105389794011625,"{""none"": 18}",60.0,2706.0,86592.0,43584.0,36864.0,865920.0,44160.0,1024,16.0,5632.0,5632.0,3.0,1536.0,1536.0,142200.0,QGD-D04-hetero-K8,heteroscedastic,missing,QGD-D04-hetero-K8/missing,0,1,2.1875,5,173.6075207662028,0.6419137000048067
qgd-paper-r0.20,guarded,0.2,paper,adam,0.0,0.4160931926632081,1.2072073107116148,1.2606200968500547,0.8125,0.6640625,0.19140625,0.47288053166994315,1.2717259098008422,1.3159684178548392,0.8125,0.7109375,0.205078125,0.8719309582952812,1.720283650412681,1.758415092635295,0.5625,0.89453125,0.271484375,-0.3990504266253381,-0.44855774061183884,-0.4558377656320731,-0.5130763397010663,60,1,57,0,0.0,0.0,0.0,0.0,0,0.0,0.0,0.8738816409088414,0.847262654632571,-0.04140876919658411,-0.0039105389794011625,"{""none"": 18}",60.0,2706.0,86592.0,43584.0,36864.0,865920.0,44160.0,1024,16.0,5632.0,5632.0,3.0,1536.0,1536.0,142200.0,QGD-D04-hetero-K8,heteroscedastic,missing,QGD-D04-hetero-K8/missing,0,1,2.1875,5,173.6075207662028,0.7539094999956433
qgd-sharp-r0.10,guarded,0.1,sharp,adam,0.0,0.4838095582087627,1.1402371203726205,1.1991860721101009,0.5625,0.8671875,0.24609375,0.4838095582087627,1.1402371203726205,1.1991860721101009,0.5625,0.8671875,0.24609375,0.8719309582952812,1.720283650412681,1.758415092635295,0.5625,0.89453125,0.271484375,-0.3881214000865185,-0.5800465300400606,-0.3881214000865185,-0.5800465300400606,60,1,60,0,0.0,0.0,0.0,0.0,0,0.0,0.0,0.9641862919801213,0.8881388341901939,-0.04585887246725365,-0.014672831632580737,"{""none"": 18}",60.0,2706.0,86592.0,43584.0,36288.0,865920.0,44160.0,1024,16.0,5632.0,5632.0,3.0,1536.0,1536.0,142200.0,QGD-D04-hetero-K8,heteroscedastic,missing,QGD-D04-hetero-K8/missing,0,1,2.1875,5,173.6075207662028,0.8594881000171881
fixed-mix-q0.10,fixed,0.0,paper,adam,0.1,0.0063858646283025955,0.04954281246833576,0.10583085832078695,1.0,0.3348214285714285,0.10128348214285715,0.0053516808285763995,0.05421256673163219,0.099675831188736,1.0,0.3504464285714285,0.10323660714285715,0.006563626984866566,0.08081433135927374,0.1040243422881255,1.0,0.3577008928571428,0.0943080357142857,-0.0012119461562901668,-0.02660176462764155,-0.00017776235656397077,-0.03127151889093798,42,0,52,0,0.0,0.0,0.0,0.0,0,0.0005729362316864981,0.0008573523986450919,0.9753508677858227,0.609125539693676,nan,nan,"{""fixed-mix"": 18}",60.0,60.0,1920.0,1920.0,36864.0,19200.0,2496.0,1024,16.0,5632.0,5632.0,3.0,1536.0,1536.0,142200.0,QGD-D05-overlap-K6,overlap,concentrated,QGD-D05-overlap-K6/concentrated,0,0,32.0,0,0.0,0.28590970000368543
lbqcd,paper,0.0,paper,adam,0.0,0.006706152816286948,0.05037395999516975,0.1079033876136665,1.0,0.3426339285714285,0.10128348214285715,0.005514490446915654,0.054128217024240345,0.1007383115833382,1.0,0.3543526785714285,0.10323660714285715,0.006563626984866566,0.08081433135927374,0.1040243422881255,1.0,0.3577008928571428,0.0943080357142857,-0.001049136537950912,-0.026686114335033394,0.00014252583142038144,-0.03044037136410399,42,0,52,0,0.0,0.0,0.0,0.0,0,nan,nan,nan,nan,nan,nan,{},60.0,60.0,1920.0,1920.0,36864.0,13440.0,1920.0,1024,16.0,5632.0,5632.0,3.0,1536.0,1536.0,142200.0,QGD-D05-overlap-K6,overlap,concentrated,QGD-D05-overlap-K6/concentrated,0,0,32.0,0,0.0,0.09581790000083856
periodic-4p1q,periodic,0.0,paper,adam,0.0,0.004653470507356872,0.05498131991803255,0.09335160965468393,1.0,0.2801339285714285,0.08370535714285715,0.004653470507356872,0.05498131991803255,0.09335160965468393,1.0,0.2801339285714285,0.08370535714285715,0.006563626984866566,0.08081433135927374,0.1040243422881255,1.0,0.3577008928571428,0.0943080357142857,-0.0019101564775096946,-0.025833011441241192,-0.0019101564775096946,-0.025833011441241192,42,0,60,0,0.0,0.0,0.0,0.0,0,nan,nan,nan,nan,nan,nan,{},60.0,60.0,1920.0,1920.0,30720.0,14400.0,1920.0,1024,16.0,5632.0,5632.0,3.0,1536.0,1536.0,142200.0,QGD-D05-overlap-K6,overlap,concentrated,QGD-D05-overlap-K6/concentrated,0,0,32.0,0,0.0,0.18717650001053698
qgd-paper-r0.05,guarded,0.05,paper,adam,0.0,0.005207559993681277,0.05113455719266946,0.09777617262869878,1.0,0.3270089285714285,0.09737723214285715,0.004618778446744187,0.05915315465525163,0.09373046037039431,1.0,0.2857142857142857,0.07979910714285715,0.006563626984866566,0.08081433135927374,0.1040243422881255,1.0,0.3577008928571428,0.0943080357142857,-0.001944848538122379,-0.02166117670402211,-0.0013560669911852896,-0.029679774166604278,42,0,52,0,0.5,0.0,0.3888888888888889,0.0,0,0.0015046945333072185,0.009728988338232408,0.971100410340274,0.7696162435247027,-0.00018032336684465483,-5.957863109049924e-05,"{""local"": 1, ""none"": 9, ""quantile"": 5, ""quantile+local"": 3}",60.0,60.0,1920.0,1920.0,36864.0,19200.0,2496.0,1024,16.0,5632.0,5632.0,3.0,1536.0,1536.0,142200.0,QGD-D05-overlap-K6,overlap,concentrated,QGD-D05-overlap-K6/concentrated,0,0,32.0,0,0.0,0.3802278999937698
qgd-paper-r0.10,guarded,0.1,paper,adam,0.0,0.004988972018052484,0.052026768141459796,0.09605562966945999,1.0,0.2918526785714285,0.08956473214285715,0.004575714184524626,0.060082770108410906,0.09328493657584613,1.0,0.3013392857142857,0.07784598214285715,0.006563626984866566,0.08081433135927374,0.1040243422881255,1.0,0.3577008928571428,0.0943080357142857,-0.00198791280034194,-0.020731561250862833,-0.001574654966814082,-0.028787563217813943,42,0,52,0,0.5,0.0,0.3333333333333333,0.0,0,0.0012278351012237594,0.012965561476387397,0.9716327477047559,0.8093049366978455,-0.00027385651718520477,-8.341837860078463e-05,"{""local"": 1, ""none"": 9, ""quantile"": 6, ""quantile+local"": 2}",60.0,60.0,1920.0,1920.0,36864.0,19200.0,2496.0,1024,16.0,5632.0,5632.0,3.0,1536.0,1536.0,142200.0,QGD-D05-overlap-K6,overlap,concentrated,QGD-D05-overlap-K6/concentrated,0,0,32.0,0,0.0,0.47264689998701215
qgd-paper-r0.20,guarded,0.2,paper,adam,0.0,0.00470820521123172,0.05424412270227063,0.09349407454283495,1.0,0.2918526785714285,0.08956473214285715,0.004598245496008069,0.054570759293750756,0.09329031999560605,1.0,0.2762276785714285,0.08565848214285715,0.006563626984866566,0.08081433135927374,0.1040243422881255,1.0,0.3577008928571428,0.0943080357142857,-0.0019653814888584975,-0.026243572065522983,-0.0018554217736348466,-0.02657020865700311,42,0,57,0,0.5,0.0,0.3333333333333333,0.0,0,0.0008051979511832599,0.019768978474381967,0.9744212663584192,0.8298715156735941,-0.00040120419880986555,-0.00010629637368800553,"{""local"": 2, ""none"": 9, ""quantile"": 6, ""quantile+local"": 1}",60.0,60.0,1920.0,1920.0,36864.0,19200.0,2496.0,1024,16.0,5632.0,5632.0,3.0,1536.0,1536.0,142200.0,QGD-D05-overlap-K6,overlap,concentrated,QGD-D05-overlap-K6/concentrated,0,0,32.0,0,0.0,0.5667661000043154
qgd-sharp-r0.10,guarded,0.1,sharp,adam,0.0,0.006810798107564797,0.054573276968920385,0.1059924905068855,1.0,0.3113839285714285,0.10323660714285715,0.00424082957839933,0.05770748187690703,0.0924367806025723,1.0,0.2466517857142857,0.06612723214285715,0.006563626984866566,0.08081433135927374,0.1040243422881255,1.0,0.3577008928571428,0.0943080357142857,-0.0023227974064672363,-0.023106849482366708,0.00024717112269823094,-0.026241054390353354,42,0,52,0,0.5,0.0,0.3333333333333333,0.0,0,0.0006551181641632401,0.014162511806146333,0.9785059246812524,0.8928803545805761,-0.00028208928955676237,-0.0002904244393078337,"{""local"": 1, ""none"": 9, ""quantile"": 7, ""quantile+local"": 1}",60.0,60.0,1920.0,1920.0,36288.0,19200.0,2496.0,1024,16.0,5632.0,5632.0,3.0,1536.0,1536.0,142200.0,QGD-D05-overlap-K6,overlap,concentrated,QGD-D05-overlap-K6/concentrated,0,0,32.0,0,0.0,0.676791800011415
fixed-mix-q0.10,fixed,0.0,paper,adam,0.1,0.007736841531479466,0.10550119082372628,0.1184148781331374,1.0,0.3387276785714286,0.1275111607142857,0.010534074338694466,0.060856562170081174,0.09916826777723428,1.0,0.2315848214285714,0.06222098214285715,0.058191726205924055,0.17623544472534855,0.20061149423031313,1.0,0.26171875,0.07142857142857142,-0.04765765186722959,-0.11537888255526738,-0.05045488467444459,-0.07073425390162227,42,0,47,0,0.0,0.0,0.0,0.0,0,0.0006885461937308377,0.0014485815918498263,0.9814201880117084,0.904029437583314,nan,nan,"{""fixed-mix"": 18}",60.0,60.0,1920.0,1920.0,36864.0,19200.0,2496.0,1024,14.0,4608.0,4608.0,3.0,1536.0,1536.0,142200.0,QGD-D05-overlap-K6,overlap,missing,QGD-D05-overlap-K6/missing,0,0,32.0,0,0.0,0.24633919997722842
lbqcd,paper,0.0,paper,adam,0.0,0.008214798769290765,0.10908238311146819,0.12228831294434858,1.0,0.3465401785714286,0.1333705357142857,0.010545770708747293,0.060883802373481136,0.09921485194865545,1.0,0.2276785714285714,0.06026785714285715,0.058191726205924055,0.17623544472534855,0.20061149423031313,1.0,0.26171875,0.07142857142857142,-0.04764595549717676,-0.11535164235186741,-0.04997692743663329,-0.06715306161388036,42,0,47,0,0.0,0.0,0.0,0.0,0,nan,nan,nan,nan,nan,nan,{},60.0,60.0,1920.0,1920.0,36864.0,13440.0,1920.0,1024,14.0,4608.0,4608.0,3.0,1536.0,1536.0,142200.0,QGD-D05-overlap-K6,overlap,missing,QGD-D05-overlap-K6/missing,0,0,32.0,0,0.0,0.08341209997888654
periodic-4p1q,periodic,0.0,paper,adam,0.0,0.006962325842820194,0.09134752204760274,0.10350700275990901,1.0,0.2672991071428572,0.1099330357142857,0.003210279498876756,0.07454298605581762,0.09032918971964292,1.0,0.2645089285714286,0.0943080357142857,0.058191726205924055,0.17623544472534855,0.20061149423031313,1.0,0.26171875,0.07142857142857142,-0.0549814467070473,-0.10169245866953093,-0.05122940036310386,-0.08488792267774581,42,0,52,0,0.0,0.0,0.0,0.0,0,nan,nan,nan,nan,nan,nan,{},60.0,60.0,1920.0,1920.0,30720.0,14400.0,1920.0,1024,16.0,5632.0,5632.0,3.0,1536.0,1536.0,142200.0,QGD-D05-overlap-K6,overlap,missing,QGD-D05-overlap-K6/missing,0,0,32.0,0,0.0,0.17111149997799657
qgd-paper-r0.05,guarded,0.05,paper,adam,0.0,0.0033997087614052734,0.08192047135360396,0.09533855271718783,1.0,0.3035714285714286,0.1060267857142857,0.004833848787385686,0.06047000709702796,0.09035710270637178,1.0,0.2472098214285714,0.0669642857142857,0.058191726205924055,0.17623544472534855,0.20061149423031313,1.0,0.26171875,0.07142857142857142,-0.05335787741853837,-0.11576543762832059,-0.05479201744451878,-0.09431497337174459,42,0,52,0,0.5,0.0,0.3333333333333333,0.0,0,0.00353496075619506,0.027522997274620695,0.9815013269007722,0.6633679849973867,-0.0003801052888647782,-8.95464587809495e-05,"{""local"": 5, ""none"": 9, ""quantile"": 2, ""quantile+local"": 2}",60.0,60.0,1920.0,1920.0,36864.0,19200.0,2496.0,1024,16.0,5632.0,5632.0,3.0,1536.0,1536.0,142200.0,QGD-D05-overlap-K6,overlap,missing,QGD-D05-overlap-K6/missing,0,0,32.0,0,0.0,0.3332630999793764
qgd-paper-r0.10,guarded,0.1,paper,adam,0.0,0.0031336355349372846,0.07805839328482932,0.09225085837972079,1.0,0.2957589285714286,0.1040736607142857,0.005307749650036775,0.05910458442821601,0.09027157099153384,1.0,0.2472098214285714,0.06612723214285715,0.058191726205924055,0.17623544472534855,0.20061149423031313,1.0,0.26171875,0.07142857142857142,-0.05288397655588728,-0.11713086029713254,-0.05505809067098677,-0.09817705144051923,42,0,52,0,0.5,0.0,0.3888888888888889,0.0,0,0.0038058718604626705,0.0339239674828059,0.9798432272312809,0.616317906871394,-0.0004171957792493192,-0.00011176289568807691,"{""local"": 4, ""none"": 9, ""quantile"": 3, ""quantile+local"": 2}",60.0,60.0,1920.0,1920.0,36864.0,19200.0,2496.0,1024,16.0,5632.0,5632.0,3.0,1536.0,1536.0,142200.0,QGD-D05-overlap-K6,overlap,missing,QGD-D05-overlap-K6/missing,0,0,32.0,0,0.0,0.43327519999002106
qgd-paper-r0.20,guarded,0.2,paper,adam,0.0,0.0027910859806233868,0.06510776768038264,0.08161870868410602,1.0,0.2472098214285714,0.08565848214285715,0.0028885951983745883,0.07138501040521507,0.08881178170535553,1.0,0.2840401785714286,0.08175223214285715,0.058191726205924055,0.17623544472534855,0.20061149423031313,1.0,0.26171875,0.07142857142857142,-0.055303131007549466,-0.10485043432013348,-0.05540064022530067,-0.11112767704496591,42,0,57,0,0.6111111111111112,0.0,0.4444444444444444,0.0,0,0.0048815545332413675,0.04536314662272409,0.9687442643627735,0.6110118314457066,-0.0005486818103366193,-0.00018537817840432824,"{""local"": 2, ""none"": 7, ""quantile"": 6, ""quantile+local"": 3}",60.0,60.0,1920.0,1920.0,36864.0,19200.0,2496.0,1024,16.0,5632.0,5632.0,3.0,1536.0,1536.0,142200.0,QGD-D05-overlap-K6,overlap,missing,QGD-D05-overlap-K6/missing,0,0,32.0,0,0.0,0.5219742999761365
qgd-sharp-r0.10,guarded,0.1,sharp,adam,0.0,0.003441902269270769,0.060701942379550435,0.07840463157258656,1.0,0.2120535714285714,0.08565848214285715,0.003441902269270769,0.060701942379550435,0.07840463157258656,1.0,0.2120535714285714,0.08565848214285715,0.058191726205924055,0.17623544472534855,0.20061149423031313,1.0,0.26171875,0.07142857142857142,-0.054749823936653286,-0.11553350234579812,-0.054749823936653286,-0.11553350234579812,42,0,60,0,0.4444444444444444,0.0,0.3888888888888889,0.0,0,0.0,0.03221776086873388,0.9744463968247409,0.9439982350627304,-0.0009576246040832071,-0.0008469724652597039,"{""local"": 2, ""none"": 10, ""quantile"": 4, ""quantile+local"": 2}",60.0,60.0,1920.0,1920.0,36288.0,19200.0,2496.0,1024,16.0,5632.0,5632.0,3.0,1536.0,1536.0,142200.0,QGD-D05-overlap-K6,overlap,missing,QGD-D05-overlap-K6/missing,0,0,32.0,0,0.0,0.6076307999901474
fixed-mix-q0.10,fixed,0.0,paper,adam,0.1,0.07753223513347507,0.33497661928161576,0.6720520257192678,0.9624999999999999,0.24296875000000004,0.09492187499999999,0.08220892818302117,0.3528797833571109,0.6775124020103488,0.9624999999999999,0.26250000000000007,0.09882812499999999,0.13681423666698755,0.5084804056807272,0.7537265301676828,0.9624999999999999,0.44218750000000007,0.14375,-0.054605308483966386,-0.15560062232361627,-0.059282001533512485,-0.1735037863991114,42,0,57,0,0.0,0.0,0.0,0.0,0,0.001268907585393797,0.0017712958535909544,0.9059531208493138,0.9556236022353167,nan,nan,"{""fixed-mix"": 18}",60.0,2706.0,86592.0,43584.0,36864.0,865920.0,44160.0,1024,16.0,5632.0,5632.0,3.0,1536.0,1536.0,142200.0,QGD-D06-contaminated,contaminated,concentrated,QGD-D06-contaminated/concentrated,0,1,1.6875,7,1245.5835958227528,0.42678609999711625
lbqcd,paper,0.0,paper,adam,0.0,0.07754542195714009,0.33486620859471455,0.6718839695006754,0.9624999999999999,0.24296875000000004,0.09492187499999999,0.08250163599132421,0.3533187559722133,0.6774790675653178,0.9624999999999999,0.25859375000000007,0.09882812499999999,0.13681423666698755,0.5084804056807272,0.7537265301676828,0.9624999999999999,0.44218750000000007,0.14375,-0.05431260067566335,-0.15516164970851387,-0.05926881470984746,-0.1736141970860126,42,0,57,0,0.0,0.0,0.0,0.0,0,nan,nan,nan,nan,nan,nan,{},60.0,2706.0,86592.0,43584.0,36864.0,860160.0,43584.0,1024,16.0,5632.0,5632.0,3.0,1536.0,1536.0,142200.0,QGD-D06-contaminated,contaminated,concentrated,QGD-D06-contaminated/concentrated,0,1,1.6875,7,1245.5835958227528,0.24628709998796694
periodic-4p1q,periodic,0.0,paper,adam,0.0,0.08443310265751336,0.3360160599934062,0.6733944872585895,0.9624999999999999,0.22968750000000002,0.10078124999999999,0.08334260751211353,0.33906683597237297,0.6747454382458775,0.9624999999999999,0.23906250000000004,0.10078124999999999,0.13681423666698755,0.5084804056807272,0.7537265301676828,0.9624999999999999,0.44218750000000007,0.14375,-0.05347162915487402,-0.1694135697083542,-0.052381134009474195,-0.17246434568732094,42,0,57,0,0.0,0.0,0.0,0.0,0,nan,nan,nan,nan,nan,nan,{},60.0,2706.0,86592.0,43584.0,30720.0,861120.0,43584.0,1024,16.0,5632.0,5632.0,3.0,1536.0,1536.0,142200.0,QGD-D06-contaminated,contaminated,concentrated,QGD-D06-contaminated/concentrated,0,1,1.6875,7,1245.5835958227528,0.33414880000054836
qgd-paper-r0.05,guarded,0.05,paper,adam,0.0,0.08110779039804106,0.344837685975573,0.6741417874397387,0.9624999999999999,0.24687500000000004,0.09687499999999999,0.08497800282947754,0.3595071370335839,0.6792629621763598,0.9624999999999999,0.27421875000000007,0.10468749999999999,0.13681423666698755,0.5084804056807272,0.7537265301676828,0.9624999999999999,0.44218750000000007,0.14375,-0.051836233837510015,-0.14897326864714328,-0.0557064462689465,-0.16364271970515415,42,0,57,0,0.2222222222222222,0.0,0.1111111111111111,0.0,0,0.0,0.007517687425192668,0.9027866300291096,0.9558019439621335,-0.0036374615968762665,-0.000736301229002867,"{""local"": 1, ""none"": 14, ""quantile"": 3}",60.0,2706.0,86592.0,43584.0,36864.0,865920.0,44160.0,1024,16.0,5632.0,5632.0,3.0,1536.0,1536.0,142200.0,QGD-D06-contaminated,contaminated,concentrated,QGD-D06-contaminated/concentrated,0,1,1.6875,7,1245.5835958227528,0.5285221000085585
qgd-paper-r0.10,guarded,0.1,paper,adam,0.0,0.08185220303970908,0.3468479562447048,0.6746518954419992,0.9624999999999999,0.25468750000000007,0.10078124999999999,0.08579862191207166,0.3618522776049889,0.6798792148811247,0.9624999999999999,0.27812500000000007,0.10664062499999999,0.13681423666698755,0.5084804056807272,0.7537265301676828,0.9624999999999999,0.44218750000000007,0.14375,-0.051015614754915894,-0.14662812807573827,-0.05496203362727847,-0.16163244943602234,42,0,57,0,0.2222222222222222,0.0,0.1111111111111111,0.0,0,0.0,0.00858071489017181,0.9036580584397849,0.9558019439621335,-0.0036374615968762665,-0.000736301229002867,"{""local"": 1, ""none"": 14, ""quantile"": 3}",60.0,2706.0,86592.0,43584.0,36864.0,865920.0,44160.0,1024,16.0,5632.0,5632.0,3.0,1536.0,1536.0,142200.0,QGD-D06-contaminated,contaminated,concentrated,QGD-D06-contaminated/concentrated,0,1,1.6875,7,1245.5835958227528,0.627401200006716
qgd-paper-r0.20,guarded,0.2,paper,adam,0.0,0.0829514283258419,0.35014508613183765,0.675425551177199,0.9624999999999999,0.26250000000000007,0.10273437499999999,0.09719224951141392,0.3991570276520219,0.6946781490087929,0.9624999999999999,0.31328125000000007,0.11640624999999999,0.13681423666698755,0.5084804056807272,0.7537265301676828,0.9624999999999999,0.44218750000000007,0.14375,-0.039621987155573635,-0.10932337802870529,-0.05386280834114565,-0.15833531954888952,42,0,52,0,0.2777777777777778,0.0,0.1111111111111111,0.0,0,0.0,0.010686490109124449,0.9047980460635898,0.9558019439621335,-0.004377320938045362,-0.000736301229002867,"{""local"": 1, ""none"": 13, ""quantile"": 4}",60.0,2706.0,86592.0,43584.0,36864.0,865920.0,44160.0,1024,16.0,5632.0,5632.0,3.0,1536.0,1536.0,142200.0,QGD-D06-contaminated,contaminated,concentrated,QGD-D06-contaminated/concentrated,0,1,1.6875,7,1245.5835958227528,0.7310509000089951
qgd-sharp-r0.10,guarded,0.1,sharp,adam,0.0,0.044179296887830066,0.24031574252385396,0.6632447327946055,0.9624999999999999,0.15937500000000002,0.05195312499999999,0.06069969248909013,0.28650833079423343,0.6687484540164644,0.9624999999999999,0.19843750000000002,0.08124999999999999,0.13681423666698755,0.5084804056807272,0.7537265301676828,0.9624999999999999,0.44218750000000007,0.14375,-0.07611454417789743,-0.22197207488649373,-0.09263493977915749,-0.2681646631568732,42,0,52,0,0.4444444444444444,0.0,0.1111111111111111,0.0,0,0.0,0.028281267459256968,0.8414281592413544,0.9602831579676374,-0.004523751574607729,-0.00461999313438685,"{""local"": 3, ""none"": 10, ""quantile"": 5}",60.0,2706.0,86592.0,43584.0,36288.0,865920.0,44160.0,1024,16.0,5632.0,5632.0,3.0,1536.0,1536.0,142200.0,QGD-D06-contaminated,contaminated,concentrated,QGD-D06-contaminated/concentrated,0,1,1.6875,7,1245.5835958227528,0.8307259999855887
fixed-mix-q0.10,fixed,0.0,paper,adam,0.1,0.10982319175786381,0.550502284665454,0.841001153338573,0.9624999999999999,0.35546875,0.1296875,0.12930955239466524,0.614345113807484,0.8819610906772499,0.9624999999999999,0.384375,0.1296875,0.4043256376057647,1.191347937975257,1.344402860940327,0.825,0.57734375,0.223828125,-0.27501608521109944,-0.5770028241677729,-0.29450244584790086,-0.6408456533098029,60,0,57,0,0.0,0.0,0.0,0.0,0,0.0027435594451628224,0.0036180404706268143,0.9391878600193144,0.9419975002779801,nan,nan,"{""fixed-mix"": 18}",60.0,2706.0,86592.0,43584.0,36864.0,865920.0,44160.0,1024,16.0,5632.0,5632.0,3.0,1536.0,1536.0,142200.0,QGD-D06-contaminated,contaminated,missing,QGD-D06-contaminated/missing,0,1,1.3125,7,1169.6859391041917,0.4274687000142876
lbqcd,paper,0.0,paper,adam,0.0,0.11117515254488541,0.5523756269821958,0.8450170885813088,0.9624999999999999,0.359375,0.1296875,0.1304024338360006,0.6156238829575554,0.8851580005779511,0.9624999999999999,0.4,0.131640625,0.4043256376057647,1.191347937975257,1.344402860940327,0.825,0.57734375,0.223828125,-0.2739232037697641,-0.5757240550177015,-0.29315048506087926,-0.6389723109930612,60,1,57,0,0.0,0.0,0.0,0.0,0,nan,nan,nan,nan,nan,nan,{},60.0,2706.0,86592.0,43584.0,36864.0,860160.0,43584.0,1024,16.0,5632.0,5632.0,3.0,1536.0,1536.0,142200.0,QGD-D06-contaminated,contaminated,missing,QGD-D06-contaminated/missing,0,1,1.3125,7,1169.6859391041917,0.2482298999966588
periodic-4p1q,periodic,0.0,paper,adam,0.0,0.0687924001810627,0.43851403667830996,0.7470398953867448,0.9624999999999999,0.296875,0.10625000000000001,0.0687924001810627,0.43851403667830996,0.7470398953867448,0.9624999999999999,0.296875,0.10625000000000001,0.4043256376057647,1.191347937975257,1.344402860940327,0.825,0.57734375,0.223828125,-0.335533237424702,-0.7528339012969469,-0.335533237424702,-0.7528339012969469,57,0,60,0,0.0,0.0,0.0,0.0,0,nan,nan,nan,nan,nan,nan,{},60.0,2706.0,86592.0,43584.0,30720.0,861120.0,43584.0,1024,16.0,5632.0,5632.0,3.0,1536.0,1536.0,142200.0,QGD-D06-contaminated,contaminated,missing,QGD-D06-contaminated/missing,0,1,1.3125,7,1169.6859391041917,0.33310220000566915
qgd-paper-r0.05,guarded,0.05,paper,adam,0.0,0.11117515254488541,0.5523756269821958,0.8450170885813088,0.9624999999999999,0.359375,0.1296875,0.1304024338360006,0.6156238829575554,0.8851580005779511,0.9624999999999999,0.4,0.131640625,0.4043256376057647,1.191347937975257,1.344402860940327,0.825,0.57734375,0.223828125,-0.2739232037697641,-0.5757240550177015,-0.29315048506087926,-0.6389723109930612,60,1,57,0,0.0,0.0,0.0,0.0,0,0.0,0.0,0.9364778689243087,0.9417216038321224,-0.03888606541666083,-0.002808404038570328,"{""none"": 18}",60.0,2706.0,86592.0,43584.0,36864.0,865920.0,44160.0,1024,16.0,5632.0,5632.0,3.0,1536.0,1536.0,142200.0,QGD-D06-contaminated,contaminated,missing,QGD-D06-contaminated/missing,0,1,1.3125,7,1169.6859391041917,0.52565379999578
qgd-paper-r0.10,guarded,0.1,paper,adam,0.0,0.11117515254488541,0.5523756269821958,0.8450170885813088,0.9624999999999999,0.359375,0.1296875,0.1304024338360006,0.6156238829575554,0.8851580005779511,0.9624999999999999,0.4,0.131640625,0.4043256376057647,1.191347937975257,1.344402860940327,0.825,0.57734375,0.223828125,-0.2739232037697641,-0.5757240550177015,-0.29315048506087926,-0.6389723109930612,60,1,57,0,0.0,0.0,0.0,0.0,0,0.0,0.0,0.9364778689243087,0.9417216038321224,-0.03888606541666083,-0.002808404038570328,"{""none"": 18}",60.0,2706.0,86592.0,43584.0,36864.0,865920.0,44160.0,1024,16.0,5632.0,5632.0,3.0,1536.0,1536.0,142200.0,QGD-D06-contaminated,contaminated,missing,QGD-D06-contaminated/missing,0,1,1.3125,7,1169.6859391041917,0.6318015000142623
qgd-paper-r0.20,guarded,0.2,paper,adam,0.0,0.11117515254488541,0.5523756269821958,0.8450170885813088,0.9624999999999999,0.359375,0.1296875,0.1304024338360006,0.6156238829575554,0.8851580005779511,0.9624999999999999,0.4,0.131640625,0.4043256376057647,1.191347937975257,1.344402860940327,0.825,0.57734375,0.223828125,-0.2739232037697641,-0.5757240550177015,-0.29315048506087926,-0.6389723109930612,60,1,57,0,0.0,0.0,0.0,0.0,0,0.0,0.0,0.9364778689243087,0.9417216038321224,-0.03888606541666083,-0.002808404038570328,"{""none"": 18}",60.0,2706.0,86592.0,43584.0,36864.0,865920.0,44160.0,1024,16.0,5632.0,5632.0,3.0,1536.0,1536.0,142200.0,QGD-D06-contaminated,contaminated,missing,QGD-D06-contaminated/missing,0,1,1.3125,7,1169.6859391041917,0.7327425999974366
qgd-sharp-r0.10,guarded,0.1,sharp,adam,0.0,0.10720176660607628,0.5112342953500773,0.8323323261519074,0.825,0.390625,0.13359375,0.10720176660607628,0.5112342953500773,0.8323323261519074,0.825,0.390625,0.13359375,0.4043256376057647,1.191347937975257,1.344402860940327,0.825,0.57734375,0.223828125,-0.2971238709996884,-0.6801136426251797,-0.2971238709996884,-0.6801136426251797,60,1,60,0,0.05555555555555558,0.0,0.0,0.0,0,0.0,0.0,0.8668162035562914,0.8890407970030556,-0.04234291001479797,-0.010599030535803886,"{""local"": 1, ""none"": 17}",60.0,2706.0,86592.0,43584.0,36288.0,865920.0,44160.0,1024,16.0,5632.0,5632.0,3.0,1536.0,1536.0,142200.0,QGD-D06-contaminated,contaminated,missing,QGD-D06-contaminated/missing,0,1,1.3125,7,1169.6859391041917,0.8338949000171851
fixed-mix-q0.10,fixed,0.0,paper,adam,0.1,0.01227806962731437,0.14874523227476946,0.38406845358929875,1.0,0.0,0.0,0.018803288534045226,0.16483757389358566,0.37150067835144107,1.0,0.0,0.0,0.028963569209260243,0.19830073278085852,0.3746910649333355,1.0,0.0,0.0,-0.010160280675215017,-0.03346315888727286,-0.016685499581945873,-0.04955550050608906,42,0,47,0,0.0,0.0,0.0,0.0,0,0.002577963468034776,0.0037800712120435315,0.9195278547250534,0.44388262306371196,nan,nan,"{""fixed-mix"": 18}",60.0,60.0,1920.0,1920.0,36864.0,19200.0,2496.0,1024,16.0,5632.0,5632.0,3.0,1536.0,1536.0,142200.0,QGD-D07-student-t4.2,connected-heavy-tail,concentrated,QGD-D07-student-t4.2/concentrated,0,0,32.0,0,0.0,0.27843659999780357
lbqcd,paper,0.0,paper,adam,0.0,0.012385800149691928,0.15136744549846842,0.3916800811981841,1.0,0.0,0.0,0.028963569209260243,0.19830073278085852,0.3746910649333355,1.0,0.0,0.0,0.028963569209260243,0.19830073278085852,0.3746910649333355,1.0,0.0,0.0,0.0,0.0,-0.016577769059568315,-0.0469332872823901,42,0,42,0,0.0,0.0,0.0,0.0,0,nan,nan,nan,nan,nan,nan,{},60.0,60.0,1920.0,1920.0,36864.0,13440.0,1920.0,1024,16.0,5632.0,5632.0,3.0,1536.0,1536.0,142200.0,QGD-D07-student-t4.2,connected-heavy-tail,concentrated,QGD-D07-student-t4.2/concentrated,0,0,32.0,0,0.0,0.10162040000432171
periodic-4p1q,periodic,0.0,paper,adam,0.0,0.012009208864456777,0.14518158708959533,0.39015359607684236,1.0,0.0,0.0,0.018334272666116647,0.16337363129465948,0.3724923978002028,1.0,0.0,0.0,0.028963569209260243,0.19830073278085852,0.3746910649333355,1.0,0.0,0.0,-0.010629296543143596,-0.03492710148619904,-0.016954360344803465,-0.05311914569126319,42,0,47,0,0.0,0.0,0.0,0.0,0,nan,nan,nan,nan,nan,nan,{},60.0,60.0,1920.0,1920.0,30720.0,14400.0,1920.0,1024,16.0,5632.0,5632.0,3.0,1536.0,1536.0,142200.0,QGD-D07-student-t4.2,connected-heavy-tail,concentrated,QGD-D07-student-t4.2/concentrated,0,0,32.0,0,0.0,0.18875080000725575
qgd-paper-r0.05,guarded,0.05,paper,adam,0.0,0.01232677464295917,0.1487564510690096,0.377257184086682,1.0,0.0,0.0,0.019820870049592543,0.16775286229560715,0.36952831831507343,1.0,0.0,0.0,0.028963569209260243,0.19830073278085852,0.3746910649333355,1.0,0.0,0.0,-0.0091426991596677,-0.03054787048525137,-0.016636794566301072,-0.049544281711848936,42,0,47,0,0.5,0.0,0.16666666666666666,0.0,0,0.0027602054968291576,0.017619115627236944,0.9324242507038566,0.5962787705351726,-0.0004365996612866699,-0.0001879012727103588,"{""local"": 3, ""none"": 9, ""quantile"": 6}",60.0,60.0,1920.0,1920.0,36864.0,19200.0,2496.0,1024,16.0,5632.0,5632.0,3.0,1536.0,1536.0,142200.0,QGD-D07-student-t4.2,connected-heavy-tail,concentrated,QGD-D07-student-t4.2/concentrated,0,0,32.0,0,0.0,0.37645539999357425
qgd-paper-r0.10,guarded,0.1,paper,adam,0.0,0.012321142778213057,0.14857436028953708,0.3763934758918442,1.0,0.0,0.0,0.019855143862903768,0.16777689587361058,0.36931988241406305,1.0,0.0,0.0,0.028963569209260243,0.19830073278085852,0.3746910649333355,1.0,0.0,0.0,-0.009108425346356475,-0.030523836907247942,-0.016642426431047186,-0.04972637249132145,42,0,47,0,0.5,0.0,0.16666666666666666,0.0,0,0.002741415895650743,0.020450086808842576,0.9345992730513577,0.6080112637067477,-0.0005868024894852292,-0.00019309644222368358,"{""local"": 3, ""none"": 9, ""quantile"": 6}",60.0,60.0,1920.0,1920.0,36864.0,19200.0,2496.0,1024,16.0,5632.0,5632.0,3.0,1536.0,1536.0,142200.0,QGD-D07-student-t4.2,connected-heavy-tail,concentrated,QGD-D07-student-t4.2/concentrated,0,0,32.0,0,0.0,0.4732163999869954
qgd-paper-r0.20,guarded,0.2,paper,adam,0.0,0.012215961332554981,0.1479557923903223,0.3751084569137767,1.0,0.0,0.0,0.01988140967692087,0.16745792637500917,0.3685575215015563,1.0,0.0,0.0,0.028963569209260243,0.19830073278085852,0.3746910649333355,1.0,0.0,0.0,-0.009082159532339373,-0.030842806405849355,-0.01674760787670526,-0.05034494039053622,42,0,47,0,0.5555555555555556,0.0,0.16666666666666666,0.0,0,0.007258368182886361,0.02613575006016083,0.9357337370618275,0.6125902888032315,-0.0008824876054114048,-0.00019432221474160295,"{""local"": 1, ""none"": 8, ""quantile"": 8, ""quantile+local"": 1}",60.0,60.0,1920.0,1920.0,36864.0,19200.0,2496.0,1024,16.0,5632.0,5632.0,3.0,1536.0,1536.0,142200.0,QGD-D07-student-t4.2,connected-heavy-tail,concentrated,QGD-D07-student-t4.2/concentrated,0,0,32.0,0,0.0,0.5616220000083558
qgd-sharp-r0.10,guarded,0.1,sharp,adam,0.0,0.012307660186601899,0.15637200531737225,0.40525225302404133,1.0,0.0,0.0,0.017723508781379405,0.16159797954716437,0.37153396725486215,1.0,0.0,0.0,0.028963569209260243,0.19830073278085852,0.3746910649333355,1.0,0.0,0.0,-0.011240060427880838,-0.03670275323369415,-0.016655909022658344,-0.041928727463486276,42,0,47,0,0.5555555555555556,0.0,0.16666666666666666,0.0,0,0.002825584853993353,0.031096541517009045,0.8048842205204574,0.23610632810046145,-0.0005157593232210478,-0.0007405104224639663,"{""local"": 1, ""none"": 8, ""quantile"": 8, ""quantile+local"": 1}",60.0,60.0,1920.0,1920.0,36288.0,19200.0,2496.0,1024,16.0,5632.0,5632.0,3.0,1536.0,1536.0,142200.0,QGD-D07-student-t4.2,connected-heavy-tail,concentrated,QGD-D07-student-t4.2/concentrated,0,0,32.0,0,0.0,0.6537763999949675
fixed-mix-q0.10,fixed,0.0,paper,adam,0.1,0.012617595159555073,0.13751892161188575,0.5350462837017064,1.0,0.0,0.0,0.011758261330882425,0.13893249533886293,0.5350660925226888,1.0,0.0,0.0,0.010380070946864661,0.1599433722664327,0.5319461138543774,1.0,0.0,0.0,0.0013781903840177634,-0.021010876927569783,0.0022375242126904116,-0.022424450654546957,42,0,52,0,0.0,0.0,0.0,0.0,0,0.0017043525731465737,0.0021101942214172657,0.9514647495545716,0.5878258048227059,nan,nan,"{""fixed-mix"": 18}",60.0,60.0,1920.0,1920.0,36864.0,19200.0,2496.0,1024,16.0,5632.0,5632.0,3.0,1536.0,1536.0,142200.0,QGD-D07-student-t4.2,connected-heavy-tail,missing,QGD-D07-student-t4.2/missing,0,0,32.0,0,0.0,0.2564981000032276
lbqcd,paper,0.0,paper,adam,0.0,0.013413276160891163,0.14086642388006515,0.5394436343185879,1.0,0.0,0.0,0.012202808344930594,0.13966374534027934,0.5379872752854096,1.0,0.0,0.0,0.010380070946864661,0.1599433722664327,0.5319461138543774,1.0,0.0,0.0,0.0018227373980659323,-0.02027962692615337,0.003033205214026502,-0.01907694838636756,42,0,52,0,0.0,0.0,0.0,0.0,0,nan,nan,nan,nan,nan,nan,{},60.0,60.0,1920.0,1920.0,36864.0,13440.0,1920.0,1024,16.0,5632.0,5632.0,3.0,1536.0,1536.0,142200.0,QGD-D07-student-t4.2,connected-heavy-tail,missing,QGD-D07-student-t4.2/missing,0,0,32.0,0,0.0,0.08409769998979755
periodic-4p1q,periodic,0.0,paper,adam,0.0,0.008837714613841863,0.14337689616705587,0.5058826267167166,1.0,0.0,0.0,0.01048889624752758,0.14549079274807344,0.5324444804324281,1.0,0.0,0.0,0.010380070946864661,0.1599433722664327,0.5319461138543774,1.0,0.0,0.0,0.00010882530066291807,-0.014452579518359265,-0.0015423563330227985,-0.016566476099376837,42,0,47,0,0.0,0.0,0.0,0.0,0,nan,nan,nan,nan,nan,nan,{},60.0,60.0,1920.0,1920.0,30720.0,14400.0,1920.0,1024,16.0,5632.0,5632.0,3.0,1536.0,1536.0,142200.0,QGD-D07-student-t4.2,connected-heavy-tail,missing,QGD-D07-student-t4.2/missing,0,0,32.0,0,0.0,0.17046530000516213
qgd-paper-r0.05,guarded,0.05,paper,adam,0.0,0.012071510333380386,0.1356446530663275,0.5325782036805623,1.0,0.0,0.0,0.011102205300493662,0.13949303889325093,0.5313557911240342,1.0,0.0,0.0,0.010380070946864661,0.1599433722664327,0.5319461138543774,1.0,0.0,0.0,0.0007221343536290004,-0.020450333373181778,0.0016914393865157251,-0.024298719200105207,42,0,52,0,0.6111111111111112,0.0,0.16666666666666666,0.0,0,0.001398778584411378,0.007028264547046516,0.9544571658061312,0.5981968935243815,-0.0005028128659134666,-5.089460257324216e-05,"{""local"": 3, ""none"": 7, ""quantile"": 7, ""quantile+local"": 1}",60.0,60.0,1920.0,1920.0,36864.0,19200.0,2496.0,1024,16.0,5632.0,5632.0,3.0,1536.0,1536.0,142200.0,QGD-D07-student-t4.2,connected-heavy-tail,missing,QGD-D07-student-t4.2/missing,0,0,32.0,0,0.0,0.3468322000117041
qgd-paper-r0.10,guarded,0.1,paper,adam,0.0,0.011686261917069674,0.13488342074344672,0.5303509318671179,1.0,0.0,0.0,0.01090591446707112,0.13987608102311055,0.530120284133591,1.0,0.0,0.0,0.010380070946864661,0.1599433722664327,0.5319461138543774,1.0,0.0,0.0,0.0005258435202064593,-0.020067291243322155,0.0013061909702050123,-0.025059951522985985,42,0,52,0,0.7222222222222222,0.0,0.16666666666666666,0.0,0,0.0039993309537977514,0.008142688556908294,0.9553226705309619,0.6010385664537781,-0.0006576647404480837,-6.685236894366464e-05,"{""local"": 3, ""none"": 5, ""quantile"": 9, ""quantile+local"": 1}",60.0,60.0,1920.0,1920.0,36864.0,19200.0,2496.0,1024,16.0,5632.0,5632.0,3.0,1536.0,1536.0,142200.0,QGD-D07-student-t4.2,connected-heavy-tail,missing,QGD-D07-student-t4.2/missing,0,0,32.0,0,0.0,0.42900750000262633
qgd-paper-r0.20,guarded,0.2,paper,adam,0.0,0.011232445117367762,0.1340856652429978,0.5276748716507139,1.0,0.0,0.0,0.010548555084852085,0.14086906668502813,0.5274552674613677,1.0,0.0,0.0,0.010380070946864661,0.1599433722664327,0.5319461138543774,1.0,0.0,0.0,0.00016848413798742357,-0.019074305581404577,0.0008523741705031007,-0.0258577070234349,42,0,52,0,0.8333333333333334,0.0,0.16666666666666666,0.0,0,0.007099999949941493,0.016749731700721502,0.9544308167287411,0.6321672312695759,-0.001051158804941436,-7.684432915060297e-05,"{""local"": 2, ""none"": 3, ""quantile"": 12, ""quantile+local"": 1}",60.0,60.0,1920.0,1920.0,36864.0,19200.0,2496.0,1024,16.0,5632.0,5632.0,3.0,1536.0,1536.0,142200.0,QGD-D07-student-t4.2,connected-heavy-tail,missing,QGD-D07-student-t4.2/missing,0,0,32.0,0,0.0,0.5192353999882471
qgd-sharp-r0.10,guarded,0.1,sharp,adam,0.0,0.01797376990729127,0.16027672120410844,0.5519573527304169,1.0,0.0,0.0,0.01352723297092262,0.14047327473826773,0.5386068590778331,1.0,0.0,0.0,0.010380070946864661,0.1599433722664327,0.5319461138543774,1.0,0.0,0.0,0.003147162024057959,-0.019470097528164976,0.007593698960426609,0.00033334893767572593,42,0,52,0,0.6111111111111112,0.0,0.2222222222222222,0.0,0,0.0031519180751031967,0.019485832853598384,0.7515976347667281,0.6280023996205739,-0.0007835802239692533,-0.00042495367843916145,"{""local"": 1, ""none"": 7, ""quantile"": 9, ""quantile+local"": 1}",60.0,60.0,1920.0,1920.0,36288.0,19200.0,2496.0,1024,16.0,5632.0,5632.0,3.0,1536.0,1536.0,142200.0,QGD-D07-student-t4.2,connected-heavy-tail,missing,QGD-D07-student-t4.2/missing,0,0,32.0,0,0.0,0.6064684000157285
fixed-mix-q0.10,fixed,0.0,paper,adam,0.1,0.005524273979920724,0.11219806357326266,0.1904740836438251,1.0000000000000002,0.37593750000000004,0.12242187499999999,0.006070712521577093,0.11196213712538407,0.19608393337229083,1.0000000000000002,0.36031250000000004,0.12046874999999999,0.007815257874233317,0.12422010981543058,0.2145947570884833,1.0000000000000002,0.30171875000000004,0.12234375000000003,-0.0017445453526562238,-0.012257972690046512,-0.0022909838943125926,-0.01202204624216792,42,0,52,0,0.0,0.0,0.0,0.0,0,0.00041689379057835977,0.0005561768490574713,0.9539060908612658,0.8858679726543806,nan,nan,"{""fixed-mix"": 18}",60.0,60.0,1920.0,1920.0,36864.0,19200.0,2496.0,1024,16.0,5632.0,5632.0,3.0,1536.0,1536.0,142200.0,QGD-D08-connected-skew-mixture,connected-skew,concentrated,QGD-D08-connected-skew-mixture/concentrated,0,0,32.0,0,0.0,0.27561490001971833
lbqcd,paper,0.0,paper,adam,0.0,0.005603303989353492,0.11183820016100732,0.190834577713946,1.0000000000000002,0.37203125000000004,0.12242187499999999,0.006123552881849403,0.11150565438430775,0.1962244436386016,1.0000000000000002,0.36031250000000004,0.12046874999999999,0.007815257874233317,0.12422010981543058,0.2145947570884833,1.0000000000000002,0.30171875000000004,0.12234375000000003,-0.0016917049923839134,-0.012714455431122831,-0.002211953884879825,-0.012381909654423262,42,0,52,0,0.0,0.0,0.0,0.0,0,nan,nan,nan,nan,nan,nan,{},60.0,60.0,1920.0,1920.0,36864.0,13440.0,1920.0,1024,16.0,5632.0,5632.0,3.0,1536.0,1536.0,142200.0,QGD-D08-connected-skew-mixture,connected-skew,concentrated,QGD-D08-connected-skew-mixture/concentrated,0,0,32.0,0,0.0,0.09986700001172721
periodic-4p1q,periodic,0.0,paper,adam,0.0,0.00499786898708765,0.10539419413201326,0.1822692256707763,1.0000000000000002,0.37984375000000004,0.12046874999999999,0.005529665399656936,0.10853045257172542,0.19028026304433418,1.0000000000000002,0.37203125000000004,0.12234375000000003,0.007815257874233317,0.12422010981543058,0.2145947570884833,1.0000000000000002,0.30171875000000004,0.12234375000000003,-0.002285592474576381,-0.015689657243705163,-0.0028173888871456665,-0.01882591568341732,42,0,52,0,0.0,0.0,0.0,0.0,0,nan,nan,nan,nan,nan,nan,{},60.0,60.0,1920.0,1920.0,30720.0,14400.0,1920.0,1024,16.0,5632.0,5632.0,3.0,1536.0,1536.0,142200.0,QGD-D08-connected-skew-mixture,connected-skew,concentrated,QGD-D08-connected-skew-mixture/concentrated,0,0,32.0,0,0.0,0.1892678000149317
qgd-paper-r0.05,guarded,0.05,paper,adam,0.0,0.0057171142856733415,0.11302761453493823,0.19200565597717403,1.0000000000000002,0.36812500000000004,0.12242187499999999,0.006153208349320982,0.11257486761339007,0.19682216166424502,1.0000000000000002,0.35250000000000004,0.12046874999999999,0.007815257874233317,0.12422010981543058,0.2145947570884833,1.0000000000000002,0.30171875000000004,0.12234375000000003,-0.0016620495249123346,-0.01164524220204051,-0.0020981435885599753,-0.011192495280492348,42,0,52,0,0.2777777777777778,0.0,0.05555555555555555,0.0,0,0.0,0.0020198917220939877,0.9528010400011426,0.8855144746873638,-0.000219824876430363,-1.7138010487326682e-05,"{""local"": 4, ""none"": 13, ""quantile"": 1}",60.0,60.0,1920.0,1920.0,36864.0,19200.0,2496.0,1024,16.0,5632.0,5632.0,3.0,1536.0,1536.0,142200.0,QGD-D08-connected-skew-mixture,connected-skew,concentrated,QGD-D08-connected-skew-mixture/concentrated,0,0,32.0,0,0.0,0.36681760000647046
qgd-paper-r0.10,guarded,0.1,paper,adam,0.0,0.0057745220555242005,0.11313038719946679,0.19240722959868606,1.0000000000000002,0.36812500000000004,0.12242187499999999,0.006153208349320982,0.11257486761339007,0.19682216166424502,1.0000000000000002,0.35250000000000004,0.12046874999999999,0.007815257874233317,0.12422010981543058,0.2145947570884833,1.0000000000000002,0.30171875000000004,0.12234375000000003,-0.0016620495249123346,-0.01164524220204051,-0.0020407358187091162,-0.01108972261596379,42,0,52,0,0.2777777777777778,0.0,0.05555555555555555,0.0,0,0.0,0.002470927758166757,0.9528010400011426,0.8855144746873638,-0.000219824876430363,-1.9258918812881455e-05,"{""local"": 4, ""none"": 13, ""quantile"": 1}",60.0,60.0,1920.0,1920.0,36864.0,19200.0,2496.0,1024,16.0,5632.0,5632.0,3.0,1536.0,1536.0,142200.0,QGD-D08-connected-skew-mixture,connected-skew,concentrated,QGD-D08-connected-skew-mixture/concentrated,0,0,32.0,0,0.0,0.4549249999981839
qgd-paper-r0.20,guarded,0.2,paper,adam,0.0,0.005870626747455421,0.11338469043176642,0.19306124039789924,1.0000000000000002,0.36421875000000004,0.12242187499999999,0.006167795989978075,0.11268185695060506,0.19695164195584502,1.0000000000000002,0.35250000000000004,0.12046874999999999,0.007815257874233317,0.12422010981543058,0.2145947570884833,1.0000000000000002,0.30171875000000004,0.12234375000000003,-0.0016474618842552413,-0.011538252864825516,-0.001944631126777896,-0.010835419383664155,42,0,52,0,0.5,0.0,0.05555555555555555,0.0,0,1.730203337233702e-05,0.00246076302354388,0.9527427290433139,0.885277452691883,-0.00025095221921097666,-2.4272178533950076e-05,"{""local"": 3, ""none"": 9, ""quantile"": 6}",60.0,60.0,1920.0,1920.0,36864.0,19200.0,2496.0,1024,16.0,5632.0,5632.0,3.0,1536.0,1536.0,142200.0,QGD-D08-connected-skew-mixture,connected-skew,concentrated,QGD-D08-connected-skew-mixture/concentrated,0,0,32.0,0,0.0,0.5443295000004582
qgd-sharp-r0.10,guarded,0.1,sharp,adam,0.0,0.009416577372712509,0.14327691593947062,0.21757909131509848,1.0000000000000002,0.24703125000000004,0.11851562499999999,0.00790536839481304,0.13269414629557993,0.20810560002338813,1.0000000000000002,0.28609375000000004,0.11265624999999999,0.007815257874233317,0.12422010981543058,0.2145947570884833,1.0000000000000002,0.30171875000000004,0.12234375000000003,9.011052057972258e-05,0.008474036480149355,0.0016013194984791923,0.019056806124040038,42,0,57,0,0.5,0.0,0.1111111111111111,0.0,0,0.00014443541927815405,0.0036661470370321384,0.8932207456577466,0.6313678724829523,-0.0002908445292349207,-0.0001922000777464092,"{""local"": 2, ""none"": 9, ""quantile"": 5, ""quantile+local"": 2}",60.0,60.0,1920.0,1920.0,36288.0,19200.0,2496.0,1024,16.0,5632.0,5632.0,3.0,1536.0,1536.0,142200.0,QGD-D08-connected-skew-mixture,connected-skew,concentrated,QGD-D08-connected-skew-mixture/concentrated,0,0,32.0,0,0.0,0.629975200019544
fixed-mix-q0.10,fixed,0.0,paper,adam,0.1,0.03727752115231553,0.1880873375203285,0.22065683279319487,1.0000000000000002,0.39312499999999995,0.19656250000000003,0.010489507829392952,0.11340702407945455,0.20528550530691617,1.0000000000000002,0.32281249999999995,0.16140625000000003,0.022477185132319333,0.17917014597703373,0.27934269423261454,1.0000000000000002,0.33234374999999994,0.14390624999999999,-0.01198767730292638,-0.06576312189757919,0.014800336019996196,0.008917191543294761,42,0,47,0,0.0,0.0,0.0,0.0,0,0.000984081265091151,0.0017659307216044587,0.9842132788164945,0.9536129190565191,nan,nan,"{""fixed-mix"": 18}",60.0,60.0,1920.0,1920.0,36864.0,19200.0,2496.0,1024,16.0,5632.0,5632.0,3.0,1536.0,1536.0,142200.0,QGD-D08-connected-skew-mixture,connected-skew,missing,QGD-D08-connected-skew-mixture/missing,0,0,32.0,0,0.0,0.27682920001097955
lbqcd,paper,0.0,paper,adam,0.0,0.03879469927182533,0.19229695287849996,0.22490936740148734,1.0000000000000002,0.38531249999999995,0.19265625000000003,0.010668612495962959,0.11488453814078581,0.2068622281213302,1.0000000000000002,0.32671874999999995,0.16335937500000003,0.022477185132319333,0.17917014597703373,0.27934269423261454,1.0000000000000002,0.33234374999999994,0.14390624999999999,-0.011808572636356374,-0.06428560783624793,0.016317514139505995,0.013126806901466226,42,0,47,0,0.0,0.0,0.0,0.0,0,nan,nan,nan,nan,nan,nan,{},60.0,60.0,1920.0,1920.0,36864.0,13440.0,1920.0,1024,16.0,5632.0,5632.0,3.0,1536.0,1536.0,142200.0,QGD-D08-connected-skew-mixture,connected-skew,missing,QGD-D08-connected-skew-mixture/missing,0,0,32.0,0,0.0,0.09960210000281222
periodic-4p1q,periodic,0.0,paper,adam,0.0,0.03221889821495494,0.17041279929165767,0.20609576983928768,1.0000000000000002,0.42046874999999995,0.21023437500000003,0.0107414538292947,0.11564873208894909,0.20699982264482433,1.0000000000000002,0.32671874999999995,0.16335937500000003,0.022477185132319333,0.17917014597703373,0.27934269423261454,1.0000000000000002,0.33234374999999994,0.14390624999999999,-0.011735731303024632,-0.06352141388808465,0.009741713082635606,-0.00875734668537606,42,0,47,0,0.0,0.0,0.0,0.0,0,nan,nan,nan,nan,nan,nan,{},60.0,60.0,1920.0,1920.0,30720.0,14400.0,1920.0,1024,16.0,5632.0,5632.0,3.0,1536.0,1536.0,142200.0,QGD-D08-connected-skew-mixture,connected-skew,missing,QGD-D08-connected-skew-mixture/missing,0,0,32.0,0,0.0,0.18779510000604205
qgd-paper-r0.05,guarded,0.05,paper,adam,0.0,0.02134303847008545,0.1460692955649401,0.18772695127547043,1.0000000000000002,0.35015624999999995,0.17507812500000003,0.010668612495962959,0.11488453814078581,0.2068622281213302,1.0000000000000002,0.32671874999999995,0.16335937500000003,0.022477185132319333,0.17917014597703373,0.27934269423261454,1.0000000000000002,0.33234374999999994,0.14390624999999999,-0.011808572636356374,-0.06428560783624793,-0.0011341466622338814,-0.033100850412093624,42,0,47,0,0.4444444444444444,0.0,0.2777777777777778,0.0,0,0.0,0.0360390719243746,0.978086258248619,0.7152496579439835,-0.0007042834036852362,-0.00012404688399721503,"{""local"": 3, ""none"": 10, ""quantile"": 3, ""quantile+local"": 2}",60.0,60.0,1920.0,1920.0,36864.0,19200.0,2496.0,1024,16.0,5632.0,5632.0,3.0,1536.0,1536.0,142200.0,QGD-D08-connected-skew-mixture,connected-skew,missing,QGD-D08-connected-skew-mixture/missing,0,0,32.0,0,0.0,0.3746627999935299
qgd-paper-r0.10,guarded,0.1,paper,adam,0.0,0.01974591935430481,0.1415435093188831,0.18392913729274743,1.0000000000000002,0.35796874999999995,0.17898437500000003,0.010668612495962959,0.11488453814078581,0.2068622281213302,1.0000000000000002,0.32671874999999995,0.16335937500000003,0.022477185132319333,0.17917014597703373,0.27934269423261454,1.0000000000000002,0.33234374999999994,0.14390624999999999,-0.011808572636356374,-0.06428560783624793,-0.0027312657780145244,-0.037626636658150636,42,0,47,0,0.4444444444444444,0.0,0.2777777777777778,0.0,0,0.0,0.039989321725427296,0.9778671648840154,0.7264283140236758,-0.0012100236589484917,-0.00016314900190990113,"{""local"": 3, ""none"": 10, ""quantile"": 4, ""quantile+local"": 1}",60.0,60.0,1920.0,1920.0,36864.0,19200.0,2496.0,1024,16.0,5632.0,5632.0,3.0,1536.0,1536.0,142200.0,QGD-D08-connected-skew-mixture,connected-skew,missing,QGD-D08-connected-skew-mixture/missing,0,0,32.0,0,0.0,0.461794100003317
qgd-paper-r0.20,guarded,0.2,paper,adam,0.0,0.017048132982335318,0.1335460723525337,0.17880900097902153,1.0000000000000002,0.35796874999999995,0.17898437500000003,0.010668612495962959,0.11488453814078581,0.2068622281213302,1.0000000000000002,0.32671874999999995,0.16335937500000003,0.022477185132319333,0.17917014597703373,0.27934269423261454,1.0000000000000002,0.33234374999999994,0.14390624999999999,-0.011808572636356374,-0.06428560783624793,-0.005429052149984015,-0.04562407362450002,42,0,47,0,0.38888888888888884,0.0,0.2777777777777778,0.0,0,0.0,0.0494461819271107,0.9780854978512488,0.7594053865480956,-0.0015827624025373968,-0.00016919470467736058,"{""local"": 2, ""none"": 11, ""quantile"": 4, ""quantile+local"": 1}",60.0,60.0,1920.0,1920.0,36864.0,19200.0,2496.0,1024,16.0,5632.0,5632.0,3.0,1536.0,1536.0,142200.0,QGD-D08-connected-skew-mixture,connected-skew,missing,QGD-D08-connected-skew-mixture/missing,0,0,32.0,0,0.0,0.5523452000052202
qgd-sharp-r0.10,guarded,0.1,sharp,adam,0.0,0.013316743310034296,0.12001839066932282,0.17112869878429104,1.0000000000000002,0.36187499999999995,0.18093750000000003,0.010542015772907587,0.11512156892116955,0.19483857954313205,1.0000000000000002,0.32671874999999995,0.16335937500000003,0.022477185132319333,0.17917014597703373,0.27934269423261454,1.0000000000000002,0.33234374999999994,0.14390624999999999,-0.011935169359411746,-0.06404857705586418,-0.009160441822285037,-0.05915175530771091,42,0,47,0,0.5,0.0,0.2777777777777778,0.0,0,0.0012571992738692641,0.03399419447139654,0.9764317369336766,0.7421053562958383,-0.0016118471530938115,-0.0009385519086120923,"{""local"": 4, ""none"": 9, ""quantile"": 3, ""quantile+local"": 2}",60.0,60.0,1920.0,1920.0,36288.0,19200.0,2496.0,1024,16.0,5632.0,5632.0,3.0,1536.0,1536.0,142200.0,QGD-D08-connected-skew-mixture,connected-skew,missing,QGD-D08-connected-skew-mixture/missing,0,0,32.0,0,0.0,0.6387535000103526
