arm,target,seed,ed2,sw1,coverage,mass_err,event_time,censored,kernel_pairs,diverged
base,V-1d-K3,0,0.003150603296155241,0.054268328302043825,1.0,0.08333333333333331,78,0,2150400,0
base,V-1d-K3,1,0.0027415384877743643,0.04880244355557467,1.0,0.041666666666666685,78,0,2150400,0
base,V-1d-K3,2,0.003530632425244762,0.058202723698707284,1.0,0.08333333333333331,76,0,2150400,0
base,V-1d-K3,3,0.0030784085723833954,0.052513395631112014,1.0,0.08333333333333331,89,0,2150400,0
base,V-1d-K3,4,0.0022971582592841155,0.04555504104360152,1.0,0.0,84,0,2150400,0
base,V-1d-K3,5,0.0027073669213680818,0.049298351730780794,1.0,0.041666666666666685,86,0,2150400,0
base,V-2d-K5,0,0.006094839850725009,0.046970080399812666,1.0,0.05000000000000002,55,0,2150400,0
base,V-2d-K5,1,0.004852057992607239,0.0418991287196183,1.0,0.07500000000000001,50,0,2150400,0
base,V-2d-K5,2,0.006003854252536023,0.046252218268642245,1.0,0.09166666666666667,55,0,2150400,0
base,V-2d-K5,3,0.005613561995102323,0.04494830589906403,1.0,0.05000000000000002,57,0,2150400,0
base,V-2d-K5,4,0.005601726480994662,0.04517567655560245,1.0,0.05000000000000002,61,0,2150400,0
base,V-2d-K5,5,0.005565830291641927,0.044181122777709414,1.0,0.05000000000000002,54,0,2150400,0
base,V-2d-K4-uneq,0,0.0048712390100749126,0.035962479066086885,1.0,0.02500000000000001,59,0,2150400,0
base,V-2d-K4-uneq,1,0.004373019470038209,0.03451304386591493,1.0,0.07500000000000002,54,0,2150400,0
base,V-2d-K4-uneq,2,0.004444462930113802,0.03415389266576745,1.0,0.049999999999999975,57,0,2150400,0
base,V-2d-K4-uneq,3,0.004636891660624642,0.03640318426884616,1.0,0.049999999999999975,56,0,2150400,0
base,V-2d-K4-uneq,4,0.004466362424372927,0.03575952309797808,1.0,0.02500000000000001,60,0,2150400,0
base,V-2d-K4-uneq,5,0.0042967360491548146,0.03439037760582291,1.0,0.04166666666666673,53,0,2150400,0
base,V-3d-K4,0,0.009421088101566943,0.042631618803599135,1.0,0.08333333333333331,64,0,2150400,0
base,V-3d-K4,1,0.008911374851145681,0.0405651095321199,1.0,0.08333333333333331,58,0,2150400,0
base,V-3d-K4,2,0.008729227223187364,0.040894187745266014,1.0,0.04166666666666666,48,0,2150400,0
base,V-3d-K4,3,0.009367247342565,0.04453821926023498,1.0,0.04166666666666666,55,0,2150400,0
base,V-3d-K4,4,0.009475276883157413,0.04309546483396176,1.0,0.08333333333333331,51,0,2150400,0
base,V-3d-K4,5,0.009229534451868693,0.04212635785861419,1.0,0.08333333333333331,59,0,2150400,0
base,V-2d-K4-wide,0,0.007007797530268478,0.05024071059848132,1.0,0.0,48,0,2150400,0
base,V-2d-K4-wide,1,0.006138582840914397,0.0458828587411263,1.0,0.0,40,0,2150400,0
base,V-2d-K4-wide,2,0.007291895738014809,0.052389483691617715,1.0,0.0,44,0,2150400,0
base,V-2d-K4-wide,3,0.006968295441332817,0.048444470174153785,1.0,0.08333333333333331,46,0,2150400,0
base,V-2d-K4-wide,4,0.0073604507535125485,0.0510573208103091,1.0,0.0,51,0,2150400,0
base,V-2d-K4-wide,5,0.005895403594619486,0.04514635907427016,1.0,0.04166666666666666,47,0,2150400,0
coarse-only,V-1d-K3,0,0.00611638811220605,0.0730528719706285,1.0,0.08333333333333331,100,0,2150400,0
coarse-only,V-1d-K3,1,0.009632851016805333,0.09378296519694712,1.0,0.041666666666666685,101,0,2150400,0
coarse-only,V-1d-K3,2,0.010242415943539918,0.09627111005855486,1.0,0.12499999999999994,95,0,2150400,0
coarse-only,V-1d-K3,3,0.011201598560427795,0.0940906151843101,1.0,0.08333333333333331,116,0,2150400,0
coarse-only,V-1d-K3,4,0.008499318749485285,0.08644441142420022,1.0,0.0,107,0,2150400,0
coarse-only,V-1d-K3,5,0.008769507323968861,0.08869004980562753,1.0,0.041666666666666685,113,0,2150400,0
coarse-only,V-2d-K5,0,0.015568733625561881,0.08429394576159885,1.0,0.05000000000000002,118,0,2150400,0
coarse-only,V-2d-K5,1,0.018601086788328836,0.09443624713779945,1.0,0.09166666666666667,104,0,2150400,0
coarse-only,V-2d-K5,2,0.01857759765534861,0.09572212563263251,1.0,0.13333333333333336,108,0,2150400,0
coarse-only,V-2d-K5,3,0.02059199483471641,0.10553091295265699,1.0,0.09166666666666667,118,0,2150400,0
coarse-only,V-2d-K5,4,0.01697011661568748,0.08890824224550041,1.0,0.05000000000000002,128,0,2150400,0
coarse-only,V-2d-K5,5,0.017518390370302894,0.09366199476239223,1.0,0.1333333333333333,117,0,2150400,0
coarse-only,V-2d-K4-uneq,0,0.016977592765103244,0.07792988338902278,1.0,0.07500000000000007,130,0,2150400,0
coarse-only,V-2d-K4-uneq,1,0.015697346589150785,0.07389004409608493,1.0,0.07500000000000002,115,0,2150400,0
coarse-only,V-2d-K4-uneq,2,0.015407188633185243,0.07118205814447923,1.0,0.049999999999999975,123,0,2150400,0
coarse-only,V-2d-K4-uneq,3,0.01783258556998968,0.08302499932879134,1.0,0.10833333333333343,123,0,2150400,0
coarse-only,V-2d-K4-uneq,4,0.016056890721539263,0.07566297035428511,1.0,0.12499999999999997,133,0,2150400,0
coarse-only,V-2d-K4-uneq,5,0.012546300225663831,0.06245710431369123,1.0,0.04166666666666673,108,0,2150400,0
coarse-only,V-3d-K4,0,0.018434679707901802,0.06777797493145955,1.0,0.125,162,0,2150400,0
coarse-only,V-3d-K4,1,0.01730513751299756,0.06404776349085205,1.0,0.125,147,0,2150400,0
coarse-only,V-3d-K4,2,0.015037326867239909,0.060465730588791754,1.0,0.08333333333333331,119,0,2150400,0
coarse-only,V-3d-K4,3,0.016976295341429193,0.06557719201393188,1.0,0.04166666666666666,136,0,2150400,0
coarse-only,V-3d-K4,4,0.014590542786642624,0.055656420180955485,1.0,0.125,124,0,2150400,0
coarse-only,V-3d-K4,5,0.014871782761499475,0.059002384477194365,1.0,0.08333333333333329,150,0,2150400,0
coarse-only,V-2d-K4-wide,0,0.008255827172989783,0.056421150694228754,1.0,0.08333333333333334,93,0,2150400,0
coarse-only,V-2d-K4-wide,1,0.00888415478865423,0.05824253630037608,1.0,0.04166666666666666,80,0,2150400,0
coarse-only,V-2d-K4-wide,2,0.009570167297581422,0.06163229925973102,1.0,0.0,80,0,2150400,0
coarse-only,V-2d-K4-wide,3,0.009923084723407083,0.06222954701231237,1.0,0.08333333333333329,89,0,2150400,0
coarse-only,V-2d-K4-wide,4,0.009412708188564212,0.06029028473106646,1.0,0.04166666666666666,97,0,2150400,0
coarse-only,V-2d-K4-wide,5,0.008531681106845657,0.056415308074573525,1.0,0.125,94,0,2150400,0
c2f-only,V-1d-K3,0,0.005361821499634045,0.07923514687112992,1.0,0.12499999999999994,86,0,2150400,0
c2f-only,V-1d-K3,1,0.0033874298171444606,0.062496858016308936,1.0,0.08333333333333331,86,0,2150400,0
c2f-only,V-1d-K3,2,0.004683419383218923,0.07362301148609651,1.0,0.08333333333333331,84,0,2150400,0
c2f-only,V-1d-K3,3,0.004458235572849634,0.07262095640465267,1.0,0.08333333333333331,96,0,2150400,0
c2f-only,V-1d-K3,4,0.002168707355010291,0.04850930045409113,1.0,0.0,92,0,2150400,0
c2f-only,V-1d-K3,5,0.0036138955682935014,0.06402210379213806,1.0,0.08333333333333331,96,0,2150400,0
c2f-only,V-2d-K5,0,0.0077043698827303775,0.054335182429884686,1.0,0.05000000000000002,89,0,2150400,0
c2f-only,V-2d-K5,1,0.005684626586753616,0.047668440028709694,1.0,0.09166666666666667,85,0,2150400,0
c2f-only,V-2d-K5,2,0.007289896723890799,0.05386591046453208,1.0,0.09166666666666667,85,0,2150400,0
c2f-only,V-2d-K5,3,0.006045826714361935,0.04752049282653538,1.0,0.05000000000000002,90,0,2150400,0
c2f-only,V-2d-K5,4,0.00613667415165442,0.04751474254931982,1.0,0.05000000000000002,95,0,2150400,0
c2f-only,V-2d-K5,5,0.006703079299638759,0.05176374870562225,1.0,0.05000000000000002,90,0,2150400,0
c2f-only,V-2d-K4-uneq,0,0.005838427405264746,0.04352219410355217,1.0,0.0666666666666667,97,0,2150400,0
c2f-only,V-2d-K4-uneq,1,0.004971665520534074,0.040119608878017014,1.0,0.033333333333333395,88,0,2150400,0
c2f-only,V-2d-K4-uneq,2,0.005158465209135432,0.039349320787726474,1.0,0.049999999999999975,93,0,2150400,0
c2f-only,V-2d-K4-uneq,3,0.007311636476393213,0.05172517055690259,1.0,0.10000000000000002,93,0,2150400,0
c2f-only,V-2d-K4-uneq,4,0.005275605947269613,0.04175637648550241,1.0,0.033333333333333395,99,0,2150400,0
c2f-only,V-2d-K4-uneq,5,0.004827369362127909,0.0381572678375751,1.0,0.04166666666666673,86,0,2150400,0
c2f-only,V-3d-K4,0,0.009907064685767075,0.04444405646470768,1.0,0.04166666666666666,112,0,2150400,0
c2f-only,V-3d-K4,1,0.010639541495409466,0.04759881728119614,1.0,0.04166666666666666,104,0,2150400,0
c2f-only,V-3d-K4,2,0.00979302193281506,0.04460601261955455,1.0,0.04166666666666666,89,0,2150400,0
c2f-only,V-3d-K4,3,0.011030083721801365,0.04832671669739838,1.0,0.0,99,0,2150400,0
c2f-only,V-3d-K4,4,0.010594496208983895,0.04575787338922232,1.0,0.04166666666666666,92,0,2150400,0
c2f-only,V-3d-K4,5,0.008832580147676738,0.04194393778561185,1.0,0.08333333333333331,108,0,2150400,0
c2f-only,V-2d-K4-wide,0,0.007128800544449643,0.05068496795307004,1.0,0.0,80,0,2150400,0
c2f-only,V-2d-K4-wide,1,0.006148961586286417,0.04586523336665854,1.0,0.0,70,0,2150400,0
c2f-only,V-2d-K4-wide,2,0.007372930541668543,0.052962691655399,1.0,0.0,72,0,2150400,0
c2f-only,V-2d-K4-wide,3,0.007055461546581432,0.04906815840461261,1.0,0.08333333333333331,79,0,2150400,0
c2f-only,V-2d-K4-wide,4,0.007410861463180485,0.051362540048544826,1.0,0.0,85,0,2150400,0
c2f-only,V-2d-K4-wide,5,0.0059792911798275394,0.04556255392883633,1.0,0.0,79,0,2150400,0
step-ceil-0.05,V-1d-K3,0,0.001963807462797118,0.04070310938737019,1.0,0.0,18,0,2150400,0
step-ceil-0.05,V-1d-K3,1,0.0019038715332974077,0.041087441920258955,1.0,0.0,19,0,2150400,0
step-ceil-0.05,V-1d-K3,2,0.0024925074695260063,0.04822146865062225,1.0,0.0,18,0,2150400,0
step-ceil-0.05,V-1d-K3,3,0.0020850631420562538,0.04209077252756102,1.0,0.0,22,0,2150400,0
step-ceil-0.05,V-1d-K3,4,0.002079153493105501,0.043210941929514496,1.0,0.0,20,0,2150400,0
step-ceil-0.05,V-1d-K3,5,0.0020216815688509637,0.04061539724070016,1.0,0.0,20,0,2150400,0
step-ceil-0.05,V-2d-K5,0,0.008312435855352351,0.0577454475724217,1.0,0.05000000000000002,15,0,2150400,0
step-ceil-0.05,V-2d-K5,1,0.007144947403428414,0.05188267746312974,1.0,0.07500000000000001,13,0,2150400,0
step-ceil-0.05,V-2d-K5,2,0.007977586282231997,0.05549668738249936,1.0,0.05000000000000002,15,0,2150400,0
step-ceil-0.05,V-2d-K5,3,0.008403697325921833,0.059509415004611134,1.0,0.05000000000000002,15,0,2150400,0
step-ceil-0.05,V-2d-K5,4,0.007503030763555518,0.0559427886814758,1.0,0.05000000000000002,17,0,2150400,0
step-ceil-0.05,V-2d-K5,5,0.00734695996829049,0.05316271475590827,1.0,0.05000000000000002,15,0,2150400,0
step-ceil-0.05,V-2d-K4-uneq,0,0.006313237619213208,0.04406564334988166,1.0,0.02500000000000001,16,0,2150400,0
step-ceil-0.05,V-2d-K4-uneq,1,0.0057651456497247455,0.03897732747934333,1.0,0.06666666666666665,14,0,2150400,0
step-ceil-0.05,V-2d-K4-uneq,2,0.00602941288644443,0.041863610381162236,1.0,0.07500000000000004,15,0,2150400,0
step-ceil-0.05,V-2d-K4-uneq,3,0.0062782054425880585,0.04131645696304814,1.0,0.05000000000000003,14,0,2150400,0
step-ceil-0.05,V-2d-K4-uneq,4,0.005681382029265825,0.04045448857062586,1.0,0.05000000000000002,15,0,2150400,0
step-ceil-0.05,V-2d-K4-uneq,5,0.005790870680137283,0.04179286582314158,1.0,0.06666666666666665,13,0,2150400,0
step-ceil-0.05,V-3d-K4,0,0.011268956783343276,0.04991372900566207,1.0,0.0,17,0,2150400,0
step-ceil-0.05,V-3d-K4,1,0.011726141223227904,0.05023499379810175,1.0,0.04166666666666666,15,0,2150400,0
step-ceil-0.05,V-3d-K4,2,0.012980751352556386,0.0563004437343586,1.0,0.04166666666666666,13,0,2150400,0
step-ceil-0.05,V-3d-K4,3,0.0127581455054262,0.05523260922424387,1.0,0.0,14,0,2150400,0
step-ceil-0.05,V-3d-K4,4,0.012568382761937835,0.05339718334461402,1.0,0.04166666666666666,13,0,2150400,0
step-ceil-0.05,V-3d-K4,5,0.012093766138953077,0.05005694897698156,1.0,0.04166666666666666,17,0,2150400,0
step-ceil-0.05,V-2d-K4-wide,0,0.012572153846805767,0.07679578739460184,1.0,0.04166666666666666,13,0,2150400,0
step-ceil-0.05,V-2d-K4-wide,1,0.01082150892682665,0.06696692384444299,1.0,0.0,10,0,2150400,0
step-ceil-0.05,V-2d-K4-wide,2,0.012434498443130826,0.07594727543935799,1.0,0.0,11,0,2150400,0
step-ceil-0.05,V-2d-K4-wide,3,0.01290033133749069,0.07820441789396611,1.0,0.08333333333333331,11,0,2150400,0
step-ceil-0.05,V-2d-K4-wide,4,0.010789742684666592,0.06898728680033074,1.0,0.0,13,0,2150400,0
step-ceil-0.05,V-2d-K4-wide,5,0.010205625291332732,0.06650439877777488,1.0,0.04166666666666666,12,0,2150400,0
step-ceil-0.1,V-1d-K3,0,0.0023822655479337485,0.044945260640920415,1.0,0.0,10,0,2150400,0
step-ceil-0.1,V-1d-K3,1,0.0025217895586240324,0.04791495746763483,1.0,0.0,10,0,2150400,0
step-ceil-0.1,V-1d-K3,2,0.003530124475536356,0.058656990826714696,1.0,0.0,9,0,2150400,0
step-ceil-0.1,V-1d-K3,3,0.0026848188784126537,0.047981143974093164,1.0,0.0,11,0,2150400,0
step-ceil-0.1,V-1d-K3,4,0.0028334423707603307,0.04833220558610686,1.0,0.041666666666666685,10,0,2150400,0
step-ceil-0.1,V-1d-K3,5,0.0024629086156533475,0.045103019247710645,1.0,0.0,10,0,2150400,0
step-ceil-0.1,V-2d-K5,0,0.009923358652954128,0.06475024559084004,1.0,0.05000000000000002,8,0,2150400,0
step-ceil-0.1,V-2d-K5,1,0.008406307361701337,0.05574765086083713,1.0,0.05000000000000002,7,0,2150400,0
step-ceil-0.1,V-2d-K5,2,0.009324354585300565,0.06272991181482628,1.0,0.05000000000000002,7,0,2150400,0
step-ceil-0.1,V-2d-K5,3,0.010161312583657933,0.06665593635275013,1.0,0.05000000000000002,8,0,2150400,0
step-ceil-0.1,V-2d-K5,4,0.008895846063896373,0.061982542936012824,1.0,0.05000000000000002,9,0,2150400,0
step-ceil-0.1,V-2d-K5,5,0.009145570635083589,0.0630841441205552,1.0,0.05000000000000002,7,0,2150400,0
step-ceil-0.1,V-2d-K4-uneq,0,0.007827293870739105,0.051325555352898844,1.0,0.02500000000000001,9,0,2150400,0
step-ceil-0.1,V-2d-K4-uneq,1,0.006975309286321174,0.0450829923119007,1.0,0.10833333333333331,7,0,2150400,0
step-ceil-0.1,V-2d-K4-uneq,2,0.007091124910969748,0.0469750530896783,1.0,0.07500000000000004,7,0,2150400,0
step-ceil-0.1,V-2d-K4-uneq,3,0.007154406296606242,0.04500147890685958,1.0,0.033333333333333395,7,0,2150400,0
step-ceil-0.1,V-2d-K4-uneq,4,0.007012858136248745,0.04664884624236942,1.0,0.05000000000000002,8,0,2150400,0
step-ceil-0.1,V-2d-K4-uneq,5,0.006573128794513217,0.04498788594310534,1.0,0.02500000000000001,7,0,2150400,0
step-ceil-0.1,V-3d-K4,0,0.013042283494502538,0.05635541046805451,1.0,0.0,9,0,2150400,0
step-ceil-0.1,V-3d-K4,1,0.013131598394017896,0.0553941466532804,1.0,0.04166666666666666,8,0,2150400,0
step-ceil-0.1,V-3d-K4,2,0.016599481042484987,0.06653261052487318,1.0,0.04166666666666666,6,0,2150400,0
step-ceil-0.1,V-3d-K4,3,0.015240004226309667,0.06399086671669106,1.0,0.0,8,0,2150400,0
step-ceil-0.1,V-3d-K4,4,0.01463582591819823,0.0627251689339229,1.0,0.04166666666666666,7,0,2150400,0
step-ceil-0.1,V-3d-K4,5,0.014263732498774662,0.05571420147921527,1.0,0.0,8,0,2150400,0
step-ceil-0.1,V-2d-K4-wide,0,0.015102521331280983,0.08721328960884923,1.0,0.08333333333333337,7,0,2150400,0
step-ceil-0.1,V-2d-K4-wide,1,0.012606663062586954,0.07410510414670564,1.0,0.08333333333333329,5,0,2150400,0
step-ceil-0.1,V-2d-K4-wide,2,0.015329863176964498,0.08926725155399125,1.0,0.04166666666666666,6,0,2150400,0
step-ceil-0.1,V-2d-K4-wide,3,0.014690444448633544,0.08624404175780298,1.0,0.08333333333333331,5,0,2150400,0
step-ceil-0.1,V-2d-K4-wide,4,0.012367674501421622,0.07735050068447503,1.0,0.0,6,0,2150400,0
step-ceil-0.1,V-2d-K4-wide,5,0.011747986624189188,0.07425510571150698,1.0,0.04166666666666666,6,0,2150400,0
step-ceil-0.25,V-1d-K3,0,0.00405484612026874,0.05184018494252124,1.0,0.0,4,0,2150400,0
step-ceil-0.25,V-1d-K3,1,0.004350681826153835,0.06366197359455603,1.0,0.0,4,0,2150400,0
step-ceil-0.25,V-1d-K3,2,0.006070110729531009,0.07853042296112353,1.0,0.041666666666666685,4,0,2150400,0
step-ceil-0.25,V-1d-K3,3,0.003296986181339001,0.05602828123280208,1.0,0.0,5,0,2150400,0
step-ceil-0.25,V-1d-K3,4,0.0037436558454171376,0.05567731818738928,1.0,0.041666666666666685,4,0,2150400,0
step-ceil-0.25,V-1d-K3,5,0.003452878257234504,0.055275429198921894,1.0,0.0,5,0,2150400,0
step-ceil-0.25,V-2d-K5,0,0.012979718181351796,0.07761604197627216,1.0,0.05000000000000002,4,0,2150400,0
step-ceil-0.25,V-2d-K5,1,0.012399812698167478,0.07350940201824147,1.0,0.05000000000000002,3,0,2150400,0
step-ceil-0.25,V-2d-K5,2,0.011988193888693432,0.07382744818681075,1.0,0.05000000000000002,3,0,2150400,0
step-ceil-0.25,V-2d-K5,3,0.014115180087656887,0.08193551994680394,1.0,0.05000000000000002,4,0,2150400,0
step-ceil-0.25,V-2d-K5,4,0.011764928299494493,0.07367761565867051,1.0,0.05000000000000002,4,0,2150400,0
step-ceil-0.25,V-2d-K5,5,0.012888030196556377,0.07976738861266891,1.0,0.07500000000000001,3,0,2150400,0
step-ceil-0.25,V-2d-K4-uneq,0,0.010976438867279281,0.06401325304745496,1.0,0.07500000000000004,4,0,2150400,0
step-ceil-0.25,V-2d-K4-uneq,1,0.00979042997462165,0.05943393180312264,1.0,0.06666666666666665,3,0,2150400,0
step-ceil-0.25,V-2d-K4-uneq,2,0.00855112168892802,0.05662764770883594,1.0,0.06666666666666665,3,0,2150400,0
step-ceil-0.25,V-2d-K4-uneq,3,0.009544717119173152,0.056214953399952104,1.0,0.09166666666666667,3,0,2150400,0
step-ceil-0.25,V-2d-K4-uneq,4,0.00997807997301381,0.05688523222363419,1.0,0.033333333333333395,4,0,2150400,0
step-ceil-0.25,V-2d-K4-uneq,5,0.007532417596744612,0.0473755830584493,1.0,0.05000000000000003,3,0,2150400,0
step-ceil-0.25,V-3d-K4,0,0.016214254058101396,0.06568524467176336,1.0,0.0,4,0,2150400,0
step-ceil-0.25,V-3d-K4,1,0.013926895240255588,0.058371196334291005,1.0,0.0,4,0,2150400,0
step-ceil-0.25,V-3d-K4,2,0.022853149480803525,0.08263040715326636,1.0,0.04166666666666666,3,0,2150400,0
step-ceil-0.25,V-3d-K4,3,0.016713137822838675,0.06807873530205985,1.0,0.0,3,0,2150400,0
step-ceil-0.25,V-3d-K4,4,0.015405477436367665,0.06702798968207214,1.0,0.0,3,0,2150400,0
step-ceil-0.25,V-3d-K4,5,0.016081479778261354,0.061872319808430574,1.0,0.0,4,0,2150400,0
step-ceil-0.25,V-2d-K4-wide,0,0.01904335685927161,0.10579740416675569,1.0,0.125,3,0,2150400,0
step-ceil-0.25,V-2d-K4-wide,1,0.01577424761233015,0.08797551926925744,1.0,0.08333333333333337,2,0,2150400,0
step-ceil-0.25,V-2d-K4-wide,2,0.017480726116975598,0.09776623833937281,1.0,0.04166666666666666,2,0,2150400,0
step-ceil-0.25,V-2d-K4-wide,3,0.01500593440526199,0.08719735606086557,1.0,0.08333333333333329,3,0,2150400,0
step-ceil-0.25,V-2d-K4-wide,4,0.015794679650058763,0.09342032583881804,1.0,0.04166666666666666,3,0,2150400,0
step-ceil-0.25,V-2d-K4-wide,5,0.013376721745475662,0.08164952779343843,1.0,0.08333333333333337,3,0,2150400,0
step-taumult-0.1,V-1d-K3,0,0.0053933592320984935,0.07184151007364403,1.0,0.12499999999999994,116,0,2150400,0
step-taumult-0.1,V-1d-K3,1,0.005467360975726754,0.06713772066832757,1.0,0.08333333333333331,116,0,2150400,0
step-taumult-0.1,V-1d-K3,2,0.006768920498561926,0.07663432522084522,1.0,0.12499999999999994,115,0,2150400,0
step-taumult-0.1,V-1d-K3,3,0.006162070199690839,0.07302793980473765,1.0,0.12499999999999994,131,0,2150400,0
step-taumult-0.1,V-1d-K3,4,0.004586012121601257,0.061818441462576,1.0,0.041666666666666685,123,0,2150400,0
step-taumult-0.1,V-1d-K3,5,0.005405369401245141,0.06792222758867629,1.0,0.08333333333333331,125,0,2150400,0
step-taumult-0.1,V-2d-K5,0,0.006669980493001493,0.049868578212628106,1.0,0.05000000000000002,82,0,2150400,0
step-taumult-0.1,V-2d-K5,1,0.00579959988253087,0.04708498928895126,1.0,0.09166666666666667,76,0,2150400,0
step-taumult-0.1,V-2d-K5,2,0.006808249920419396,0.05172972959547624,1.0,0.09166666666666667,80,0,2150400,0
step-taumult-0.1,V-2d-K5,3,0.0065416348100379995,0.049394043893720006,1.0,0.05000000000000002,85,0,2150400,0
step-taumult-0.1,V-2d-K5,4,0.006222796814126852,0.048292772130653465,1.0,0.05000000000000002,90,0,2150400,0
step-taumult-0.1,V-2d-K5,5,0.006362231382123884,0.04872080553698122,1.0,0.09166666666666667,80,0,2150400,0
step-taumult-0.1,V-2d-K4-uneq,0,0.0058587611867150224,0.041456124808320546,1.0,0.033333333333333395,88,0,2150400,0
step-taumult-0.1,V-2d-K4-uneq,1,0.004888260318298365,0.037602986673945384,1.0,0.07500000000000002,80,0,2150400,0
step-taumult-0.1,V-2d-K4-uneq,2,0.005002817248278668,0.03670148061476573,1.0,0.049999999999999975,86,0,2150400,0
step-taumult-0.1,V-2d-K4-uneq,3,0.005516010123029047,0.04142939102085997,1.0,0.10000000000000002,84,0,2150400,0
step-taumult-0.1,V-2d-K4-uneq,4,0.005343272361311158,0.040784163836753165,1.0,0.0666666666666667,89,0,2150400,0
step-taumult-0.1,V-2d-K4-uneq,5,0.0046139920692906955,0.03583316518467965,1.0,0.04166666666666673,79,0,2150400,0
step-taumult-0.1,V-3d-K4,0,0.010107196409753993,0.044690213823287216,1.0,0.08333333333333331,95,0,2150400,0
step-taumult-0.1,V-3d-K4,1,0.009207903136170037,0.04118202436856111,1.0,0.08333333333333331,87,0,2150400,0
step-taumult-0.1,V-3d-K4,2,0.00852983493573889,0.04032509787022494,1.0,0.04166666666666666,72,0,2150400,0
step-taumult-0.1,V-3d-K4,3,0.009387044388767807,0.044933217475974986,1.0,0.04166666666666666,83,0,2150400,0
step-taumult-0.1,V-3d-K4,4,0.009144797336098298,0.04190991736178356,1.0,0.08333333333333331,77,0,2150400,0
step-taumult-0.1,V-3d-K4,5,0.00895349889589403,0.041892872746046965,1.0,0.08333333333333329,89,0,2150400,0
step-taumult-0.1,V-2d-K4-wide,0,0.005560105644662139,0.04248541362131056,1.0,0.0,71,0,2150400,0
step-taumult-0.1,V-2d-K4-wide,1,0.00508800911409546,0.039874195764136706,1.0,0.0,59,0,2150400,0
step-taumult-0.1,V-2d-K4-wide,2,0.005848965910308257,0.04598597669201662,1.0,0.0,67,0,2150400,0
step-taumult-0.1,V-2d-K4-wide,3,0.005819450172054985,0.04264880064683268,1.0,0.08333333333333331,70,0,2150400,0
step-taumult-0.1,V-2d-K4-wide,4,0.006250223544008948,0.04558264454302441,1.0,0.04166666666666666,75,0,2150400,0
step-taumult-0.1,V-2d-K4-wide,5,0.005286340702312264,0.04183646448321154,1.0,0.0,70,0,2150400,0
step-taumult-0.5,V-1d-K3,0,0.0018764061566396428,0.04034930447782455,1.0,0.0,23,0,2150400,0
step-taumult-0.5,V-1d-K3,1,0.0017472848041686362,0.039499613635433174,1.0,0.0,24,0,2150400,0
step-taumult-0.5,V-1d-K3,2,0.002234835827493842,0.04609057269906694,1.0,0.0,23,0,2150400,0
step-taumult-0.5,V-1d-K3,3,0.001942055584534752,0.04120846956235848,1.0,0.0,27,0,2150400,0
step-taumult-0.5,V-1d-K3,4,0.0018350897597582128,0.041476809662882384,1.0,0.0,25,0,2150400,0
step-taumult-0.5,V-1d-K3,5,0.001860267007760652,0.039075814711093906,1.0,0.0,27,0,2150400,0
step-taumult-0.5,V-2d-K5,0,0.007996016074891754,0.056355593046026546,1.0,0.05000000000000002,17,0,2150400,0
step-taumult-0.5,V-2d-K5,1,0.006802790857887375,0.05071259310047445,1.0,0.07500000000000001,16,0,2150400,0
step-taumult-0.5,V-2d-K5,2,0.007714249150012176,0.05405396858273623,1.0,0.05000000000000002,17,0,2150400,0
step-taumult-0.5,V-2d-K5,3,0.00802169344258652,0.05767114580536334,1.0,0.05000000000000002,18,0,2150400,0
step-taumult-0.5,V-2d-K5,4,0.007238479879918991,0.05480623909917011,1.0,0.05000000000000002,20,0,2150400,0
step-taumult-0.5,V-2d-K5,5,0.007002508247749617,0.05109203360275417,1.0,0.05000000000000002,17,0,2150400,0
step-taumult-0.5,V-2d-K4-uneq,0,0.00604174553225123,0.04286053930356013,1.0,0.02500000000000001,18,0,2150400,0
step-taumult-0.5,V-2d-K4-uneq,1,0.00551731997168492,0.03784026476697252,1.0,0.06666666666666665,16,0,2150400,0
step-taumult-0.5,V-2d-K4-uneq,2,0.0058378054741135,0.04160596089270557,1.0,0.05000000000000002,17,0,2150400,0
step-taumult-0.5,V-2d-K4-uneq,3,0.006008614779257959,0.041355486467853975,1.0,0.06666666666666664,17,0,2150400,0
step-taumult-0.5,V-2d-K4-uneq,4,0.0053830981058722305,0.03920522254782756,1.0,0.05000000000000002,18,0,2150400,0
step-taumult-0.5,V-2d-K4-uneq,5,0.005557948660414702,0.0407403714434663,1.0,0.06666666666666665,16,0,2150400,0
step-taumult-0.5,V-3d-K4,0,0.010792136692653997,0.04823618397250281,1.0,0.0,20,0,2150400,0
step-taumult-0.5,V-3d-K4,1,0.011112695132450945,0.04826167959290141,1.0,0.08333333333333337,18,0,2150400,0
step-taumult-0.5,V-3d-K4,2,0.012008432724853524,0.05299044905706851,1.0,0.08333333333333337,15,0,2150400,0
step-taumult-0.5,V-3d-K4,3,0.011970458764176684,0.052955908477241465,1.0,0.0,17,0,2150400,0
step-taumult-0.5,V-3d-K4,4,0.012090522861443409,0.0519218053580022,1.0,0.04166666666666666,16,0,2150400,0
step-taumult-0.5,V-3d-K4,5,0.011455300693398174,0.04819447256418065,1.0,0.08333333333333331,19,0,2150400,0
step-taumult-0.5,V-2d-K4-wide,0,0.011927734358972986,0.07396870493943081,1.0,0.0,15,0,2150400,0
step-taumult-0.5,V-2d-K4-wide,1,0.010199860988635345,0.06440402302869984,1.0,0.0,13,0,2150400,0
step-taumult-0.5,V-2d-K4-wide,2,0.011718178953767477,0.07266591397392363,1.0,0.0,14,0,2150400,0
step-taumult-0.5,V-2d-K4-wide,3,0.011779867837560243,0.07278406720674145,1.0,0.08333333333333331,14,0,2150400,0
step-taumult-0.5,V-2d-K4-wide,4,0.010333878688843168,0.06675151024955836,1.0,0.0,15,0,2150400,0
step-taumult-0.5,V-2d-K4-wide,5,0.00941411296852901,0.062012416669405324,1.0,0.04166666666666666,15,0,2150400,0
mask-only,V-1d-K3,0,0.003150603296155241,0.054268328302043825,1.0,0.08333333333333331,78,0,2150400,0
mask-only,V-1d-K3,1,0.0027415384877743643,0.04880244355557467,1.0,0.041666666666666685,78,0,2150400,0
mask-only,V-1d-K3,2,0.003530632425244762,0.058202723698707284,1.0,0.08333333333333331,76,0,2150400,0
mask-only,V-1d-K3,3,0.0030784085723833954,0.052513395631112014,1.0,0.08333333333333331,89,0,2150400,0
mask-only,V-1d-K3,4,0.0022971582592841155,0.04555504104360152,1.0,0.0,84,0,2150400,0
mask-only,V-1d-K3,5,0.0027073669213680818,0.049298351730780794,1.0,0.041666666666666685,86,0,2150400,0
mask-only,V-2d-K5,0,0.006094839850725009,0.046970080399812666,1.0,0.05000000000000002,55,0,2150400,0
mask-only,V-2d-K5,1,0.004852057992607239,0.0418991287196183,1.0,0.07500000000000001,50,0,2150400,0
mask-only,V-2d-K5,2,0.006003854252536023,0.046252218268642245,1.0,0.09166666666666667,55,0,2150400,0
mask-only,V-2d-K5,3,0.005613561995102323,0.04494830589906403,1.0,0.05000000000000002,57,0,2150400,0
mask-only,V-2d-K5,4,0.005601726480994662,0.04517567655560245,1.0,0.05000000000000002,61,0,2150400,0
mask-only,V-2d-K5,5,0.005565830291641927,0.044181122777709414,1.0,0.05000000000000002,54,0,2150400,0
mask-only,V-2d-K4-uneq,0,0.0048712390100749126,0.035962479066086885,1.0,0.02500000000000001,59,0,2150400,0
mask-only,V-2d-K4-uneq,1,0.004373019470038209,0.03451304386591493,1.0,0.07500000000000002,54,0,2150400,0
mask-only,V-2d-K4-uneq,2,0.004444462930113802,0.03415389266576745,1.0,0.049999999999999975,57,0,2150400,0
mask-only,V-2d-K4-uneq,3,0.004636891660624642,0.03640318426884616,1.0,0.049999999999999975,56,0,2150400,0
mask-only,V-2d-K4-uneq,4,0.004466362424372927,0.03575952309797808,1.0,0.02500000000000001,60,0,2150400,0
mask-only,V-2d-K4-uneq,5,0.0042967360491548146,0.03439037760582291,1.0,0.04166666666666673,53,0,2150400,0
mask-only,V-3d-K4,0,0.009421088101566943,0.042631618803599135,1.0,0.08333333333333331,64,0,2150400,0
mask-only,V-3d-K4,1,0.008911374851145681,0.0405651095321199,1.0,0.08333333333333331,58,0,2150400,0
mask-only,V-3d-K4,2,0.008729227223187364,0.040894187745266014,1.0,0.04166666666666666,48,0,2150400,0
mask-only,V-3d-K4,3,0.009367247342565,0.04453821926023498,1.0,0.04166666666666666,55,0,2150400,0
mask-only,V-3d-K4,4,0.009475276883157413,0.04309546483396176,1.0,0.08333333333333331,51,0,2150400,0
mask-only,V-3d-K4,5,0.009229534451868693,0.04212635785861419,1.0,0.08333333333333331,59,0,2150400,0
mask-only,V-2d-K4-wide,0,0.007007797530268478,0.05024071059848132,1.0,0.0,48,0,2150400,0
mask-only,V-2d-K4-wide,1,0.006138582840914397,0.0458828587411263,1.0,0.0,40,0,2150400,0
mask-only,V-2d-K4-wide,2,0.007291895738014809,0.052389483691617715,1.0,0.0,44,0,2150400,0
mask-only,V-2d-K4-wide,3,0.006968295441332817,0.048444470174153785,1.0,0.08333333333333331,46,0,2150400,0
mask-only,V-2d-K4-wide,4,0.0073604507535125485,0.0510573208103091,1.0,0.0,51,0,2150400,0
mask-only,V-2d-K4-wide,5,0.005895403594619486,0.04514635907427016,1.0,0.04166666666666666,47,0,2150400,0
combined,V-1d-K3,0,0.006008927241763162,0.07865766682055432,1.0,0.12499999999999994,62,0,2150400,0
combined,V-1d-K3,1,0.004714459800401305,0.06882791230223012,1.0,0.08333333333333331,58,0,2150400,0
combined,V-1d-K3,2,0.005713194635848184,0.075733181026776,1.0,0.08333333333333331,58,0,2150400,0
combined,V-1d-K3,3,0.005703086742801733,0.07416739926663038,1.0,0.08333333333333331,65,0,2150400,0
combined,V-1d-K3,4,0.0033601740817735815,0.05534837143458498,1.0,0.0,64,0,2150400,0
combined,V-1d-K3,5,0.00458331710564408,0.06586105224783276,1.0,0.041666666666666685,68,0,2150400,0
combined,V-2d-K5,0,0.00741085489349147,0.05371120467785325,1.0,0.07500000000000001,65,0,2150400,0
combined,V-2d-K5,1,0.00626045426906785,0.05185831055398921,1.0,0.09166666666666667,59,0,2150400,0
combined,V-2d-K5,2,0.00703770257819647,0.054014741096038696,1.0,0.09166666666666667,63,0,2150400,0
combined,V-2d-K5,3,0.006423437777798968,0.05103803827621904,1.0,0.05000000000000002,67,0,2150400,0
combined,V-2d-K5,4,0.006597206431361746,0.051152952211756995,1.0,0.05000000000000002,70,0,2150400,0
combined,V-2d-K5,5,0.00736698278745096,0.055698165453490836,1.0,0.1333333333333333,63,0,2150400,0
combined,V-2d-K4-uneq,0,0.00611945026414662,0.04464344545341236,1.0,0.0666666666666667,72,0,2150400,0
combined,V-2d-K4-uneq,1,0.00509645087890509,0.04064936256849889,1.0,0.033333333333333395,64,0,2150400,0
combined,V-2d-K4-uneq,2,0.005402859345168931,0.04042103182753386,1.0,0.049999999999999975,67,0,2150400,0
combined,V-2d-K4-uneq,3,0.007822417941885762,0.05419998393901831,1.0,0.10000000000000002,69,0,2150400,0
combined,V-2d-K4-uneq,4,0.0059842094991713335,0.0448878016751067,1.0,0.033333333333333395,73,0,2150400,0
combined,V-2d-K4-uneq,5,0.00480513938764715,0.037501972545086554,1.0,0.04166666666666673,60,0,2150400,0
combined,V-3d-K4,0,0.00843462596648592,0.04061965573301846,1.0,0.08333333333333331,88,0,2150400,0
combined,V-3d-K4,1,0.009023436779299732,0.04214625016631637,1.0,0.08333333333333337,79,0,2150400,0
combined,V-3d-K4,2,0.00811523528232272,0.039276584035841326,1.0,0.04166666666666666,67,0,2150400,0
combined,V-3d-K4,3,0.008696951542016329,0.04294899259385554,1.0,0.04166666666666666,76,0,2150400,0
combined,V-3d-K4,4,0.008333960378220873,0.03984633672976354,1.0,0.08333333333333329,68,0,2150400,0
combined,V-3d-K4,5,0.0075037086463358715,0.03818904672524009,1.0,0.08333333333333329,82,0,2150400,0
combined,V-2d-K4-wide,0,0.006353030803830206,0.046309693875244064,1.0,0.0,50,0,2150400,0
combined,V-2d-K4-wide,1,0.005676839018808666,0.043504135937455606,1.0,0.0,42,0,2150400,0
combined,V-2d-K4-wide,2,0.006671749097672874,0.049950430395923895,1.0,0.0,44,0,2150400,0
combined,V-2d-K4-wide,3,0.006635775919839659,0.046901415194137396,1.0,0.04166666666666666,48,0,2150400,0
combined,V-2d-K4-wide,4,0.00706038082206617,0.04950798506016851,1.0,0.04166666666666666,53,0,2150400,0
combined,V-2d-K4-wide,5,0.005959546380727376,0.04532294024123549,1.0,0.0,49,0,2150400,0
