arm,lr_multiplier,learning_rate,target,family,dimension,replication,initialization,ed2,heldout_sw1,training_quantile_rmse,output_rms,covariance_effective_rank,mode_coverage,mode_mass_error,rare_mass_error,completed_updates,unique_latent_samples,generator_example_evals_training,generator_forward_calls_training,unique_target_observations,target_example_accesses,projection_scalar_products,sort_work,paper_kernel_pairs,atlas_bytes,kll_serialized_bytes,diverged,wall_seconds,model_parameters
exact-atlas-rsr,1.0,0.001,NPR-d2-balanced-gmm,balanced-gmm,2,0,concentrated,0.7772791106331045,0.6767256224485726,0.9017431156591648,0.10670539736747742,1.7447749268969523,0.75,0.5,nan,8,1024,2048,64,2048,2048,262144,1900544.0,0,34304,0,0,0.025854999999864958,4610
exact-atlas-rsr,2.0,0.002,NPR-d2-balanced-gmm,balanced-gmm,2,0,concentrated,0.5812291831413803,0.5898847284346811,0.8062143402315806,0.2301068753004074,1.59740867662614,0.75,0.6875,nan,8,1024,2048,64,2048,2048,262144,1900544.0,0,34304,0,0,0.025262899995141197,4610
exact-atlas-rsr,4.0,0.004,NPR-d2-balanced-gmm,balanced-gmm,2,0,concentrated,0.2543504343195937,0.4055944394661737,0.5858591221128091,0.583329975605011,1.3992020940662286,0.75,0.578125,nan,8,1024,2048,64,2048,2048,262144,1900544.0,0,34304,0,0,0.02491629999713041,4610
exact-atlas-rsr,8.0,0.008,NPR-d2-balanced-gmm,balanced-gmm,2,0,concentrated,0.29428935648878163,0.4984893636991778,0.6162947165969349,1.2422388792037964,1.283750178859766,0.75,0.3515625,nan,8,1024,2048,64,2048,2048,262144,1900544.0,0,34304,0,0,0.02478269999846816,4610
exact-atlas-rsr,16.0,0.016,NPR-d2-balanced-gmm,balanced-gmm,2,0,concentrated,0.201907588172896,0.3822743232883974,0.5236746536206802,0.7964128255844116,1.2119718683352008,0.75,0.45703125,nan,8,1024,2048,64,2048,2048,262144,1900544.0,0,34304,0,0,0.024074200002360158,4610
exact-atlas-rsr,32.0,0.032,NPR-d2-balanced-gmm,balanced-gmm,2,0,concentrated,0.18544491908097482,0.3777420138549858,0.45681492219158176,1.0192607641220093,1.2305675665298834,0.75,0.51953125,nan,8,1024,2048,64,2048,2048,262144,1900544.0,0,34304,0,0,0.026131700004043523,4610
exact-atlas-rsr,64.0,0.064,NPR-d2-balanced-gmm,balanced-gmm,2,0,concentrated,0.15607486588067054,0.3523693747904479,0.4370503983347608,1.1159263849258423,1.1710370766250104,0.75,0.48828125,nan,8,1024,2048,64,2048,2048,262144,1900544.0,0,34304,0,0,0.023970800000824966,4610
kll-small-rsr,1.0,0.001,NPR-d2-balanced-gmm,balanced-gmm,2,0,concentrated,0.241783918168458,0.39485401700880596,0.5688945458424703,0.6025124788284302,1.3879812235454376,0.75,0.5234375,nan,32,1024,2048,64,2048,2048,262144,327680.0,0,34304,72960,0,0.04369349999615224,4610
kll-small-rsr,2.0,0.002,NPR-d2-balanced-gmm,balanced-gmm,2,0,concentrated,0.22127742723598143,0.43012052511848725,0.5249088466970466,1.067355990409851,1.2396562467228862,0.75,0.3203125,nan,32,1024,2048,64,2048,2048,262144,327680.0,0,34304,72960,0,0.04314910000539385,4610
kll-small-rsr,4.0,0.004,NPR-d2-balanced-gmm,balanced-gmm,2,0,concentrated,0.17407107440164404,0.35304174192498927,0.49359499042233473,0.7606363892555237,1.0911001491374694,1.0,0.3125,nan,32,1024,2048,64,2048,2048,262144,327680.0,0,34304,72960,0,0.04786299999977928,4610
kll-small-rsr,8.0,0.008,NPR-d2-balanced-gmm,balanced-gmm,2,0,concentrated,0.1743330129888716,0.3557771678175736,0.4517301139593922,0.8675678372383118,1.0051304007110018,0.75,0.359375,nan,32,1024,2048,64,2048,2048,262144,327680.0,0,34304,72960,0,0.04340809999848716,4610
kll-small-rsr,16.0,0.016,NPR-d2-balanced-gmm,balanced-gmm,2,0,concentrated,0.1265909476930278,0.2889070838372858,0.38383021275134044,0.7982046008110046,1.2082457370253963,0.75,0.5078125,nan,32,1024,2048,64,2048,2048,262144,327680.0,0,34304,72960,0,0.044226700003491715,4610
kll-small-rsr,32.0,0.032,NPR-d2-balanced-gmm,balanced-gmm,2,0,concentrated,0.10187951317003252,0.2477697260890488,0.34148278771426704,0.8128462433815002,1.2489845234792558,0.75,0.27734375,nan,32,1024,2048,64,2048,2048,262144,327680.0,0,34304,72960,0,0.04459630000201287,4610
exact-atlas-rsr,1.0,0.001,NPR-d4-rare-gmm,rare-gmm,4,0,concentrated,0.7689909901103458,0.6796389475304814,0.9928173182914125,0.09925194084644318,2.341955013504409,0.5,0.10000000000000005,0.05,8,1024,2048,64,2048,2048,262144,1900544.0,0,35328,0,0,0.024705100004212,4740
exact-atlas-rsr,2.0,0.002,NPR-d4-rare-gmm,rare-gmm,4,0,concentrated,0.5668669839481684,0.5997988751121022,0.9022207702626798,0.20446686446666718,2.108636393706023,0.5,0.10000000000000005,0.05,8,1024,2048,64,2048,2048,262144,1900544.0,0,35328,0,0,0.027938999999605585,4740
exact-atlas-rsr,4.0,0.004,NPR-d4-rare-gmm,rare-gmm,4,0,concentrated,0.2254738071934299,0.3879814154571504,0.6751352306596767,0.49947184324264526,1.786250738247056,0.5,0.10000000000000005,0.05,8,1024,2048,64,2048,2048,262144,1900544.0,0,35328,0,0,0.024270899994007777,4740
exact-atlas-rsr,8.0,0.008,NPR-d4-rare-gmm,rare-gmm,4,0,concentrated,0.1723606756853724,0.34498547393296836,0.5164131856211959,1.15824294090271,1.8798859376171655,1.0,0.017187499999999953,0.008593749999999997,8,1024,2048,64,2048,2048,262144,1900544.0,0,35328,0,0,0.024406800002907403,4740
exact-atlas-rsr,16.0,0.016,NPR-d4-rare-gmm,rare-gmm,4,0,concentrated,0.13182909596674763,0.3073222565374224,0.4651128310377019,1.1154048442840576,2.613469649951171,0.5,0.06875000000000005,0.034375,8,1024,2048,64,2048,2048,262144,1900544.0,0,35328,0,0,0.02526419999776408,4740
exact-atlas-rsr,32.0,0.032,NPR-d4-rare-gmm,rare-gmm,4,0,concentrated,0.0913011107919588,0.25203664187326985,0.4631881613527541,0.8716419339179993,2.805964546634379,0.5,0.10000000000000005,0.05,8,1024,2048,64,2048,2048,262144,1900544.0,0,35328,0,0,0.025152199996227864,4740
exact-atlas-rsr,64.0,0.064,NPR-d4-rare-gmm,rare-gmm,4,0,concentrated,0.17900899788930547,0.34967623870466896,0.5422280484366548,0.9491599202156067,2.3444261972435867,0.5,0.09609375000000005,0.048046875,8,1024,2048,64,2048,2048,262144,1900544.0,0,35328,0,0,0.024485900001309346,4740
kll-small-rsr,1.0,0.001,NPR-d4-rare-gmm,rare-gmm,4,0,concentrated,0.2199903626036046,0.3805561767005465,0.6650889914582223,0.523213267326355,1.626980485224358,0.5,0.10000000000000005,0.05,32,1024,2048,64,2048,2048,262144,327680.0,0,35328,72960,0,0.04225679999944987,4740
kll-small-rsr,2.0,0.002,NPR-d4-rare-gmm,rare-gmm,4,0,concentrated,0.11910056090049759,0.28323288973993294,0.4676492599200082,1.008614182472229,2.1085540368744256,0.5,0.08046875000000005,0.040234375,32,1024,2048,64,2048,2048,262144,327680.0,0,35328,72960,0,0.04242289999820059,4740
kll-small-rsr,4.0,0.004,NPR-d4-rare-gmm,rare-gmm,4,0,concentrated,0.08499373079056083,0.23997651329468073,0.4545607554545581,0.8578240275382996,2.408574944909499,0.5,0.10000000000000005,0.05,32,1024,2048,64,2048,2048,262144,327680.0,0,35328,72960,0,0.04371109999920009,4740
kll-small-rsr,8.0,0.008,NPR-d4-rare-gmm,rare-gmm,4,0,concentrated,0.07840379597608971,0.23017353265037277,0.4155723151014992,0.9480677843093872,2.47420203864659,0.5,0.05312500000000005,0.026562500000000003,32,1024,2048,64,2048,2048,262144,327680.0,0,35328,72960,0,0.04253990000142949,4740
kll-small-rsr,16.0,0.016,NPR-d4-rare-gmm,rare-gmm,4,0,concentrated,0.08342345765561054,0.23288513707115696,0.42870449500597646,0.8876903057098389,2.362233072322687,0.5,0.05703125000000005,0.028515625000000003,32,1024,2048,64,2048,2048,262144,327680.0,0,35328,72960,0,0.04462240000430029,4740
kll-small-rsr,32.0,0.032,NPR-d4-rare-gmm,rare-gmm,4,0,concentrated,0.1726475628005848,0.32227493974959875,0.42489809880802143,1.064824104309082,2.4459388127391852,1.0,0.013281249999999953,0.006640624999999997,32,1024,2048,64,2048,2048,262144,327680.0,0,35328,72960,0,0.042298499996832106,4740
exact-atlas-rsr,1.0,0.001,NPR-d8-correlated-t,correlated-t,8,0,concentrated,1.0523245989570862,0.6173437848421647,0.8586370932199453,0.09729070961475372,3.5400504414631753,nan,nan,nan,8,1024,2048,64,2048,2048,262144,1900544.0,0,37376,0,0,0.025292199999967124,5256
exact-atlas-rsr,2.0,0.002,NPR-d8-correlated-t,correlated-t,8,0,concentrated,0.7835913859043329,0.5435205555692354,0.770529239521306,0.19381557404994965,3.1545888683725445,nan,nan,nan,8,1024,2048,64,2048,2048,262144,1900544.0,0,37376,0,0,0.04061409999849275,5256
exact-atlas-rsr,4.0,0.004,NPR-d8-correlated-t,correlated-t,8,0,concentrated,0.3249716855471032,0.3505417387013689,0.5491221689374908,0.4525238573551178,2.7544359816580783,nan,nan,nan,8,1024,2048,64,2048,2048,262144,1900544.0,0,37376,0,0,0.024876899995433632,5256
exact-atlas-rsr,8.0,0.008,NPR-d8-correlated-t,correlated-t,8,0,concentrated,0.2097722439500096,0.2806248859488097,0.3696214816393376,1.082073450088501,2.6016035013306094,nan,nan,nan,8,1024,2048,64,2048,2048,262144,1900544.0,0,37376,0,0,0.024493199998687487,5256
exact-atlas-rsr,16.0,0.016,NPR-d8-correlated-t,correlated-t,8,0,concentrated,0.20410080394574415,0.28506056624368586,0.3572831838963355,1.142380952835083,3.5919582501193505,nan,nan,nan,8,1024,2048,64,2048,2048,262144,1900544.0,0,37376,0,0,0.026066599995829165,5256
exact-atlas-rsr,32.0,0.032,NPR-d8-correlated-t,correlated-t,8,0,concentrated,0.121496865643544,0.21036781143992328,0.32162767437252393,0.7957207560539246,3.580753466716753,nan,nan,nan,8,1024,2048,64,2048,2048,262144,1900544.0,0,37376,0,0,0.025619299995014444,5256
exact-atlas-rsr,64.0,0.064,NPR-d8-correlated-t,correlated-t,8,0,concentrated,0.10876010830642002,0.21386880621933926,0.2808320568033237,0.8845549821853638,5.21698336136002,nan,nan,nan,8,1024,2048,64,2048,2048,262144,1900544.0,0,37376,0,0,0.025234699998691212,5256
kll-small-rsr,1.0,0.001,NPR-d8-correlated-t,correlated-t,8,0,concentrated,0.30624909185392735,0.3403199502405203,0.5254299170211552,0.48356011509895325,2.216336138932506,nan,nan,nan,32,1024,2048,64,2048,2048,262144,327680.0,0,37376,72960,0,0.04570809999859193,5256
kll-small-rsr,2.0,0.002,NPR-d8-correlated-t,correlated-t,8,0,concentrated,0.17758691881591027,0.25989956298815303,0.3174960691841697,1.006628394126892,2.410598486435135,nan,nan,nan,32,1024,2048,64,2048,2048,262144,327680.0,0,37376,72960,0,0.04410130000178469,5256
kll-small-rsr,4.0,0.004,NPR-d8-correlated-t,correlated-t,8,0,concentrated,0.09795491991895755,0.18851909892739852,0.28220168190429745,0.8280045986175537,3.171483984889904,nan,nan,nan,32,1024,2048,64,2048,2048,262144,327680.0,0,37376,72960,0,0.0511698999980581,5256
kll-small-rsr,8.0,0.008,NPR-d8-correlated-t,correlated-t,8,0,concentrated,0.0897822476443908,0.17931537924670773,0.2521304492381378,0.8952542543411255,3.3354757129695876,nan,nan,nan,32,1024,2048,64,2048,2048,262144,327680.0,0,37376,72960,0,0.04489850000391016,5256
kll-small-rsr,16.0,0.016,NPR-d8-correlated-t,correlated-t,8,0,concentrated,0.07331525624562651,0.16557330890761718,0.24462138903638297,0.913529098033905,2.967288004799336,nan,nan,nan,32,1024,2048,64,2048,2048,262144,327680.0,0,37376,72960,0,0.05572509999910835,5256
kll-small-rsr,32.0,0.032,NPR-d8-correlated-t,correlated-t,8,0,concentrated,0.09692046228005236,0.18693853082454792,0.29682656955485404,0.8754109144210815,3.7054027050058767,nan,nan,nan,32,1024,2048,64,2048,2048,262144,327680.0,0,37376,72960,0,0.044594599996344186,5256
exact-atlas-rsr,1.0,0.001,NPR-d16-nonlinear,nonlinear,16,0,concentrated,1.7200505261831314,0.661849946948356,0.873456708904786,0.09389151632785797,4.190589606844325,nan,nan,nan,8,1024,2048,64,2048,2048,262144,1900544.0,0,41472,0,0,0.024879099997633602,6288
exact-atlas-rsr,2.0,0.002,NPR-d16-nonlinear,nonlinear,16,0,concentrated,1.3423498541070389,0.5942907523486317,0.7902105978507669,0.1846161037683487,3.303929662186643,nan,nan,nan,8,1024,2048,64,2048,2048,262144,1900544.0,0,41472,0,0,0.024276399999507703,6288
exact-atlas-rsr,4.0,0.004,NPR-d16-nonlinear,nonlinear,16,0,concentrated,0.6248974173086657,0.4086710962058076,0.5730490538612405,0.43890783190727234,2.4993954478135065,nan,nan,nan,8,1024,2048,64,2048,2048,262144,1900544.0,0,41472,0,0,0.025341299995488953,6288
exact-atlas-rsr,8.0,0.008,NPR-d16-nonlinear,nonlinear,16,0,concentrated,0.2983245781624193,0.2933564143901791,0.3785825732631926,1.07861328125,2.2512583007229057,nan,nan,nan,8,1024,2048,64,2048,2048,262144,1900544.0,0,41472,0,0,0.024768800001766067,6288
exact-atlas-rsr,16.0,0.016,NPR-d16-nonlinear,nonlinear,16,0,concentrated,0.2600039365582605,0.27382290027117595,0.3391997366815065,1.1544525623321533,3.7883021185156176,nan,nan,nan,8,1024,2048,64,2048,2048,262144,1900544.0,0,41472,0,0,0.025931399999535643,6288
exact-atlas-rsr,32.0,0.032,NPR-d16-nonlinear,nonlinear,16,0,concentrated,0.18362095107363618,0.21074095268227877,0.29891687396683325,0.8236777186393738,5.418584263035976,nan,nan,nan,8,1024,2048,64,2048,2048,262144,1900544.0,0,41472,0,0,0.02616919999854872,6288
exact-atlas-rsr,64.0,0.064,NPR-d16-nonlinear,nonlinear,16,0,concentrated,0.16105457929480682,0.21981972007540015,0.2694188480858789,1.0651543140411377,5.510945903320522,nan,nan,nan,8,1024,2048,64,2048,2048,262144,1900544.0,0,41472,0,0,0.02523050000309013,6288
kll-small-rsr,1.0,0.001,NPR-d16-nonlinear,nonlinear,16,0,concentrated,0.6606724671667061,0.412582837155354,0.5758185624957961,0.44029247760772705,1.9839282568884906,nan,nan,nan,32,1024,2048,64,2048,2048,262144,327680.0,0,41472,72960,0,0.043142900001839735,6288
kll-small-rsr,2.0,0.002,NPR-d16-nonlinear,nonlinear,16,0,concentrated,0.30402042056610146,0.2818343524720664,0.32766718923620125,0.9829087257385254,2.0290302840537504,nan,nan,nan,32,1024,2048,64,2048,2048,262144,327680.0,0,41472,72960,0,0.04433390000485815,6288
kll-small-rsr,4.0,0.004,NPR-d16-nonlinear,nonlinear,16,0,concentrated,0.18014511316490012,0.2104036319210351,0.26122846437967756,0.8538934588432312,3.2881242509824586,nan,nan,nan,32,1024,2048,64,2048,2048,262144,327680.0,0,41472,72960,0,0.04567759999918053,6288
kll-small-rsr,8.0,0.008,NPR-d16-nonlinear,nonlinear,16,0,concentrated,0.14248355912172794,0.19589367548230321,0.22580879506160562,0.9711170792579651,4.5827778490358355,nan,nan,nan,32,1024,2048,64,2048,2048,262144,327680.0,0,41472,72960,0,0.04389690000243718,6288
kll-small-rsr,16.0,0.016,NPR-d16-nonlinear,nonlinear,16,0,concentrated,0.1150585818406542,0.17512193233540113,0.21284461150847275,0.8939239382743835,5.893506030824177,nan,nan,nan,32,1024,2048,64,2048,2048,262144,327680.0,0,41472,72960,0,0.04351219999807654,6288
kll-small-rsr,32.0,0.032,NPR-d16-nonlinear,nonlinear,16,0,concentrated,0.16979806572861822,0.21128720066633472,0.25846986853818765,0.9185128211975098,4.658054919572978,nan,nan,nan,32,1024,2048,64,2048,2048,262144,327680.0,0,41472,72960,0,0.04891649999626679,6288
