arm,cell,seed,ed2,family,init
paper,NCJG-gaussian-1d/broad,0,0.004213567908957883,gaussian,broad
paper,NCJG-gaussian-1d/broad,1,0.006091215535789951,gaussian,broad
paper,NCJG-gaussian-1d/broad,2,0.0005366298462465835,gaussian,broad
paper,NCJG-gaussian-1d/broad,3,0.000756470977624546,gaussian,broad
paper,NCJG-gaussian-1d/broad,4,0.004180784374166913,gaussian,broad
paper,NCJG-gaussian-1d/broad,5,0.007010378111616533,gaussian,broad
pow-g0.0,NCJG-gaussian-1d/broad,0,0.0029728759101399493,gaussian,broad
pow-g0.0,NCJG-gaussian-1d/broad,1,0.00348477432678318,gaussian,broad
pow-g0.0,NCJG-gaussian-1d/broad,2,0.0010230818089096427,gaussian,broad
pow-g0.0,NCJG-gaussian-1d/broad,3,0.0005315052792175257,gaussian,broad
pow-g0.0,NCJG-gaussian-1d/broad,4,0.003077356501938522,gaussian,broad
pow-g0.0,NCJG-gaussian-1d/broad,5,0.007745007779836444,gaussian,broad
pow-g0.5,NCJG-gaussian-1d/broad,0,0.003893662216094995,gaussian,broad
pow-g0.5,NCJG-gaussian-1d/broad,1,0.0037076953078334363,gaussian,broad
pow-g0.5,NCJG-gaussian-1d/broad,2,0.000826272312683396,gaussian,broad
pow-g0.5,NCJG-gaussian-1d/broad,3,0.0005860358705502833,gaussian,broad
pow-g0.5,NCJG-gaussian-1d/broad,4,0.004268006179736661,gaussian,broad
pow-g0.5,NCJG-gaussian-1d/broad,5,0.00716028260649304,gaussian,broad
pow-g1.0,NCJG-gaussian-1d/broad,0,0.004213567908958105,gaussian,broad
pow-g1.0,NCJG-gaussian-1d/broad,1,0.006091215535790062,gaussian,broad
pow-g1.0,NCJG-gaussian-1d/broad,2,0.0005366298462468055,gaussian,broad
pow-g1.0,NCJG-gaussian-1d/broad,3,0.0007564709776244349,gaussian,broad
pow-g1.0,NCJG-gaussian-1d/broad,4,0.004180784374166913,gaussian,broad
pow-g1.0,NCJG-gaussian-1d/broad,5,0.0070103781116162,gaussian,broad
pow-g1.5,NCJG-gaussian-1d/broad,0,0.004778462620195212,gaussian,broad
pow-g1.5,NCJG-gaussian-1d/broad,1,0.0038262074819398473,gaussian,broad
pow-g1.5,NCJG-gaussian-1d/broad,2,0.0007997593473406672,gaussian,broad
pow-g1.5,NCJG-gaussian-1d/broad,3,0.0010072921748474073,gaussian,broad
pow-g1.5,NCJG-gaussian-1d/broad,4,0.004078117370677425,gaussian,broad
pow-g1.5,NCJG-gaussian-1d/broad,5,0.007599431349089247,gaussian,broad
pow-g2.0,NCJG-gaussian-1d/broad,0,0.005036221566870003,gaussian,broad
pow-g2.0,NCJG-gaussian-1d/broad,1,0.00325434277384129,gaussian,broad
pow-g2.0,NCJG-gaussian-1d/broad,2,0.0010757874250186816,gaussian,broad
pow-g2.0,NCJG-gaussian-1d/broad,3,0.001242337367581503,gaussian,broad
pow-g2.0,NCJG-gaussian-1d/broad,4,0.004071777443998892,gaussian,broad
pow-g2.0,NCJG-gaussian-1d/broad,5,0.008914889340246535,gaussian,broad
paper,NCJG-gaussian-1d/missing,0,0.0029011697419191185,gaussian,missing
paper,NCJG-gaussian-1d/missing,1,0.004563066857354525,gaussian,missing
paper,NCJG-gaussian-1d/missing,2,0.001048181910497048,gaussian,missing
paper,NCJG-gaussian-1d/missing,3,0.000987144898567549,gaussian,missing
paper,NCJG-gaussian-1d/missing,4,0.0027562274004109266,gaussian,missing
paper,NCJG-gaussian-1d/missing,5,0.0013927481618014603,gaussian,missing
pow-g0.0,NCJG-gaussian-1d/missing,0,0.002499086872408407,gaussian,missing
pow-g0.0,NCJG-gaussian-1d/missing,1,0.004371327031109096,gaussian,missing
pow-g0.0,NCJG-gaussian-1d/missing,2,0.0008329360723499102,gaussian,missing
pow-g0.0,NCJG-gaussian-1d/missing,3,0.001452458752323249,gaussian,missing
pow-g0.0,NCJG-gaussian-1d/missing,4,0.002702701843090849,gaussian,missing
pow-g0.0,NCJG-gaussian-1d/missing,5,0.001515207233007576,gaussian,missing
pow-g0.5,NCJG-gaussian-1d/missing,0,0.0026417090660273423,gaussian,missing
pow-g0.5,NCJG-gaussian-1d/missing,1,0.004569302493149352,gaussian,missing
pow-g0.5,NCJG-gaussian-1d/missing,2,0.0008844992300068855,gaussian,missing
pow-g0.5,NCJG-gaussian-1d/missing,3,0.0012271777158302521,gaussian,missing
pow-g0.5,NCJG-gaussian-1d/missing,4,0.002712516645740015,gaussian,missing
pow-g0.5,NCJG-gaussian-1d/missing,5,0.0013342614818145915,gaussian,missing
pow-g1.0,NCJG-gaussian-1d/missing,0,0.0029011697419191185,gaussian,missing
pow-g1.0,NCJG-gaussian-1d/missing,1,0.004563066857354525,gaussian,missing
pow-g1.0,NCJG-gaussian-1d/missing,2,0.001048181910496826,gaussian,missing
pow-g1.0,NCJG-gaussian-1d/missing,3,0.000987144898567549,gaussian,missing
pow-g1.0,NCJG-gaussian-1d/missing,4,0.0027562274004110376,gaussian,missing
pow-g1.0,NCJG-gaussian-1d/missing,5,0.0013927481618014603,gaussian,missing
pow-g1.5,NCJG-gaussian-1d/missing,0,0.003275379479463325,gaussian,missing
pow-g1.5,NCJG-gaussian-1d/missing,1,0.004371146080035637,gaussian,missing
pow-g1.5,NCJG-gaussian-1d/missing,2,0.0012438809755930258,gaussian,missing
pow-g1.5,NCJG-gaussian-1d/missing,3,0.000795498937897654,gaussian,missing
pow-g1.5,NCJG-gaussian-1d/missing,4,0.002816282319964447,gaussian,missing
pow-g1.5,NCJG-gaussian-1d/missing,5,0.0014971373671095467,gaussian,missing
pow-g2.0,NCJG-gaussian-1d/missing,0,0.003687272665305996,gaussian,missing
pow-g2.0,NCJG-gaussian-1d/missing,1,0.004078391058120023,gaussian,missing
pow-g2.0,NCJG-gaussian-1d/missing,2,0.0014971756404407177,gaussian,missing
pow-g2.0,NCJG-gaussian-1d/missing,3,0.0008212903901266833,gaussian,missing
pow-g2.0,NCJG-gaussian-1d/missing,4,0.0028872620324013054,gaussian,missing
pow-g2.0,NCJG-gaussian-1d/missing,5,0.0016374119852289315,gaussian,missing
paper,NCJG-gaussian-1d/far,0,0.009236878173804364,gaussian,far
paper,NCJG-gaussian-1d/far,1,0.005802365650486752,gaussian,far
paper,NCJG-gaussian-1d/far,2,0.0032266142207519888,gaussian,far
paper,NCJG-gaussian-1d/far,3,0.006021408504935044,gaussian,far
paper,NCJG-gaussian-1d/far,4,0.0030216954517108263,gaussian,far
paper,NCJG-gaussian-1d/far,5,0.01369436415934877,gaussian,far
pow-g0.0,NCJG-gaussian-1d/far,0,0.012967284870571527,gaussian,far
pow-g0.0,NCJG-gaussian-1d/far,1,0.0031141309966438158,gaussian,far
pow-g0.0,NCJG-gaussian-1d/far,2,0.003702592010385919,gaussian,far
pow-g0.0,NCJG-gaussian-1d/far,3,0.008399472418425091,gaussian,far
pow-g0.0,NCJG-gaussian-1d/far,4,0.005054525273081478,gaussian,far
pow-g0.0,NCJG-gaussian-1d/far,5,0.012699419413776614,gaussian,far
pow-g0.5,NCJG-gaussian-1d/far,0,0.011672264925752796,gaussian,far
pow-g0.5,NCJG-gaussian-1d/far,1,0.003424266221273009,gaussian,far
pow-g0.5,NCJG-gaussian-1d/far,2,0.007748976650141293,gaussian,far
pow-g0.5,NCJG-gaussian-1d/far,3,0.007775670620835506,gaussian,far
pow-g0.5,NCJG-gaussian-1d/far,4,0.002550556428434936,gaussian,far
pow-g0.5,NCJG-gaussian-1d/far,5,0.021941923271047936,gaussian,far
pow-g1.0,NCJG-gaussian-1d/far,0,0.009236878173804142,gaussian,far
pow-g1.0,NCJG-gaussian-1d/far,1,0.005802365650486863,gaussian,far
pow-g1.0,NCJG-gaussian-1d/far,2,0.0032266142207521,gaussian,far
pow-g1.0,NCJG-gaussian-1d/far,3,0.006021408504935044,gaussian,far
pow-g1.0,NCJG-gaussian-1d/far,4,0.0030216954517106043,gaussian,far
pow-g1.0,NCJG-gaussian-1d/far,5,0.013694364159349215,gaussian,far
pow-g1.5,NCJG-gaussian-1d/far,0,0.0025431941427913607,gaussian,far
pow-g1.5,NCJG-gaussian-1d/far,1,0.003198165322380153,gaussian,far
pow-g1.5,NCJG-gaussian-1d/far,2,0.00723846745784551,gaussian,far
pow-g1.5,NCJG-gaussian-1d/far,3,0.008138866180511184,gaussian,far
pow-g1.5,NCJG-gaussian-1d/far,4,0.0026138472630927723,gaussian,far
pow-g1.5,NCJG-gaussian-1d/far,5,0.021964464985088306,gaussian,far
pow-g2.0,NCJG-gaussian-1d/far,0,0.003075654333854372,gaussian,far
pow-g2.0,NCJG-gaussian-1d/far,1,0.003451363420480802,gaussian,far
pow-g2.0,NCJG-gaussian-1d/far,2,0.0075932734078600905,gaussian,far
pow-g2.0,NCJG-gaussian-1d/far,3,0.0062443603955726346,gaussian,far
pow-g2.0,NCJG-gaussian-1d/far,4,0.003886590149918656,gaussian,far
pow-g2.0,NCJG-gaussian-1d/far,5,0.012819307496685584,gaussian,far
paper,NCJG-gaussian-1d/concentrated,0,0.002272319063751249,gaussian,concentrated
paper,NCJG-gaussian-1d/concentrated,1,0.011447092629062738,gaussian,concentrated
paper,NCJG-gaussian-1d/concentrated,2,0.002651369643171364,gaussian,concentrated
paper,NCJG-gaussian-1d/concentrated,3,0.002543358163557774,gaussian,concentrated
paper,NCJG-gaussian-1d/concentrated,4,0.0011462422645972525,gaussian,concentrated
paper,NCJG-gaussian-1d/concentrated,5,0.0011887326171914347,gaussian,concentrated
pow-g0.0,NCJG-gaussian-1d/concentrated,0,0.0016168212429046314,gaussian,concentrated
pow-g0.0,NCJG-gaussian-1d/concentrated,1,0.011617800930726063,gaussian,concentrated
pow-g0.0,NCJG-gaussian-1d/concentrated,2,0.0024876637502714294,gaussian,concentrated
pow-g0.0,NCJG-gaussian-1d/concentrated,3,0.0026727732227729284,gaussian,concentrated
pow-g0.0,NCJG-gaussian-1d/concentrated,4,0.0015794973138536506,gaussian,concentrated
pow-g0.0,NCJG-gaussian-1d/concentrated,5,0.0012960759655942233,gaussian,concentrated
pow-g0.5,NCJG-gaussian-1d/concentrated,0,0.0019381565017581037,gaussian,concentrated
pow-g0.5,NCJG-gaussian-1d/concentrated,1,0.011579359215679097,gaussian,concentrated
pow-g0.5,NCJG-gaussian-1d/concentrated,2,0.0025968766401174292,gaussian,concentrated
pow-g0.5,NCJG-gaussian-1d/concentrated,3,0.002739538140278275,gaussian,concentrated
pow-g0.5,NCJG-gaussian-1d/concentrated,4,0.0014187750014598155,gaussian,concentrated
pow-g0.5,NCJG-gaussian-1d/concentrated,5,0.0012197804485879482,gaussian,concentrated
pow-g1.0,NCJG-gaussian-1d/concentrated,0,0.002272319063751249,gaussian,concentrated
pow-g1.0,NCJG-gaussian-1d/concentrated,1,0.011447092629062738,gaussian,concentrated
pow-g1.0,NCJG-gaussian-1d/concentrated,2,0.002651369643171364,gaussian,concentrated
pow-g1.0,NCJG-gaussian-1d/concentrated,3,0.002543358163557663,gaussian,concentrated
pow-g1.0,NCJG-gaussian-1d/concentrated,4,0.0011462422645973636,gaussian,concentrated
pow-g1.0,NCJG-gaussian-1d/concentrated,5,0.0011887326171915458,gaussian,concentrated
pow-g1.5,NCJG-gaussian-1d/concentrated,0,0.002726836088512541,gaussian,concentrated
pow-g1.5,NCJG-gaussian-1d/concentrated,1,0.011298125528164893,gaussian,concentrated
pow-g1.5,NCJG-gaussian-1d/concentrated,2,0.002644206212931821,gaussian,concentrated
pow-g1.5,NCJG-gaussian-1d/concentrated,3,0.0020325320538856495,gaussian,concentrated
pow-g1.5,NCJG-gaussian-1d/concentrated,4,0.0010232135363479333,gaussian,concentrated
pow-g1.5,NCJG-gaussian-1d/concentrated,5,0.0011789250337083113,gaussian,concentrated
pow-g2.0,NCJG-gaussian-1d/concentrated,0,0.0033042884852959586,gaussian,concentrated
pow-g2.0,NCJG-gaussian-1d/concentrated,1,0.011163447988325248,gaussian,concentrated
pow-g2.0,NCJG-gaussian-1d/concentrated,2,0.002578308511218763,gaussian,concentrated
pow-g2.0,NCJG-gaussian-1d/concentrated,3,0.0017588460590283184,gaussian,concentrated
pow-g2.0,NCJG-gaussian-1d/concentrated,4,0.001026457713863671,gaussian,concentrated
pow-g2.0,NCJG-gaussian-1d/concentrated,5,0.0012170824098902688,gaussian,concentrated
paper,NCJG-gmix-1d-K4-uneq/broad,0,0.010243529535802542,gauss_mixture,broad
paper,NCJG-gmix-1d-K4-uneq/broad,1,0.017318821945734086,gauss_mixture,broad
paper,NCJG-gmix-1d-K4-uneq/broad,2,0.007138672063380369,gauss_mixture,broad
paper,NCJG-gmix-1d-K4-uneq/broad,3,0.007329831565376921,gauss_mixture,broad
paper,NCJG-gmix-1d-K4-uneq/broad,4,0.010329108304102386,gauss_mixture,broad
paper,NCJG-gmix-1d-K4-uneq/broad,5,0.006888660206358477,gauss_mixture,broad
pow-g0.0,NCJG-gmix-1d-K4-uneq/broad,0,0.009261897938955377,gauss_mixture,broad
pow-g0.0,NCJG-gmix-1d-K4-uneq/broad,1,0.0184963733657042,gauss_mixture,broad
pow-g0.0,NCJG-gmix-1d-K4-uneq/broad,2,0.006779278407418099,gauss_mixture,broad
pow-g0.0,NCJG-gmix-1d-K4-uneq/broad,3,0.006634524903450512,gauss_mixture,broad
pow-g0.0,NCJG-gmix-1d-K4-uneq/broad,4,0.015241256867704056,gauss_mixture,broad
pow-g0.0,NCJG-gmix-1d-K4-uneq/broad,5,0.005770389605577186,gauss_mixture,broad
pow-g0.5,NCJG-gmix-1d-K4-uneq/broad,0,0.009630203068330623,gauss_mixture,broad
pow-g0.5,NCJG-gmix-1d-K4-uneq/broad,1,0.017560709503646965,gauss_mixture,broad
pow-g0.5,NCJG-gmix-1d-K4-uneq/broad,2,0.00685622942235975,gauss_mixture,broad
pow-g0.5,NCJG-gmix-1d-K4-uneq/broad,3,0.007107232491030846,gauss_mixture,broad
pow-g0.5,NCJG-gmix-1d-K4-uneq/broad,4,0.011006301127292284,gauss_mixture,broad
pow-g0.5,NCJG-gmix-1d-K4-uneq/broad,5,0.006189169006916462,gauss_mixture,broad
pow-g1.0,NCJG-gmix-1d-K4-uneq/broad,0,0.010243529535802098,gauss_mixture,broad
pow-g1.0,NCJG-gmix-1d-K4-uneq/broad,1,0.017318821945733642,gauss_mixture,broad
pow-g1.0,NCJG-gmix-1d-K4-uneq/broad,2,0.007138672063380813,gauss_mixture,broad
pow-g1.0,NCJG-gmix-1d-K4-uneq/broad,3,0.007329831565377143,gauss_mixture,broad
pow-g1.0,NCJG-gmix-1d-K4-uneq/broad,4,0.010329108304102386,gauss_mixture,broad
pow-g1.0,NCJG-gmix-1d-K4-uneq/broad,5,0.006888660206357811,gauss_mixture,broad
pow-g1.5,NCJG-gmix-1d-K4-uneq/broad,0,0.01104576988256678,gauss_mixture,broad
pow-g1.5,NCJG-gmix-1d-K4-uneq/broad,1,0.01648786367046373,gauss_mixture,broad
pow-g1.5,NCJG-gmix-1d-K4-uneq/broad,2,0.006215463184750858,gauss_mixture,broad
pow-g1.5,NCJG-gmix-1d-K4-uneq/broad,3,0.007538106500575292,gauss_mixture,broad
pow-g1.5,NCJG-gmix-1d-K4-uneq/broad,4,0.010444379690948802,gauss_mixture,broad
pow-g1.5,NCJG-gmix-1d-K4-uneq/broad,5,0.006790004466377786,gauss_mixture,broad
pow-g2.0,NCJG-gmix-1d-K4-uneq/broad,0,0.012122027758394882,gauss_mixture,broad
pow-g2.0,NCJG-gmix-1d-K4-uneq/broad,1,0.016070582779753373,gauss_mixture,broad
pow-g2.0,NCJG-gmix-1d-K4-uneq/broad,2,0.006458394617508523,gauss_mixture,broad
pow-g2.0,NCJG-gmix-1d-K4-uneq/broad,3,0.0077678873556561445,gauss_mixture,broad
pow-g2.0,NCJG-gmix-1d-K4-uneq/broad,4,0.0073121734387986415,gauss_mixture,broad
pow-g2.0,NCJG-gmix-1d-K4-uneq/broad,5,0.007288260456095541,gauss_mixture,broad
paper,NCJG-gmix-1d-K4-uneq/missing,0,0.005334261267440965,gauss_mixture,missing
paper,NCJG-gmix-1d-K4-uneq/missing,1,0.015743365132360854,gauss_mixture,missing
paper,NCJG-gmix-1d-K4-uneq/missing,2,0.011901543983266372,gauss_mixture,missing
paper,NCJG-gmix-1d-K4-uneq/missing,3,0.006647926262821624,gauss_mixture,missing
paper,NCJG-gmix-1d-K4-uneq/missing,4,0.007043324647193705,gauss_mixture,missing
paper,NCJG-gmix-1d-K4-uneq/missing,5,0.007632695779714371,gauss_mixture,missing
pow-g0.0,NCJG-gmix-1d-K4-uneq/missing,0,0.007090221711684386,gauss_mixture,missing
pow-g0.0,NCJG-gmix-1d-K4-uneq/missing,1,0.02077993599283401,gauss_mixture,missing
pow-g0.0,NCJG-gmix-1d-K4-uneq/missing,2,0.012932238384410155,gauss_mixture,missing
pow-g0.0,NCJG-gmix-1d-K4-uneq/missing,3,0.006595005535864118,gauss_mixture,missing
pow-g0.0,NCJG-gmix-1d-K4-uneq/missing,4,0.0072692391569151305,gauss_mixture,missing
pow-g0.0,NCJG-gmix-1d-K4-uneq/missing,5,0.008078128485593972,gauss_mixture,missing
pow-g0.5,NCJG-gmix-1d-K4-uneq/missing,0,0.007709013405646781,gauss_mixture,missing
pow-g0.5,NCJG-gmix-1d-K4-uneq/missing,1,0.01656976703208901,gauss_mixture,missing
pow-g0.5,NCJG-gmix-1d-K4-uneq/missing,2,0.012843667027370609,gauss_mixture,missing
pow-g0.5,NCJG-gmix-1d-K4-uneq/missing,3,0.0066799435669948615,gauss_mixture,missing
pow-g0.5,NCJG-gmix-1d-K4-uneq/missing,4,0.00716258883078269,gauss_mixture,missing
pow-g0.5,NCJG-gmix-1d-K4-uneq/missing,5,0.006498659000092832,gauss_mixture,missing
pow-g1.0,NCJG-gmix-1d-K4-uneq/missing,0,0.005334261267440965,gauss_mixture,missing
pow-g1.0,NCJG-gmix-1d-K4-uneq/missing,1,0.01574336513236041,gauss_mixture,missing
pow-g1.0,NCJG-gmix-1d-K4-uneq/missing,2,0.011901543983266594,gauss_mixture,missing
pow-g1.0,NCJG-gmix-1d-K4-uneq/missing,3,0.006647926262821624,gauss_mixture,missing
pow-g1.0,NCJG-gmix-1d-K4-uneq/missing,4,0.007043324647193705,gauss_mixture,missing
pow-g1.0,NCJG-gmix-1d-K4-uneq/missing,5,0.007632695779714593,gauss_mixture,missing
pow-g1.5,NCJG-gmix-1d-K4-uneq/missing,0,0.008849644906741894,gauss_mixture,missing
pow-g1.5,NCJG-gmix-1d-K4-uneq/missing,1,0.014084841244816682,gauss_mixture,missing
pow-g1.5,NCJG-gmix-1d-K4-uneq/missing,2,0.008719207503189441,gauss_mixture,missing
pow-g1.5,NCJG-gmix-1d-K4-uneq/missing,3,0.006727557259449846,gauss_mixture,missing
pow-g1.5,NCJG-gmix-1d-K4-uneq/missing,4,0.0073033886346498544,gauss_mixture,missing
pow-g1.5,NCJG-gmix-1d-K4-uneq/missing,5,0.005991988232708412,gauss_mixture,missing
pow-g2.0,NCJG-gmix-1d-K4-uneq/missing,0,0.007740052641062478,gauss_mixture,missing
pow-g2.0,NCJG-gmix-1d-K4-uneq/missing,1,0.013772898705901149,gauss_mixture,missing
pow-g2.0,NCJG-gmix-1d-K4-uneq/missing,2,0.009334031716206947,gauss_mixture,missing
pow-g2.0,NCJG-gmix-1d-K4-uneq/missing,3,0.0069428968626241705,gauss_mixture,missing
pow-g2.0,NCJG-gmix-1d-K4-uneq/missing,4,0.007475747526238141,gauss_mixture,missing
pow-g2.0,NCJG-gmix-1d-K4-uneq/missing,5,0.006180728354732823,gauss_mixture,missing
paper,NCJG-gmix-1d-K4-uneq/far,0,0.005036233041193272,gauss_mixture,far
paper,NCJG-gmix-1d-K4-uneq/far,1,0.007714737115007253,gauss_mixture,far
paper,NCJG-gmix-1d-K4-uneq/far,2,0.008931488340247373,gauss_mixture,far
paper,NCJG-gmix-1d-K4-uneq/far,3,0.0216328966030368,gauss_mixture,far
paper,NCJG-gmix-1d-K4-uneq/far,4,0.008792377044102073,gauss_mixture,far
paper,NCJG-gmix-1d-K4-uneq/far,5,0.007227774652692309,gauss_mixture,far
pow-g0.0,NCJG-gmix-1d-K4-uneq/far,0,0.01233065486123186,gauss_mixture,far
pow-g0.0,NCJG-gmix-1d-K4-uneq/far,1,0.009280607197206692,gauss_mixture,far
pow-g0.0,NCJG-gmix-1d-K4-uneq/far,2,0.030248897990991175,gauss_mixture,far
pow-g0.0,NCJG-gmix-1d-K4-uneq/far,3,0.013081668846197658,gauss_mixture,far
pow-g0.0,NCJG-gmix-1d-K4-uneq/far,4,0.008120634478782307,gauss_mixture,far
pow-g0.0,NCJG-gmix-1d-K4-uneq/far,5,0.01576352838482631,gauss_mixture,far
pow-g0.5,NCJG-gmix-1d-K4-uneq/far,0,0.006169093284536631,gauss_mixture,far
pow-g0.5,NCJG-gmix-1d-K4-uneq/far,1,0.005920522800995531,gauss_mixture,far
pow-g0.5,NCJG-gmix-1d-K4-uneq/far,2,0.00968244939963725,gauss_mixture,far
pow-g0.5,NCJG-gmix-1d-K4-uneq/far,3,0.007959370707308455,gauss_mixture,far
pow-g0.5,NCJG-gmix-1d-K4-uneq/far,4,0.012304201915726676,gauss_mixture,far
pow-g0.5,NCJG-gmix-1d-K4-uneq/far,5,0.012314898181150946,gauss_mixture,far
pow-g1.0,NCJG-gmix-1d-K4-uneq/far,0,0.005036233041193494,gauss_mixture,far
pow-g1.0,NCJG-gmix-1d-K4-uneq/far,1,0.007714737115007253,gauss_mixture,far
pow-g1.0,NCJG-gmix-1d-K4-uneq/far,2,0.008931488340247817,gauss_mixture,far
pow-g1.0,NCJG-gmix-1d-K4-uneq/far,3,0.0216328966030368,gauss_mixture,far
pow-g1.0,NCJG-gmix-1d-K4-uneq/far,4,0.008792377044102295,gauss_mixture,far
pow-g1.0,NCJG-gmix-1d-K4-uneq/far,5,0.007227774652692309,gauss_mixture,far
pow-g1.5,NCJG-gmix-1d-K4-uneq/far,0,0.005262982635751978,gauss_mixture,far
pow-g1.5,NCJG-gmix-1d-K4-uneq/far,1,0.011128220486046114,gauss_mixture,far
pow-g1.5,NCJG-gmix-1d-K4-uneq/far,2,0.006950550883267459,gauss_mixture,far
pow-g1.5,NCJG-gmix-1d-K4-uneq/far,3,0.015269471603381657,gauss_mixture,far
pow-g1.5,NCJG-gmix-1d-K4-uneq/far,4,0.0050960407360320925,gauss_mixture,far
pow-g1.5,NCJG-gmix-1d-K4-uneq/far,5,0.007322975997386072,gauss_mixture,far
pow-g2.0,NCJG-gmix-1d-K4-uneq/far,0,0.005764837278944945,gauss_mixture,far
pow-g2.0,NCJG-gmix-1d-K4-uneq/far,1,0.0057921874266011475,gauss_mixture,far
pow-g2.0,NCJG-gmix-1d-K4-uneq/far,2,0.006261196522084456,gauss_mixture,far
pow-g2.0,NCJG-gmix-1d-K4-uneq/far,3,0.016370073851844857,gauss_mixture,far
pow-g2.0,NCJG-gmix-1d-K4-uneq/far,4,0.005761999807325724,gauss_mixture,far
pow-g2.0,NCJG-gmix-1d-K4-uneq/far,5,0.006959879645396239,gauss_mixture,far
paper,NCJG-gmix-1d-K4-uneq/concentrated,0,0.005860163361171233,gauss_mixture,concentrated
paper,NCJG-gmix-1d-K4-uneq/concentrated,1,0.008585749004132781,gauss_mixture,concentrated
paper,NCJG-gmix-1d-K4-uneq/concentrated,2,0.005386976645932684,gauss_mixture,concentrated
paper,NCJG-gmix-1d-K4-uneq/concentrated,3,0.013063239730274123,gauss_mixture,concentrated
paper,NCJG-gmix-1d-K4-uneq/concentrated,4,0.005963840956529243,gauss_mixture,concentrated
paper,NCJG-gmix-1d-K4-uneq/concentrated,5,0.006669949822270871,gauss_mixture,concentrated
pow-g0.0,NCJG-gmix-1d-K4-uneq/concentrated,0,0.006147416520048354,gauss_mixture,concentrated
pow-g0.0,NCJG-gmix-1d-K4-uneq/concentrated,1,0.008572738419419412,gauss_mixture,concentrated
pow-g0.0,NCJG-gmix-1d-K4-uneq/concentrated,2,0.005593559599854636,gauss_mixture,concentrated
pow-g0.0,NCJG-gmix-1d-K4-uneq/concentrated,3,0.013982117291684748,gauss_mixture,concentrated
pow-g0.0,NCJG-gmix-1d-K4-uneq/concentrated,4,0.005493373513875799,gauss_mixture,concentrated
pow-g0.0,NCJG-gmix-1d-K4-uneq/concentrated,5,0.007912328047688932,gauss_mixture,concentrated
pow-g0.5,NCJG-gmix-1d-K4-uneq/concentrated,0,0.006006355623650039,gauss_mixture,concentrated
pow-g0.5,NCJG-gmix-1d-K4-uneq/concentrated,1,0.00832583529275599,gauss_mixture,concentrated
pow-g0.5,NCJG-gmix-1d-K4-uneq/concentrated,2,0.005464083246169871,gauss_mixture,concentrated
pow-g0.5,NCJG-gmix-1d-K4-uneq/concentrated,3,0.013495166219735122,gauss_mixture,concentrated
pow-g0.5,NCJG-gmix-1d-K4-uneq/concentrated,4,0.005670374273983425,gauss_mixture,concentrated
pow-g0.5,NCJG-gmix-1d-K4-uneq/concentrated,5,0.007255034531598037,gauss_mixture,concentrated
pow-g1.0,NCJG-gmix-1d-K4-uneq/concentrated,0,0.005860163361171455,gauss_mixture,concentrated
pow-g1.0,NCJG-gmix-1d-K4-uneq/concentrated,1,0.008585749004132559,gauss_mixture,concentrated
pow-g1.0,NCJG-gmix-1d-K4-uneq/concentrated,2,0.005386976645932684,gauss_mixture,concentrated
pow-g1.0,NCJG-gmix-1d-K4-uneq/concentrated,3,0.013063239730274123,gauss_mixture,concentrated
pow-g1.0,NCJG-gmix-1d-K4-uneq/concentrated,4,0.005963840956529243,gauss_mixture,concentrated
pow-g1.0,NCJG-gmix-1d-K4-uneq/concentrated,5,0.006669949822270871,gauss_mixture,concentrated
pow-g1.5,NCJG-gmix-1d-K4-uneq/concentrated,0,0.005681033297916693,gauss_mixture,concentrated
pow-g1.5,NCJG-gmix-1d-K4-uneq/concentrated,1,0.008531432280811657,gauss_mixture,concentrated
pow-g1.5,NCJG-gmix-1d-K4-uneq/concentrated,2,0.005589278623268079,gauss_mixture,concentrated
pow-g1.5,NCJG-gmix-1d-K4-uneq/concentrated,3,0.012561887192374499,gauss_mixture,concentrated
pow-g1.5,NCJG-gmix-1d-K4-uneq/concentrated,4,0.006355841667907702,gauss_mixture,concentrated
pow-g1.5,NCJG-gmix-1d-K4-uneq/concentrated,5,0.006230033142365032,gauss_mixture,concentrated
pow-g2.0,NCJG-gmix-1d-K4-uneq/concentrated,0,0.005580282015413607,gauss_mixture,concentrated
pow-g2.0,NCJG-gmix-1d-K4-uneq/concentrated,1,0.0096284548028569,gauss_mixture,concentrated
pow-g2.0,NCJG-gmix-1d-K4-uneq/concentrated,2,0.0056361174856933705,gauss_mixture,concentrated
pow-g2.0,NCJG-gmix-1d-K4-uneq/concentrated,3,0.012146031600022589,gauss_mixture,concentrated
pow-g2.0,NCJG-gmix-1d-K4-uneq/concentrated,4,0.006834600951422187,gauss_mixture,concentrated
pow-g2.0,NCJG-gmix-1d-K4-uneq/concentrated,5,0.005877062972093672,gauss_mixture,concentrated
paper,NCJG-gmix-2d-K5-uneq/broad,0,0.009876238155800854,gauss_mixture,broad
paper,NCJG-gmix-2d-K5-uneq/broad,1,0.009473815877700131,gauss_mixture,broad
paper,NCJG-gmix-2d-K5-uneq/broad,2,0.010059648369156404,gauss_mixture,broad
paper,NCJG-gmix-2d-K5-uneq/broad,3,0.014149413217733331,gauss_mixture,broad
paper,NCJG-gmix-2d-K5-uneq/broad,4,0.012538042912053626,gauss_mixture,broad
paper,NCJG-gmix-2d-K5-uneq/broad,5,0.0077137469101165035,gauss_mixture,broad
pow-g0.0,NCJG-gmix-2d-K5-uneq/broad,0,0.010044180578759665,gauss_mixture,broad
pow-g0.0,NCJG-gmix-2d-K5-uneq/broad,1,0.010589170263347158,gauss_mixture,broad
pow-g0.0,NCJG-gmix-2d-K5-uneq/broad,2,0.010419652728523854,gauss_mixture,broad
pow-g0.0,NCJG-gmix-2d-K5-uneq/broad,3,0.0148155801991805,gauss_mixture,broad
pow-g0.0,NCJG-gmix-2d-K5-uneq/broad,4,0.014455275253914657,gauss_mixture,broad
pow-g0.0,NCJG-gmix-2d-K5-uneq/broad,5,0.009390701430898485,gauss_mixture,broad
pow-g0.5,NCJG-gmix-2d-K5-uneq/broad,0,0.009981636926511772,gauss_mixture,broad
pow-g0.5,NCJG-gmix-2d-K5-uneq/broad,1,0.009992886549601954,gauss_mixture,broad
pow-g0.5,NCJG-gmix-2d-K5-uneq/broad,2,0.010195685998119819,gauss_mixture,broad
pow-g0.5,NCJG-gmix-2d-K5-uneq/broad,3,0.014435468127559359,gauss_mixture,broad
pow-g0.5,NCJG-gmix-2d-K5-uneq/broad,4,0.013867131969639068,gauss_mixture,broad
pow-g0.5,NCJG-gmix-2d-K5-uneq/broad,5,0.008370346406098017,gauss_mixture,broad
pow-g1.0,NCJG-gmix-2d-K5-uneq/broad,0,0.009876238155800632,gauss_mixture,broad
pow-g1.0,NCJG-gmix-2d-K5-uneq/broad,1,0.009473815877700353,gauss_mixture,broad
pow-g1.0,NCJG-gmix-2d-K5-uneq/broad,2,0.01005964836915596,gauss_mixture,broad
pow-g1.0,NCJG-gmix-2d-K5-uneq/broad,3,0.014149413217733553,gauss_mixture,broad
pow-g1.0,NCJG-gmix-2d-K5-uneq/broad,4,0.012538042912053848,gauss_mixture,broad
pow-g1.0,NCJG-gmix-2d-K5-uneq/broad,5,0.0077137469101165035,gauss_mixture,broad
pow-g1.5,NCJG-gmix-2d-K5-uneq/broad,0,0.009780800762329456,gauss_mixture,broad
pow-g1.5,NCJG-gmix-2d-K5-uneq/broad,1,0.009080964368908706,gauss_mixture,broad
pow-g1.5,NCJG-gmix-2d-K5-uneq/broad,2,0.0100382496447875,gauss_mixture,broad
pow-g1.5,NCJG-gmix-2d-K5-uneq/broad,3,0.014004415206204879,gauss_mixture,broad
pow-g1.5,NCJG-gmix-2d-K5-uneq/broad,4,0.011389896232114838,gauss_mixture,broad
pow-g1.5,NCJG-gmix-2d-K5-uneq/broad,5,0.0074567273114016785,gauss_mixture,broad
pow-g2.0,NCJG-gmix-2d-K5-uneq/broad,0,0.009811748405043286,gauss_mixture,broad
pow-g2.0,NCJG-gmix-2d-K5-uneq/broad,1,0.008903964964883215,gauss_mixture,broad
pow-g2.0,NCJG-gmix-2d-K5-uneq/broad,2,0.010066531902144016,gauss_mixture,broad
pow-g2.0,NCJG-gmix-2d-K5-uneq/broad,3,0.01404489603656267,gauss_mixture,broad
pow-g2.0,NCJG-gmix-2d-K5-uneq/broad,4,0.010585703658473555,gauss_mixture,broad
pow-g2.0,NCJG-gmix-2d-K5-uneq/broad,5,0.00719413249720624,gauss_mixture,broad
paper,NCJG-gmix-2d-K5-uneq/missing,0,0.019083729306956787,gauss_mixture,missing
paper,NCJG-gmix-2d-K5-uneq/missing,1,0.015359191196304023,gauss_mixture,missing
paper,NCJG-gmix-2d-K5-uneq/missing,2,0.01540506900957106,gauss_mixture,missing
paper,NCJG-gmix-2d-K5-uneq/missing,3,0.012488187975639775,gauss_mixture,missing
paper,NCJG-gmix-2d-K5-uneq/missing,4,0.013551063787861528,gauss_mixture,missing
paper,NCJG-gmix-2d-K5-uneq/missing,5,0.006139114788980438,gauss_mixture,missing
pow-g0.0,NCJG-gmix-2d-K5-uneq/missing,0,0.020434743767407948,gauss_mixture,missing
pow-g0.0,NCJG-gmix-2d-K5-uneq/missing,1,0.010946877449183212,gauss_mixture,missing
pow-g0.0,NCJG-gmix-2d-K5-uneq/missing,2,0.009781496691469993,gauss_mixture,missing
pow-g0.0,NCJG-gmix-2d-K5-uneq/missing,3,0.016356505579409708,gauss_mixture,missing
pow-g0.0,NCJG-gmix-2d-K5-uneq/missing,4,0.01385795903146625,gauss_mixture,missing
pow-g0.0,NCJG-gmix-2d-K5-uneq/missing,5,0.005369662741515402,gauss_mixture,missing
pow-g0.5,NCJG-gmix-2d-K5-uneq/missing,0,0.02092122196325441,gauss_mixture,missing
pow-g0.5,NCJG-gmix-2d-K5-uneq/missing,1,0.012150304514442434,gauss_mixture,missing
pow-g0.5,NCJG-gmix-2d-K5-uneq/missing,2,0.009153831022004955,gauss_mixture,missing
pow-g0.5,NCJG-gmix-2d-K5-uneq/missing,3,0.013167892575678852,gauss_mixture,missing
pow-g0.5,NCJG-gmix-2d-K5-uneq/missing,4,0.01359711878432912,gauss_mixture,missing
pow-g0.5,NCJG-gmix-2d-K5-uneq/missing,5,0.006425701501640013,gauss_mixture,missing
pow-g1.0,NCJG-gmix-2d-K5-uneq/missing,0,0.01908372930695723,gauss_mixture,missing
pow-g1.0,NCJG-gmix-2d-K5-uneq/missing,1,0.015359191196304023,gauss_mixture,missing
pow-g1.0,NCJG-gmix-2d-K5-uneq/missing,2,0.015405069009571504,gauss_mixture,missing
pow-g1.0,NCJG-gmix-2d-K5-uneq/missing,3,0.012488187975639775,gauss_mixture,missing
pow-g1.0,NCJG-gmix-2d-K5-uneq/missing,4,0.013551063787861528,gauss_mixture,missing
pow-g1.0,NCJG-gmix-2d-K5-uneq/missing,5,0.006139114788980882,gauss_mixture,missing
pow-g1.5,NCJG-gmix-2d-K5-uneq/missing,0,0.016281751502444042,gauss_mixture,missing
pow-g1.5,NCJG-gmix-2d-K5-uneq/missing,1,0.015397087228375295,gauss_mixture,missing
pow-g1.5,NCJG-gmix-2d-K5-uneq/missing,2,0.014227817114462304,gauss_mixture,missing
pow-g1.5,NCJG-gmix-2d-K5-uneq/missing,3,0.010660575602592592,gauss_mixture,missing
pow-g1.5,NCJG-gmix-2d-K5-uneq/missing,4,0.01328097897127356,gauss_mixture,missing
pow-g1.5,NCJG-gmix-2d-K5-uneq/missing,5,0.006301629932018882,gauss_mixture,missing
pow-g2.0,NCJG-gmix-2d-K5-uneq/missing,0,0.014433126747775527,gauss_mixture,missing
pow-g2.0,NCJG-gmix-2d-K5-uneq/missing,1,0.01662966717388059,gauss_mixture,missing
pow-g2.0,NCJG-gmix-2d-K5-uneq/missing,2,0.014159802828800583,gauss_mixture,missing
pow-g2.0,NCJG-gmix-2d-K5-uneq/missing,3,0.009374886625738599,gauss_mixture,missing
pow-g2.0,NCJG-gmix-2d-K5-uneq/missing,4,0.013995889559439423,gauss_mixture,missing
pow-g2.0,NCJG-gmix-2d-K5-uneq/missing,5,0.006141790081158227,gauss_mixture,missing
paper,NCJG-gmix-2d-K5-uneq/far,0,0.007567270168771012,gauss_mixture,far
paper,NCJG-gmix-2d-K5-uneq/far,1,0.008153052448389486,gauss_mixture,far
paper,NCJG-gmix-2d-K5-uneq/far,2,0.01102206038133291,gauss_mixture,far
paper,NCJG-gmix-2d-K5-uneq/far,3,0.00923100595490256,gauss_mixture,far
paper,NCJG-gmix-2d-K5-uneq/far,4,0.006338584621529586,gauss_mixture,far
paper,NCJG-gmix-2d-K5-uneq/far,5,0.007402675840788575,gauss_mixture,far
pow-g0.0,NCJG-gmix-2d-K5-uneq/far,0,0.017807129945331512,gauss_mixture,far
pow-g0.0,NCJG-gmix-2d-K5-uneq/far,1,0.01375877503786227,gauss_mixture,far
pow-g0.0,NCJG-gmix-2d-K5-uneq/far,2,0.018666045316517277,gauss_mixture,far
pow-g0.0,NCJG-gmix-2d-K5-uneq/far,3,0.010347722971517648,gauss_mixture,far
pow-g0.0,NCJG-gmix-2d-K5-uneq/far,4,0.010465757915170126,gauss_mixture,far
pow-g0.0,NCJG-gmix-2d-K5-uneq/far,5,0.015111574119822446,gauss_mixture,far
pow-g0.5,NCJG-gmix-2d-K5-uneq/far,0,0.009940621726640675,gauss_mixture,far
pow-g0.5,NCJG-gmix-2d-K5-uneq/far,1,0.0062812574286401635,gauss_mixture,far
pow-g0.5,NCJG-gmix-2d-K5-uneq/far,2,0.011555890189406393,gauss_mixture,far
pow-g0.5,NCJG-gmix-2d-K5-uneq/far,3,0.011370906147735393,gauss_mixture,far
pow-g0.5,NCJG-gmix-2d-K5-uneq/far,4,0.00673156986469281,gauss_mixture,far
pow-g0.5,NCJG-gmix-2d-K5-uneq/far,5,0.007677610704059479,gauss_mixture,far
pow-g1.0,NCJG-gmix-2d-K5-uneq/far,0,0.007567270168771234,gauss_mixture,far
pow-g1.0,NCJG-gmix-2d-K5-uneq/far,1,0.008153052448389264,gauss_mixture,far
pow-g1.0,NCJG-gmix-2d-K5-uneq/far,2,0.011022060381333354,gauss_mixture,far
pow-g1.0,NCJG-gmix-2d-K5-uneq/far,3,0.009231005954902338,gauss_mixture,far
pow-g1.0,NCJG-gmix-2d-K5-uneq/far,4,0.006338584621529808,gauss_mixture,far
pow-g1.0,NCJG-gmix-2d-K5-uneq/far,5,0.007402675840788353,gauss_mixture,far
pow-g1.5,NCJG-gmix-2d-K5-uneq/far,0,0.006268121373525393,gauss_mixture,far
pow-g1.5,NCJG-gmix-2d-K5-uneq/far,1,0.006343558524398718,gauss_mixture,far
pow-g1.5,NCJG-gmix-2d-K5-uneq/far,2,0.010955358645366342,gauss_mixture,far
pow-g1.5,NCJG-gmix-2d-K5-uneq/far,3,0.008157633692680744,gauss_mixture,far
pow-g1.5,NCJG-gmix-2d-K5-uneq/far,4,0.007866642204119145,gauss_mixture,far
pow-g1.5,NCJG-gmix-2d-K5-uneq/far,5,0.006648146398755106,gauss_mixture,far
pow-g2.0,NCJG-gmix-2d-K5-uneq/far,0,0.006920737648231645,gauss_mixture,far
pow-g2.0,NCJG-gmix-2d-K5-uneq/far,1,0.005920379880127502,gauss_mixture,far
pow-g2.0,NCJG-gmix-2d-K5-uneq/far,2,0.010040773373095835,gauss_mixture,far
pow-g2.0,NCJG-gmix-2d-K5-uneq/far,3,0.009668308104238132,gauss_mixture,far
pow-g2.0,NCJG-gmix-2d-K5-uneq/far,4,0.007499901649409946,gauss_mixture,far
pow-g2.0,NCJG-gmix-2d-K5-uneq/far,5,0.007696063548123799,gauss_mixture,far
paper,NCJG-gmix-2d-K5-uneq/concentrated,0,0.006264067621564617,gauss_mixture,concentrated
paper,NCJG-gmix-2d-K5-uneq/concentrated,1,0.010480271501144722,gauss_mixture,concentrated
paper,NCJG-gmix-2d-K5-uneq/concentrated,2,0.011170283367044398,gauss_mixture,concentrated
paper,NCJG-gmix-2d-K5-uneq/concentrated,3,0.007584297556909814,gauss_mixture,concentrated
paper,NCJG-gmix-2d-K5-uneq/concentrated,4,0.005353377081968924,gauss_mixture,concentrated
paper,NCJG-gmix-2d-K5-uneq/concentrated,5,0.007720059979125393,gauss_mixture,concentrated
pow-g0.0,NCJG-gmix-2d-K5-uneq/concentrated,0,0.006009497749711823,gauss_mixture,concentrated
pow-g0.0,NCJG-gmix-2d-K5-uneq/concentrated,1,0.011060040978556618,gauss_mixture,concentrated
pow-g0.0,NCJG-gmix-2d-K5-uneq/concentrated,2,0.009864708835236602,gauss_mixture,concentrated
pow-g0.0,NCJG-gmix-2d-K5-uneq/concentrated,3,0.008070692972575788,gauss_mixture,concentrated
pow-g0.0,NCJG-gmix-2d-K5-uneq/concentrated,4,0.0054241620892701015,gauss_mixture,concentrated
pow-g0.0,NCJG-gmix-2d-K5-uneq/concentrated,5,0.007761469909097984,gauss_mixture,concentrated
pow-g0.5,NCJG-gmix-2d-K5-uneq/concentrated,0,0.006111383730051045,gauss_mixture,concentrated
pow-g0.5,NCJG-gmix-2d-K5-uneq/concentrated,1,0.010788019063487031,gauss_mixture,concentrated
pow-g0.5,NCJG-gmix-2d-K5-uneq/concentrated,2,0.010301593421131017,gauss_mixture,concentrated
pow-g0.5,NCJG-gmix-2d-K5-uneq/concentrated,3,0.007853149772787393,gauss_mixture,concentrated
pow-g0.5,NCJG-gmix-2d-K5-uneq/concentrated,4,0.005381924975001118,gauss_mixture,concentrated
pow-g0.5,NCJG-gmix-2d-K5-uneq/concentrated,5,0.007718232799362124,gauss_mixture,concentrated
pow-g1.0,NCJG-gmix-2d-K5-uneq/concentrated,0,0.006264067621564617,gauss_mixture,concentrated
pow-g1.0,NCJG-gmix-2d-K5-uneq/concentrated,1,0.010480271501144722,gauss_mixture,concentrated
pow-g1.0,NCJG-gmix-2d-K5-uneq/concentrated,2,0.011170283367044398,gauss_mixture,concentrated
pow-g1.0,NCJG-gmix-2d-K5-uneq/concentrated,3,0.007584297556909814,gauss_mixture,concentrated
pow-g1.0,NCJG-gmix-2d-K5-uneq/concentrated,4,0.005353377081968924,gauss_mixture,concentrated
pow-g1.0,NCJG-gmix-2d-K5-uneq/concentrated,5,0.007720059979125393,gauss_mixture,concentrated
pow-g1.5,NCJG-gmix-2d-K5-uneq/concentrated,0,0.006283108933002435,gauss_mixture,concentrated
pow-g1.5,NCJG-gmix-2d-K5-uneq/concentrated,1,0.010257489951269516,gauss_mixture,concentrated
pow-g1.5,NCJG-gmix-2d-K5-uneq/concentrated,2,0.012295802751561169,gauss_mixture,concentrated
pow-g1.5,NCJG-gmix-2d-K5-uneq/concentrated,3,0.007290754675909117,gauss_mixture,concentrated
pow-g1.5,NCJG-gmix-2d-K5-uneq/concentrated,4,0.005391964851460429,gauss_mixture,concentrated
pow-g1.5,NCJG-gmix-2d-K5-uneq/concentrated,5,0.007746944235295539,gauss_mixture,concentrated
pow-g2.0,NCJG-gmix-2d-K5-uneq/concentrated,0,0.006491045854567057,gauss_mixture,concentrated
pow-g2.0,NCJG-gmix-2d-K5-uneq/concentrated,1,0.010030253356877461,gauss_mixture,concentrated
pow-g2.0,NCJG-gmix-2d-K5-uneq/concentrated,2,0.013644721560485573,gauss_mixture,concentrated
pow-g2.0,NCJG-gmix-2d-K5-uneq/concentrated,3,0.007020964919578931,gauss_mixture,concentrated
pow-g2.0,NCJG-gmix-2d-K5-uneq/concentrated,4,0.005538130850726963,gauss_mixture,concentrated
pow-g2.0,NCJG-gmix-2d-K5-uneq/concentrated,5,0.007792079937491314,gauss_mixture,concentrated
paper,NCJG-ring-118/broad,0,0.0030074701763451728,ring,broad
paper,NCJG-ring-118/broad,1,0.0072222823923489,ring,broad
paper,NCJG-ring-118/broad,2,0.00613345658596387,ring,broad
paper,NCJG-ring-118/broad,3,0.003865465347212327,ring,broad
paper,NCJG-ring-118/broad,4,0.008460051934284119,ring,broad
paper,NCJG-ring-118/broad,5,0.005372052063821853,ring,broad
pow-g0.0,NCJG-ring-118/broad,0,0.0027987406093752387,ring,broad
pow-g0.0,NCJG-ring-118/broad,1,0.006324349935497242,ring,broad
pow-g0.0,NCJG-ring-118/broad,2,0.0061733349049344355,ring,broad
pow-g0.0,NCJG-ring-118/broad,3,0.004340205210738635,ring,broad
pow-g0.0,NCJG-ring-118/broad,4,0.008508957801985906,ring,broad
pow-g0.0,NCJG-ring-118/broad,5,0.005017072162503355,ring,broad
pow-g0.5,NCJG-ring-118/broad,0,0.0028833326654902347,ring,broad
pow-g0.5,NCJG-ring-118/broad,1,0.0067526578902992185,ring,broad
pow-g0.5,NCJG-ring-118/broad,2,0.0061347693622568755,ring,broad
pow-g0.5,NCJG-ring-118/broad,3,0.004100747745134248,ring,broad
pow-g0.5,NCJG-ring-118/broad,4,0.008463741445033257,ring,broad
pow-g0.5,NCJG-ring-118/broad,5,0.005213130539938549,ring,broad
pow-g1.0,NCJG-ring-118/broad,0,0.0030074701763451728,ring,broad
pow-g1.0,NCJG-ring-118/broad,1,0.007222282392348678,ring,broad
pow-g1.0,NCJG-ring-118/broad,2,0.00613345658596387,ring,broad
pow-g1.0,NCJG-ring-118/broad,3,0.003865465347212327,ring,broad
pow-g1.0,NCJG-ring-118/broad,4,0.008460051934284119,ring,broad
pow-g1.0,NCJG-ring-118/broad,5,0.005372052063821853,ring,broad
pow-g1.5,NCJG-ring-118/broad,0,0.0031849906289111996,ring,broad
pow-g1.5,NCJG-ring-118/broad,1,0.007754604150672861,ring,broad
pow-g1.5,NCJG-ring-118/broad,2,0.006166645066676857,ring,broad
pow-g1.5,NCJG-ring-118/broad,3,0.003632778874030018,ring,broad
pow-g1.5,NCJG-ring-118/broad,4,0.008513195024444142,ring,broad
pow-g1.5,NCJG-ring-118/broad,5,0.005524599587715118,ring,broad
pow-g2.0,NCJG-ring-118/broad,0,0.003537655327144451,ring,broad
pow-g2.0,NCJG-ring-118/broad,1,0.00833520731016213,ring,broad
pow-g2.0,NCJG-ring-118/broad,2,0.006207208841038092,ring,broad
pow-g2.0,NCJG-ring-118/broad,3,0.0034156232924913432,ring,broad
pow-g2.0,NCJG-ring-118/broad,4,0.008519063429375695,ring,broad
pow-g2.0,NCJG-ring-118/broad,5,0.005644905488509044,ring,broad
paper,NCJG-ring-118/missing,0,0.002658185702582694,ring,missing
paper,NCJG-ring-118/missing,1,0.008977214191867144,ring,missing
paper,NCJG-ring-118/missing,2,0.007402287468773583,ring,missing
paper,NCJG-ring-118/missing,3,0.002472283291276467,ring,missing
paper,NCJG-ring-118/missing,4,0.003620230166520022,ring,missing
paper,NCJG-ring-118/missing,5,0.005479931456614517,ring,missing
pow-g0.0,NCJG-ring-118/missing,0,0.002779603938665387,ring,missing
pow-g0.0,NCJG-ring-118/missing,1,0.008661757130464576,ring,missing
pow-g0.0,NCJG-ring-118/missing,2,0.008028007240584722,ring,missing
pow-g0.0,NCJG-ring-118/missing,3,0.00272793666516713,ring,missing
pow-g0.0,NCJG-ring-118/missing,4,0.0030190107535055244,ring,missing
pow-g0.0,NCJG-ring-118/missing,5,0.005994476734603182,ring,missing
pow-g0.5,NCJG-ring-118/missing,0,0.002696192506515205,ring,missing
pow-g0.5,NCJG-ring-118/missing,1,0.00883220384997263,ring,missing
pow-g0.5,NCJG-ring-118/missing,2,0.007709334686636593,ring,missing
pow-g0.5,NCJG-ring-118/missing,3,0.0025674034925353695,ring,missing
pow-g0.5,NCJG-ring-118/missing,4,0.003314436595408754,ring,missing
pow-g0.5,NCJG-ring-118/missing,5,0.005714951475835006,ring,missing
pow-g1.0,NCJG-ring-118/missing,0,0.002658185702582694,ring,missing
pow-g1.0,NCJG-ring-118/missing,1,0.008977214191867144,ring,missing
pow-g1.0,NCJG-ring-118/missing,2,0.007402287468773583,ring,missing
pow-g1.0,NCJG-ring-118/missing,3,0.002472283291276245,ring,missing
pow-g1.0,NCJG-ring-118/missing,4,0.003620230166520022,ring,missing
pow-g1.0,NCJG-ring-118/missing,5,0.005479931456614517,ring,missing
pow-g1.5,NCJG-ring-118/missing,0,0.002657806811115604,ring,missing
pow-g1.5,NCJG-ring-118/missing,1,0.009088000247211347,ring,missing
pow-g1.5,NCJG-ring-118/missing,2,0.007173181092458236,ring,missing
pow-g1.5,NCJG-ring-118/missing,3,0.0024394924528836626,ring,missing
pow-g1.5,NCJG-ring-118/missing,4,0.00390836792977467,ring,missing
pow-g1.5,NCJG-ring-118/missing,5,0.005285187615582609,ring,missing
pow-g2.0,NCJG-ring-118/missing,0,0.0026873667257014677,ring,missing
pow-g2.0,NCJG-ring-118/missing,1,0.009160079388349285,ring,missing
pow-g2.0,NCJG-ring-118/missing,2,0.006973519203588907,ring,missing
pow-g2.0,NCJG-ring-118/missing,3,0.002466564453666331,ring,missing
pow-g2.0,NCJG-ring-118/missing,4,0.004178838840509069,ring,missing
pow-g2.0,NCJG-ring-118/missing,5,0.005107271071356889,ring,missing
paper,NCJG-ring-118/far,0,0.005890330371546959,ring,far
paper,NCJG-ring-118/far,1,0.011625940964095083,ring,far
paper,NCJG-ring-118/far,2,0.0032918894757425488,ring,far
paper,NCJG-ring-118/far,3,0.003999343466390526,ring,far
paper,NCJG-ring-118/far,4,0.009046366418931306,ring,far
paper,NCJG-ring-118/far,5,0.012963557565116801,ring,far
pow-g0.0,NCJG-ring-118/far,0,0.005514339814992608,ring,far
pow-g0.0,NCJG-ring-118/far,1,0.016193896020704868,ring,far
pow-g0.0,NCJG-ring-118/far,2,0.01013757125439696,ring,far
pow-g0.0,NCJG-ring-118/far,3,0.009021829330116304,ring,far
pow-g0.0,NCJG-ring-118/far,4,0.010172826080873332,ring,far
pow-g0.0,NCJG-ring-118/far,5,0.012765696244477986,ring,far
pow-g0.5,NCJG-ring-118/far,0,0.004868763340384996,ring,far
pow-g0.5,NCJG-ring-118/far,1,0.01773081691067868,ring,far
pow-g0.5,NCJG-ring-118/far,2,0.0032908316385007463,ring,far
pow-g0.5,NCJG-ring-118/far,3,0.004448135464220515,ring,far
pow-g0.5,NCJG-ring-118/far,4,0.006762534430805767,ring,far
pow-g0.5,NCJG-ring-118/far,5,0.008989680992831817,ring,far
pow-g1.0,NCJG-ring-118/far,0,0.005890330371546515,ring,far
pow-g1.0,NCJG-ring-118/far,1,0.011625940964095083,ring,far
pow-g1.0,NCJG-ring-118/far,2,0.0032918894757425488,ring,far
pow-g1.0,NCJG-ring-118/far,3,0.003999343466390526,ring,far
pow-g1.0,NCJG-ring-118/far,4,0.009046366418931306,ring,far
pow-g1.0,NCJG-ring-118/far,5,0.012963557565116801,ring,far
pow-g1.5,NCJG-ring-118/far,0,0.006736205415879937,ring,far
pow-g1.5,NCJG-ring-118/far,1,0.010228132007135349,ring,far
pow-g1.5,NCJG-ring-118/far,2,0.003100285124594926,ring,far
pow-g1.5,NCJG-ring-118/far,3,0.0033665298713878578,ring,far
pow-g1.5,NCJG-ring-118/far,4,0.004475973839356495,ring,far
pow-g1.5,NCJG-ring-118/far,5,0.00837830557694108,ring,far
pow-g2.0,NCJG-ring-118/far,0,0.007575118276948345,ring,far
pow-g2.0,NCJG-ring-118/far,1,0.011967434353717055,ring,far
pow-g2.0,NCJG-ring-118/far,2,0.004306029488841734,ring,far
pow-g2.0,NCJG-ring-118/far,3,0.004324993398021171,ring,far
pow-g2.0,NCJG-ring-118/far,4,0.004845041751108337,ring,far
pow-g2.0,NCJG-ring-118/far,5,0.004424659288569721,ring,far
paper,NCJG-ring-118/concentrated,0,0.004950641999583949,ring,concentrated
paper,NCJG-ring-118/concentrated,1,0.004077590961745203,ring,concentrated
paper,NCJG-ring-118/concentrated,2,0.007333656105400044,ring,concentrated
paper,NCJG-ring-118/concentrated,3,0.00484971499164244,ring,concentrated
paper,NCJG-ring-118/concentrated,4,0.0031574307235504584,ring,concentrated
paper,NCJG-ring-118/concentrated,5,0.0024950923710811423,ring,concentrated
pow-g0.0,NCJG-ring-118/concentrated,0,0.005255096409576332,ring,concentrated
pow-g0.0,NCJG-ring-118/concentrated,1,0.004322254504555145,ring,concentrated
pow-g0.0,NCJG-ring-118/concentrated,2,0.008200617797343934,ring,concentrated
pow-g0.0,NCJG-ring-118/concentrated,3,0.004971139223705734,ring,concentrated
pow-g0.0,NCJG-ring-118/concentrated,4,0.0031114980855573293,ring,concentrated
pow-g0.0,NCJG-ring-118/concentrated,5,0.0024001344080031295,ring,concentrated
pow-g0.5,NCJG-ring-118/concentrated,0,0.00510832645421333,ring,concentrated
pow-g0.5,NCJG-ring-118/concentrated,1,0.004173131474422664,ring,concentrated
pow-g0.5,NCJG-ring-118/concentrated,2,0.007809839722911827,ring,concentrated
pow-g0.5,NCJG-ring-118/concentrated,3,0.004886571035912279,ring,concentrated
pow-g0.5,NCJG-ring-118/concentrated,4,0.0031056562215026062,ring,concentrated
pow-g0.5,NCJG-ring-118/concentrated,5,0.002426958573251925,ring,concentrated
pow-g1.0,NCJG-ring-118/concentrated,0,0.004950641999583949,ring,concentrated
pow-g1.0,NCJG-ring-118/concentrated,1,0.004077590961745203,ring,concentrated
pow-g1.0,NCJG-ring-118/concentrated,2,0.007333656105400044,ring,concentrated
pow-g1.0,NCJG-ring-118/concentrated,3,0.00484971499164244,ring,concentrated
pow-g1.0,NCJG-ring-118/concentrated,4,0.0031574307235504584,ring,concentrated
pow-g1.0,NCJG-ring-118/concentrated,5,0.0024950923710815864,ring,concentrated
pow-g1.5,NCJG-ring-118/concentrated,0,0.004793988823864392,ring,concentrated
pow-g1.5,NCJG-ring-118/concentrated,1,0.004012762601717013,ring,concentrated
pow-g1.5,NCJG-ring-118/concentrated,2,0.006774038886621092,ring,concentrated
pow-g1.5,NCJG-ring-118/concentrated,3,0.004854535383799874,ring,concentrated
pow-g1.5,NCJG-ring-118/concentrated,4,0.0032096601752547027,ring,concentrated
pow-g1.5,NCJG-ring-118/concentrated,5,0.0026006551224142527,ring,concentrated
pow-g2.0,NCJG-ring-118/concentrated,0,0.004647679996780063,ring,concentrated
pow-g2.0,NCJG-ring-118/concentrated,1,0.003968881950106029,ring,concentrated
pow-g2.0,NCJG-ring-118/concentrated,2,0.00616500996828484,ring,concentrated
pow-g2.0,NCJG-ring-118/concentrated,3,0.004899509415497771,ring,concentrated
pow-g2.0,NCJG-ring-118/concentrated,4,0.0031519971505793443,ring,concentrated
pow-g2.0,NCJG-ring-118/concentrated,5,0.002745788077956224,ring,concentrated
paper,NCJG-moons-127/broad,0,0.012193696807453858,moons,broad
paper,NCJG-moons-127/broad,1,0.005334056179877145,moons,broad
paper,NCJG-moons-127/broad,2,0.005438024570594724,moons,broad
paper,NCJG-moons-127/broad,3,0.006484522245557178,moons,broad
paper,NCJG-moons-127/broad,4,0.004581719913545612,moons,broad
paper,NCJG-moons-127/broad,5,0.012055473259545257,moons,broad
pow-g0.0,NCJG-moons-127/broad,0,0.014141465036680012,moons,broad
pow-g0.0,NCJG-moons-127/broad,1,0.0122197832775508,moons,broad
pow-g0.0,NCJG-moons-127/broad,2,0.005146452632307508,moons,broad
pow-g0.0,NCJG-moons-127/broad,3,0.004057641771876286,moons,broad
pow-g0.0,NCJG-moons-127/broad,4,0.006461636904930623,moons,broad
pow-g0.0,NCJG-moons-127/broad,5,0.010607137749002016,moons,broad
pow-g0.5,NCJG-moons-127/broad,0,0.012509273343298766,moons,broad
pow-g0.5,NCJG-moons-127/broad,1,0.005194696900515439,moons,broad
pow-g0.5,NCJG-moons-127/broad,2,0.0039018784552888874,moons,broad
pow-g0.5,NCJG-moons-127/broad,3,0.00623747344200809,moons,broad
pow-g0.5,NCJG-moons-127/broad,4,0.0052107153351863555,moons,broad
pow-g0.5,NCJG-moons-127/broad,5,0.011184797504256938,moons,broad
pow-g1.0,NCJG-moons-127/broad,0,0.012193696807453858,moons,broad
pow-g1.0,NCJG-moons-127/broad,1,0.0053340561798764785,moons,broad
pow-g1.0,NCJG-moons-127/broad,2,0.005438024570594946,moons,broad
pow-g1.0,NCJG-moons-127/broad,3,0.006484522245556734,moons,broad
pow-g1.0,NCJG-moons-127/broad,4,0.004581719913545834,moons,broad
pow-g1.0,NCJG-moons-127/broad,5,0.012055473259544813,moons,broad
pow-g1.5,NCJG-moons-127/broad,0,0.012107026240298024,moons,broad
pow-g1.5,NCJG-moons-127/broad,1,0.0059038741548085305,moons,broad
pow-g1.5,NCJG-moons-127/broad,2,0.005198031365040601,moons,broad
pow-g1.5,NCJG-moons-127/broad,3,0.0071174566335565626,moons,broad
pow-g1.5,NCJG-moons-127/broad,4,0.00414665124461755,moons,broad
pow-g1.5,NCJG-moons-127/broad,5,0.012409925987390436,moons,broad
pow-g2.0,NCJG-moons-127/broad,0,0.012270531466899381,moons,broad
pow-g2.0,NCJG-moons-127/broad,1,0.007090200673426139,moons,broad
pow-g2.0,NCJG-moons-127/broad,2,0.005419852849956941,moons,broad
pow-g2.0,NCJG-moons-127/broad,3,0.007617319396980848,moons,broad
pow-g2.0,NCJG-moons-127/broad,4,0.0039817853709283035,moons,broad
pow-g2.0,NCJG-moons-127/broad,5,0.01193727807149525,moons,broad
paper,NCJG-moons-127/missing,0,0.013481530817277987,moons,missing
paper,NCJG-moons-127/missing,1,0.005372671622275282,moons,missing
paper,NCJG-moons-127/missing,2,0.004009362466575572,moons,missing
paper,NCJG-moons-127/missing,3,0.004836313232359668,moons,missing
paper,NCJG-moons-127/missing,4,0.0068233667322390446,moons,missing
paper,NCJG-moons-127/missing,5,0.006988432626456209,moons,missing
pow-g0.0,NCJG-moons-127/missing,0,0.011324985632660267,moons,missing
pow-g0.0,NCJG-moons-127/missing,1,0.005421687196094815,moons,missing
pow-g0.0,NCJG-moons-127/missing,2,0.003908737268832008,moons,missing
pow-g0.0,NCJG-moons-127/missing,3,0.005357691741740167,moons,missing
pow-g0.0,NCJG-moons-127/missing,4,0.006297557151807132,moons,missing
pow-g0.0,NCJG-moons-127/missing,5,0.006258809150831324,moons,missing
pow-g0.5,NCJG-moons-127/missing,0,0.012285271341685222,moons,missing
pow-g0.5,NCJG-moons-127/missing,1,0.005373866909582414,moons,missing
pow-g0.5,NCJG-moons-127/missing,2,0.003562031690569789,moons,missing
pow-g0.5,NCJG-moons-127/missing,3,0.005036407301743706,moons,missing
pow-g0.5,NCJG-moons-127/missing,4,0.0060582996541640455,moons,missing
pow-g0.5,NCJG-moons-127/missing,5,0.006637400892943068,moons,missing
pow-g1.0,NCJG-moons-127/missing,0,0.013481530817277987,moons,missing
pow-g1.0,NCJG-moons-127/missing,1,0.005372671622275282,moons,missing
pow-g1.0,NCJG-moons-127/missing,2,0.004009362466574684,moons,missing
pow-g1.0,NCJG-moons-127/missing,3,0.004836313232359668,moons,missing
pow-g1.0,NCJG-moons-127/missing,4,0.0068233667322390446,moons,missing
pow-g1.0,NCJG-moons-127/missing,5,0.006988432626456209,moons,missing
pow-g1.5,NCJG-moons-127/missing,0,0.014769173607150021,moons,missing
pow-g1.5,NCJG-moons-127/missing,1,0.005793661548418649,moons,missing
pow-g1.5,NCJG-moons-127/missing,2,0.00436618407237277,moons,missing
pow-g1.5,NCJG-moons-127/missing,3,0.0046404657736724975,moons,missing
pow-g1.5,NCJG-moons-127/missing,4,0.00639140725835774,moons,missing
pow-g1.5,NCJG-moons-127/missing,5,0.007167709452983173,moons,missing
pow-g2.0,NCJG-moons-127/missing,0,0.015508924400180257,moons,missing
pow-g2.0,NCJG-moons-127/missing,1,0.010328401940751686,moons,missing
pow-g2.0,NCJG-moons-127/missing,2,0.004741157617155878,moons,missing
pow-g2.0,NCJG-moons-127/missing,3,0.004532059833123991,moons,missing
pow-g2.0,NCJG-moons-127/missing,4,0.0056159199966301365,moons,missing
pow-g2.0,NCJG-moons-127/missing,5,0.007573881625099865,moons,missing
paper,NCJG-moons-127/far,0,0.007606264676712993,moons,far
paper,NCJG-moons-127/far,1,0.009903802165376119,moons,far
paper,NCJG-moons-127/far,2,0.005707268712448865,moons,far
paper,NCJG-moons-127/far,3,0.009290735208079326,moons,far
paper,NCJG-moons-127/far,4,0.01357821259014802,moons,far
paper,NCJG-moons-127/far,5,0.011641812609347824,moons,far
pow-g0.0,NCJG-moons-127/far,0,0.013343219288808328,moons,far
pow-g0.0,NCJG-moons-127/far,1,0.017197989349359677,moons,far
pow-g0.0,NCJG-moons-127/far,2,0.018089997313471162,moons,far
pow-g0.0,NCJG-moons-127/far,3,0.01361101777451812,moons,far
pow-g0.0,NCJG-moons-127/far,4,0.012067366381618871,moons,far
pow-g0.0,NCJG-moons-127/far,5,0.015890312365290704,moons,far
pow-g0.5,NCJG-moons-127/far,0,0.009103167570293724,moons,far
pow-g0.5,NCJG-moons-127/far,1,0.0071645049580295606,moons,far
pow-g0.5,NCJG-moons-127/far,2,0.0062854430965082475,moons,far
pow-g0.5,NCJG-moons-127/far,3,0.01032206219626608,moons,far
pow-g0.5,NCJG-moons-127/far,4,0.01416607675015591,moons,far
pow-g0.5,NCJG-moons-127/far,5,0.020338562203582544,moons,far
pow-g1.0,NCJG-moons-127/far,0,0.007606264676712993,moons,far
pow-g1.0,NCJG-moons-127/far,1,0.009903802165376119,moons,far
pow-g1.0,NCJG-moons-127/far,2,0.005707268712448865,moons,far
pow-g1.0,NCJG-moons-127/far,3,0.009290735208078882,moons,far
pow-g1.0,NCJG-moons-127/far,4,0.01357821259014802,moons,far
pow-g1.0,NCJG-moons-127/far,5,0.011641812609347602,moons,far
pow-g1.5,NCJG-moons-127/far,0,0.009030704425206704,moons,far
pow-g1.5,NCJG-moons-127/far,1,0.006835661337942778,moons,far
pow-g1.5,NCJG-moons-127/far,2,0.006197187032066953,moons,far
pow-g1.5,NCJG-moons-127/far,3,0.009198076275487077,moons,far
pow-g1.5,NCJG-moons-127/far,4,0.017783036458977275,moons,far
pow-g1.5,NCJG-moons-127/far,5,0.01086982622636179,moons,far
pow-g2.0,NCJG-moons-127/far,0,0.01062164897786766,moons,far
pow-g2.0,NCJG-moons-127/far,1,0.005188759573733659,moons,far
pow-g2.0,NCJG-moons-127/far,2,0.005420852153750655,moons,far
pow-g2.0,NCJG-moons-127/far,3,0.011886088467566447,moons,far
pow-g2.0,NCJG-moons-127/far,4,0.012953858535551088,moons,far
pow-g2.0,NCJG-moons-127/far,5,0.014669569532777427,moons,far
paper,NCJG-moons-127/concentrated,0,0.006662356550780402,moons,concentrated
paper,NCJG-moons-127/concentrated,1,0.010380694786870315,moons,concentrated
paper,NCJG-moons-127/concentrated,2,0.005958048246609282,moons,concentrated
paper,NCJG-moons-127/concentrated,3,0.009589410637271811,moons,concentrated
paper,NCJG-moons-127/concentrated,4,0.0040376609052572565,moons,concentrated
paper,NCJG-moons-127/concentrated,5,0.008020789658607752,moons,concentrated
pow-g0.0,NCJG-moons-127/concentrated,0,0.007837629135647006,moons,concentrated
pow-g0.0,NCJG-moons-127/concentrated,1,0.00974364654057469,moons,concentrated
pow-g0.0,NCJG-moons-127/concentrated,2,0.006145316396336309,moons,concentrated
pow-g0.0,NCJG-moons-127/concentrated,3,0.008641762496581773,moons,concentrated
pow-g0.0,NCJG-moons-127/concentrated,4,0.004105033634335786,moons,concentrated
pow-g0.0,NCJG-moons-127/concentrated,5,0.00957291991182374,moons,concentrated
pow-g0.5,NCJG-moons-127/concentrated,0,0.007398140460977309,moons,concentrated
pow-g0.5,NCJG-moons-127/concentrated,1,0.010223456163651834,moons,concentrated
pow-g0.5,NCJG-moons-127/concentrated,2,0.006004225040481037,moons,concentrated
pow-g0.5,NCJG-moons-127/concentrated,3,0.008890458464898332,moons,concentrated
pow-g0.5,NCJG-moons-127/concentrated,4,0.003996730256008663,moons,concentrated
pow-g0.5,NCJG-moons-127/concentrated,5,0.00891381202712016,moons,concentrated
pow-g1.0,NCJG-moons-127/concentrated,0,0.006662356550780402,moons,concentrated
pow-g1.0,NCJG-moons-127/concentrated,1,0.01038069478686987,moons,concentrated
pow-g1.0,NCJG-moons-127/concentrated,2,0.005958048246609282,moons,concentrated
pow-g1.0,NCJG-moons-127/concentrated,3,0.009589410637271811,moons,concentrated
pow-g1.0,NCJG-moons-127/concentrated,4,0.0040376609052572565,moons,concentrated
pow-g1.0,NCJG-moons-127/concentrated,5,0.008020789658607974,moons,concentrated
pow-g1.5,NCJG-moons-127/concentrated,0,0.006223448626779593,moons,concentrated
pow-g1.5,NCJG-moons-127/concentrated,1,0.010331362728641214,moons,concentrated
pow-g1.5,NCJG-moons-127/concentrated,2,0.006008193452478716,moons,concentrated
pow-g1.5,NCJG-moons-127/concentrated,3,0.010257130876142107,moons,concentrated
pow-g1.5,NCJG-moons-127/concentrated,4,0.0041516889948503,moons,concentrated
pow-g1.5,NCJG-moons-127/concentrated,5,0.007758842414255174,moons,concentrated
pow-g2.0,NCJG-moons-127/concentrated,0,0.005054453376106327,moons,concentrated
pow-g2.0,NCJG-moons-127/concentrated,1,0.010396287624607758,moons,concentrated
pow-g2.0,NCJG-moons-127/concentrated,2,0.006149873109729365,moons,concentrated
pow-g2.0,NCJG-moons-127/concentrated,3,0.010686980859935469,moons,concentrated
pow-g2.0,NCJG-moons-127/concentrated,4,0.004303794751794765,moons,concentrated
pow-g2.0,NCJG-moons-127/concentrated,5,0.008350253862017487,moons,concentrated
paper,NCJG-banana-068/broad,0,0.01049160113137626,banana,broad
paper,NCJG-banana-068/broad,1,0.007544209129570101,banana,broad
paper,NCJG-banana-068/broad,2,0.007779336580331586,banana,broad
paper,NCJG-banana-068/broad,3,0.01199411822277252,banana,broad
paper,NCJG-banana-068/broad,4,0.012192224742525015,banana,broad
paper,NCJG-banana-068/broad,5,0.006480791008896425,banana,broad
pow-g0.0,NCJG-banana-068/broad,0,0.01251457768712183,banana,broad
pow-g0.0,NCJG-banana-068/broad,1,0.007259408990308636,banana,broad
pow-g0.0,NCJG-banana-068/broad,2,0.012004162834557519,banana,broad
pow-g0.0,NCJG-banana-068/broad,3,0.021424426057388146,banana,broad
pow-g0.0,NCJG-banana-068/broad,4,0.014950430297827388,banana,broad
pow-g0.0,NCJG-banana-068/broad,5,0.027163037757901964,banana,broad
pow-g0.5,NCJG-banana-068/broad,0,0.005361892226512843,banana,broad
pow-g0.5,NCJG-banana-068/broad,1,0.006659751480460496,banana,broad
pow-g0.5,NCJG-banana-068/broad,2,0.0097849478375851,banana,broad
pow-g0.5,NCJG-banana-068/broad,3,0.014213249833165964,banana,broad
pow-g0.5,NCJG-banana-068/broad,4,0.013402788940687138,banana,broad
pow-g0.5,NCJG-banana-068/broad,5,0.008244337177303995,banana,broad
pow-g1.0,NCJG-banana-068/broad,0,0.01049160113137626,banana,broad
pow-g1.0,NCJG-banana-068/broad,1,0.007544209129570101,banana,broad
pow-g1.0,NCJG-banana-068/broad,2,0.007779336580331586,banana,broad
pow-g1.0,NCJG-banana-068/broad,3,0.011994118222773187,banana,broad
pow-g1.0,NCJG-banana-068/broad,4,0.012192224742524793,banana,broad
pow-g1.0,NCJG-banana-068/broad,5,0.006480791008896203,banana,broad
pow-g1.5,NCJG-banana-068/broad,0,0.010100791138626164,banana,broad
pow-g1.5,NCJG-banana-068/broad,1,0.008255596462206194,banana,broad
pow-g1.5,NCJG-banana-068/broad,2,0.007896248137688522,banana,broad
pow-g1.5,NCJG-banana-068/broad,3,0.010635748855446048,banana,broad
pow-g1.5,NCJG-banana-068/broad,4,0.010118604934887587,banana,broad
pow-g1.5,NCJG-banana-068/broad,5,0.007012951232531206,banana,broad
pow-g2.0,NCJG-banana-068/broad,0,0.012521865379884867,banana,broad
pow-g2.0,NCJG-banana-068/broad,1,0.008429351569066101,banana,broad
pow-g2.0,NCJG-banana-068/broad,2,0.0079552244020622,banana,broad
pow-g2.0,NCJG-banana-068/broad,3,0.01052883170469232,banana,broad
pow-g2.0,NCJG-banana-068/broad,4,0.011686044957726072,banana,broad
pow-g2.0,NCJG-banana-068/broad,5,0.008375158776955605,banana,broad
paper,NCJG-banana-068/missing,0,0.008700286800835455,banana,missing
paper,NCJG-banana-068/missing,1,0.010187256265940858,banana,missing
paper,NCJG-banana-068/missing,2,0.0170497011388151,banana,missing
paper,NCJG-banana-068/missing,3,0.017701632815410484,banana,missing
paper,NCJG-banana-068/missing,4,0.005276671948554412,banana,missing
paper,NCJG-banana-068/missing,5,0.011558361706354825,banana,missing
pow-g0.0,NCJG-banana-068/missing,0,0.010880276711751513,banana,missing
pow-g0.0,NCJG-banana-068/missing,1,0.005244664105450214,banana,missing
pow-g0.0,NCJG-banana-068/missing,2,0.01747636652437423,banana,missing
pow-g0.0,NCJG-banana-068/missing,3,0.004667108124954744,banana,missing
pow-g0.0,NCJG-banana-068/missing,4,0.005675839063944199,banana,missing
pow-g0.0,NCJG-banana-068/missing,5,0.00589597469904124,banana,missing
pow-g0.5,NCJG-banana-068/missing,0,0.007808633806470233,banana,missing
pow-g0.5,NCJG-banana-068/missing,1,0.006955866025057711,banana,missing
pow-g0.5,NCJG-banana-068/missing,2,0.017419062537678,banana,missing
pow-g0.5,NCJG-banana-068/missing,3,0.0070010639101871774,banana,missing
pow-g0.5,NCJG-banana-068/missing,4,0.004240727737023331,banana,missing
pow-g0.5,NCJG-banana-068/missing,5,0.009955838966815511,banana,missing
pow-g1.0,NCJG-banana-068/missing,0,0.008700286800835233,banana,missing
pow-g1.0,NCJG-banana-068/missing,1,0.010187256265940858,banana,missing
pow-g1.0,NCJG-banana-068/missing,2,0.0170497011388151,banana,missing
pow-g1.0,NCJG-banana-068/missing,3,0.017701632815410484,banana,missing
pow-g1.0,NCJG-banana-068/missing,4,0.005276671948553968,banana,missing
pow-g1.0,NCJG-banana-068/missing,5,0.011558361706354603,banana,missing
pow-g1.5,NCJG-banana-068/missing,0,0.00794913300996436,banana,missing
pow-g1.5,NCJG-banana-068/missing,1,0.012672473448963384,banana,missing
pow-g1.5,NCJG-banana-068/missing,2,0.015919332030934985,banana,missing
pow-g1.5,NCJG-banana-068/missing,3,0.014287511638277905,banana,missing
pow-g1.5,NCJG-banana-068/missing,4,0.006861744514351065,banana,missing
pow-g1.5,NCJG-banana-068/missing,5,0.012660457983815432,banana,missing
pow-g2.0,NCJG-banana-068/missing,0,0.006801317963689213,banana,missing
pow-g2.0,NCJG-banana-068/missing,1,0.020410632306115284,banana,missing
pow-g2.0,NCJG-banana-068/missing,2,0.014316775561852069,banana,missing
pow-g2.0,NCJG-banana-068/missing,3,0.015029674375129254,banana,missing
pow-g2.0,NCJG-banana-068/missing,4,0.008539232988136192,banana,missing
pow-g2.0,NCJG-banana-068/missing,5,0.013628107320144967,banana,missing
paper,NCJG-banana-068/far,0,0.01494495122509587,banana,far
paper,NCJG-banana-068/far,1,0.021600773375563653,banana,far
paper,NCJG-banana-068/far,2,0.018382206975491533,banana,far
paper,NCJG-banana-068/far,3,0.03344061597045922,banana,far
paper,NCJG-banana-068/far,4,0.01226912277195824,banana,far
paper,NCJG-banana-068/far,5,0.008434420102343854,banana,far
pow-g0.0,NCJG-banana-068/far,0,0.04685013971415297,banana,far
pow-g0.0,NCJG-banana-068/far,1,0.13821730604535976,banana,far
pow-g0.0,NCJG-banana-068/far,2,0.03484637883151542,banana,far
pow-g0.0,NCJG-banana-068/far,3,0.15178138687535614,banana,far
pow-g0.0,NCJG-banana-068/far,4,0.04488300961637348,banana,far
pow-g0.0,NCJG-banana-068/far,5,0.08672026233137409,banana,far
pow-g0.5,NCJG-banana-068/far,0,0.01736483705391212,banana,far
pow-g0.5,NCJG-banana-068/far,1,0.025503580094645928,banana,far
pow-g0.5,NCJG-banana-068/far,2,0.017876904835551155,banana,far
pow-g0.5,NCJG-banana-068/far,3,0.03907402202317467,banana,far
pow-g0.5,NCJG-banana-068/far,4,0.0209159012513509,banana,far
pow-g0.5,NCJG-banana-068/far,5,0.012267436169707935,banana,far
pow-g1.0,NCJG-banana-068/far,0,0.014944951225096315,banana,far
pow-g1.0,NCJG-banana-068/far,1,0.021600773375564097,banana,far
pow-g1.0,NCJG-banana-068/far,2,0.01838220697544468,banana,far
pow-g1.0,NCJG-banana-068/far,3,0.03344061597046766,banana,far
pow-g1.0,NCJG-banana-068/far,4,0.012269122771957797,banana,far
pow-g1.0,NCJG-banana-068/far,5,0.008434420102344076,banana,far
pow-g1.5,NCJG-banana-068/far,0,0.014451448950572932,banana,far
pow-g1.5,NCJG-banana-068/far,1,0.008636261996422201,banana,far
pow-g1.5,NCJG-banana-068/far,2,0.017661605685574733,banana,far
pow-g1.5,NCJG-banana-068/far,3,0.03452177954001456,banana,far
pow-g1.5,NCJG-banana-068/far,4,0.012577210280316997,banana,far
pow-g1.5,NCJG-banana-068/far,5,0.009956824527644237,banana,far
pow-g2.0,NCJG-banana-068/far,0,0.0173058573384246,banana,far
pow-g2.0,NCJG-banana-068/far,1,0.00827809085050335,banana,far
pow-g2.0,NCJG-banana-068/far,2,0.014332983408653632,banana,far
pow-g2.0,NCJG-banana-068/far,3,0.022040484088415413,banana,far
pow-g2.0,NCJG-banana-068/far,4,0.023005509677681557,banana,far
pow-g2.0,NCJG-banana-068/far,5,0.008937056290742262,banana,far
paper,NCJG-banana-068/concentrated,0,0.017481713484937433,banana,concentrated
paper,NCJG-banana-068/concentrated,1,0.005772887902431689,banana,concentrated
paper,NCJG-banana-068/concentrated,2,0.012680130333759587,banana,concentrated
paper,NCJG-banana-068/concentrated,3,0.00786270184606952,banana,concentrated
paper,NCJG-banana-068/concentrated,4,0.010297060134354385,banana,concentrated
paper,NCJG-banana-068/concentrated,5,0.010442424537699946,banana,concentrated
pow-g0.0,NCJG-banana-068/concentrated,0,0.012852450592554243,banana,concentrated
pow-g0.0,NCJG-banana-068/concentrated,1,0.0054173976290687875,banana,concentrated
pow-g0.0,NCJG-banana-068/concentrated,2,0.011248632752252075,banana,concentrated
pow-g0.0,NCJG-banana-068/concentrated,3,0.010504506742141873,banana,concentrated
pow-g0.0,NCJG-banana-068/concentrated,4,0.016249530932919143,banana,concentrated
pow-g0.0,NCJG-banana-068/concentrated,5,0.009568872133265849,banana,concentrated
pow-g0.5,NCJG-banana-068/concentrated,0,0.016917927147144685,banana,concentrated
pow-g0.5,NCJG-banana-068/concentrated,1,0.0053686856023134055,banana,concentrated
pow-g0.5,NCJG-banana-068/concentrated,2,0.01211940204327111,banana,concentrated
pow-g0.5,NCJG-banana-068/concentrated,3,0.00864871627242736,banana,concentrated
pow-g0.5,NCJG-banana-068/concentrated,4,0.01010424431239465,banana,concentrated
pow-g0.5,NCJG-banana-068/concentrated,5,0.008714092830833131,banana,concentrated
pow-g1.0,NCJG-banana-068/concentrated,0,0.017481713484937655,banana,concentrated
pow-g1.0,NCJG-banana-068/concentrated,1,0.005772887902431689,banana,concentrated
pow-g1.0,NCJG-banana-068/concentrated,2,0.012680130333759587,banana,concentrated
pow-g1.0,NCJG-banana-068/concentrated,3,0.007862701846069298,banana,concentrated
pow-g1.0,NCJG-banana-068/concentrated,4,0.010297060134353941,banana,concentrated
pow-g1.0,NCJG-banana-068/concentrated,5,0.010442424537699946,banana,concentrated
pow-g1.5,NCJG-banana-068/concentrated,0,0.017162234631182827,banana,concentrated
pow-g1.5,NCJG-banana-068/concentrated,1,0.006757866870389595,banana,concentrated
pow-g1.5,NCJG-banana-068/concentrated,2,0.016852479198002923,banana,concentrated
pow-g1.5,NCJG-banana-068/concentrated,3,0.0076059302694382325,banana,concentrated
pow-g1.5,NCJG-banana-068/concentrated,4,0.01057689644990134,banana,concentrated
pow-g1.5,NCJG-banana-068/concentrated,5,0.01169707628359018,banana,concentrated
pow-g2.0,NCJG-banana-068/concentrated,0,0.01615837960224331,banana,concentrated
pow-g2.0,NCJG-banana-068/concentrated,1,0.006432649079497255,banana,concentrated
pow-g2.0,NCJG-banana-068/concentrated,2,0.016310342295249747,banana,concentrated
pow-g2.0,NCJG-banana-068/concentrated,3,0.0077693300152363864,banana,concentrated
pow-g2.0,NCJG-banana-068/concentrated,4,0.00772202536567157,banana,concentrated
pow-g2.0,NCJG-banana-068/concentrated,5,0.012678930361819774,banana,concentrated
paper,NCJG-student-5d/broad,0,0.008747068463754726,student,broad
paper,NCJG-student-5d/broad,1,0.006143743869041929,student,broad
paper,NCJG-student-5d/broad,2,0.005370658127167527,student,broad
paper,NCJG-student-5d/broad,3,0.007656867761036468,student,broad
paper,NCJG-student-5d/broad,4,0.006659951864942171,student,broad
paper,NCJG-student-5d/broad,5,0.005800743861547941,student,broad
pow-g0.0,NCJG-student-5d/broad,0,0.009007188325219406,student,broad
pow-g0.0,NCJG-student-5d/broad,1,0.005683992358385792,student,broad
pow-g0.0,NCJG-student-5d/broad,2,0.00549968216454122,student,broad
pow-g0.0,NCJG-student-5d/broad,3,0.00854679634626243,student,broad
pow-g0.0,NCJG-student-5d/broad,4,0.004446621741982071,student,broad
pow-g0.0,NCJG-student-5d/broad,5,0.005472820310968851,student,broad
pow-g0.5,NCJG-student-5d/broad,0,0.008782062024794923,student,broad
pow-g0.5,NCJG-student-5d/broad,1,0.00577738132131933,student,broad
pow-g0.5,NCJG-student-5d/broad,2,0.0050793024560535915,student,broad
pow-g0.5,NCJG-student-5d/broad,3,0.00782405109963924,student,broad
pow-g0.5,NCJG-student-5d/broad,4,0.0045800298843021725,student,broad
pow-g0.5,NCJG-student-5d/broad,5,0.005644168034941499,student,broad
pow-g1.0,NCJG-student-5d/broad,0,0.008747068463754726,student,broad
pow-g1.0,NCJG-student-5d/broad,1,0.006143743869041485,student,broad
pow-g1.0,NCJG-student-5d/broad,2,0.005370658127167305,student,broad
pow-g1.0,NCJG-student-5d/broad,3,0.007656867761036468,student,broad
pow-g1.0,NCJG-student-5d/broad,4,0.006659951864942171,student,broad
pow-g1.0,NCJG-student-5d/broad,5,0.005800743861547941,student,broad
pow-g1.5,NCJG-student-5d/broad,0,0.008598749833416353,student,broad
pow-g1.5,NCJG-student-5d/broad,1,0.0063013489735463946,student,broad
pow-g1.5,NCJG-student-5d/broad,2,0.005038522768121556,student,broad
pow-g1.5,NCJG-student-5d/broad,3,0.008118627892294894,student,broad
pow-g1.5,NCJG-student-5d/broad,4,0.0063251515850388795,student,broad
pow-g1.5,NCJG-student-5d/broad,5,0.005928918735739863,student,broad
pow-g2.0,NCJG-student-5d/broad,0,0.00836722072366336,student,broad
pow-g2.0,NCJG-student-5d/broad,1,0.006247430851838098,student,broad
pow-g2.0,NCJG-student-5d/broad,2,0.004471454776819428,student,broad
pow-g2.0,NCJG-student-5d/broad,3,0.009271539569868814,student,broad
pow-g2.0,NCJG-student-5d/broad,4,0.007674962092832027,student,broad
pow-g2.0,NCJG-student-5d/broad,5,0.006149985957045301,student,broad
paper,NCJG-student-5d/missing,0,0.008524243221672334,student,missing
paper,NCJG-student-5d/missing,1,0.006266414982645463,student,missing
paper,NCJG-student-5d/missing,2,0.007625844286420991,student,missing
paper,NCJG-student-5d/missing,3,0.005916827607769459,student,missing
paper,NCJG-student-5d/missing,4,0.014943170402376804,student,missing
paper,NCJG-student-5d/missing,5,0.00793263922839893,student,missing
pow-g0.0,NCJG-student-5d/missing,0,0.008558175081549324,student,missing
pow-g0.0,NCJG-student-5d/missing,1,0.006236884342945448,student,missing
pow-g0.0,NCJG-student-5d/missing,2,0.007739440679008336,student,missing
pow-g0.0,NCJG-student-5d/missing,3,0.006131912594264932,student,missing
pow-g0.0,NCJG-student-5d/missing,4,0.01597138127811526,student,missing
pow-g0.0,NCJG-student-5d/missing,5,0.008335291069647255,student,missing
pow-g0.5,NCJG-student-5d/missing,0,0.008550887546876051,student,missing
pow-g0.5,NCJG-student-5d/missing,1,0.006237983203019715,student,missing
pow-g0.5,NCJG-student-5d/missing,2,0.00764244803885461,student,missing
pow-g0.5,NCJG-student-5d/missing,3,0.0060281133360886585,student,missing
pow-g0.5,NCJG-student-5d/missing,4,0.015491020502192976,student,missing
pow-g0.5,NCJG-student-5d/missing,5,0.008091906508071789,student,missing
pow-g1.0,NCJG-student-5d/missing,0,0.008524243221672334,student,missing
pow-g1.0,NCJG-student-5d/missing,1,0.006266414982645463,student,missing
pow-g1.0,NCJG-student-5d/missing,2,0.007625844286420991,student,missing
pow-g1.0,NCJG-student-5d/missing,3,0.005916827607769459,student,missing
pow-g1.0,NCJG-student-5d/missing,4,0.014943170402376804,student,missing
pow-g1.0,NCJG-student-5d/missing,5,0.00793263922839893,student,missing
pow-g1.5,NCJG-student-5d/missing,0,0.008510520624053663,student,missing
pow-g1.5,NCJG-student-5d/missing,1,0.00634278567030111,student,missing
pow-g1.5,NCJG-student-5d/missing,2,0.007598466444519669,student,missing
pow-g1.5,NCJG-student-5d/missing,3,0.005820196220206242,student,missing
pow-g1.5,NCJG-student-5d/missing,4,0.014428316373763295,student,missing
pow-g1.5,NCJG-student-5d/missing,5,0.007813323737703382,student,missing
pow-g2.0,NCJG-student-5d/missing,0,0.008510020499428395,student,missing
pow-g2.0,NCJG-student-5d/missing,1,0.006387080637076048,student,missing
pow-g2.0,NCJG-student-5d/missing,2,0.0075658018619850775,student,missing
pow-g2.0,NCJG-student-5d/missing,3,0.005731707065948832,student,missing
pow-g2.0,NCJG-student-5d/missing,4,0.013952865590795449,student,missing
pow-g2.0,NCJG-student-5d/missing,5,0.007342263539435123,student,missing
paper,NCJG-student-5d/far,0,0.03981403234992986,student,far
paper,NCJG-student-5d/far,1,0.042785910764966184,student,far
paper,NCJG-student-5d/far,2,0.041209161262142135,student,far
paper,NCJG-student-5d/far,3,0.07385396676701772,student,far
paper,NCJG-student-5d/far,4,0.03346879011487225,student,far
paper,NCJG-student-5d/far,5,0.012048200415622823,student,far
pow-g0.0,NCJG-student-5d/far,0,0.013923409748130666,student,far
pow-g0.0,NCJG-student-5d/far,1,0.03273141177642325,student,far
pow-g0.0,NCJG-student-5d/far,2,0.04400718860361996,student,far
pow-g0.0,NCJG-student-5d/far,3,0.0313167488562085,student,far
pow-g0.0,NCJG-student-5d/far,4,0.009293628009376276,student,far
pow-g0.0,NCJG-student-5d/far,5,0.031745014214392686,student,far
pow-g0.5,NCJG-student-5d/far,0,0.035041969081114344,student,far
pow-g0.5,NCJG-student-5d/far,1,0.02615414966153251,student,far
pow-g0.5,NCJG-student-5d/far,2,0.035817572875759485,student,far
pow-g0.5,NCJG-student-5d/far,3,0.03160678028962094,student,far
pow-g0.5,NCJG-student-5d/far,4,0.03163487062957637,student,far
pow-g0.5,NCJG-student-5d/far,5,0.018964544910190506,student,far
pow-g1.0,NCJG-student-5d/far,0,0.039814032349929196,student,far
pow-g1.0,NCJG-student-5d/far,1,0.042785910764966184,student,far
pow-g1.0,NCJG-student-5d/far,2,0.041209161262142135,student,far
pow-g1.0,NCJG-student-5d/far,3,0.07385396676701794,student,far
pow-g1.0,NCJG-student-5d/far,4,0.03346879011487225,student,far
pow-g1.0,NCJG-student-5d/far,5,0.012048200415622823,student,far
pow-g1.5,NCJG-student-5d/far,0,0.04006927581417208,student,far
pow-g1.5,NCJG-student-5d/far,1,0.047823051073454304,student,far
pow-g1.5,NCJG-student-5d/far,2,0.04201817955145959,student,far
pow-g1.5,NCJG-student-5d/far,3,0.0838470660594921,student,far
pow-g1.5,NCJG-student-5d/far,4,0.03853762350142298,student,far
pow-g1.5,NCJG-student-5d/far,5,0.02642127927979554,student,far
pow-g2.0,NCJG-student-5d/far,0,0.04056439784762689,student,far
pow-g2.0,NCJG-student-5d/far,1,0.06951639477759763,student,far
pow-g2.0,NCJG-student-5d/far,2,0.043729966881478344,student,far
pow-g2.0,NCJG-student-5d/far,3,0.09469919572118446,student,far
pow-g2.0,NCJG-student-5d/far,4,0.07076251407632506,student,far
pow-g2.0,NCJG-student-5d/far,5,0.03386203560608125,student,far
paper,NCJG-student-5d/concentrated,0,0.009179358427986894,student,concentrated
paper,NCJG-student-5d/concentrated,1,0.009076832041359006,student,concentrated
paper,NCJG-student-5d/concentrated,2,0.007822489928211551,student,concentrated
paper,NCJG-student-5d/concentrated,3,0.009278506465616898,student,concentrated
paper,NCJG-student-5d/concentrated,4,0.007265216322294821,student,concentrated
paper,NCJG-student-5d/concentrated,5,0.01051689933170974,student,concentrated
pow-g0.0,NCJG-student-5d/concentrated,0,0.009144014721877536,student,concentrated
pow-g0.0,NCJG-student-5d/concentrated,1,0.009042129910548535,student,concentrated
pow-g0.0,NCJG-student-5d/concentrated,2,0.008144690218316208,student,concentrated
pow-g0.0,NCJG-student-5d/concentrated,3,0.009659863203581587,student,concentrated
pow-g0.0,NCJG-student-5d/concentrated,4,0.007896188597252607,student,concentrated
pow-g0.0,NCJG-student-5d/concentrated,5,0.009831389454428408,student,concentrated
pow-g0.5,NCJG-student-5d/concentrated,0,0.009160792639124837,student,concentrated
pow-g0.5,NCJG-student-5d/concentrated,1,0.009086533149606613,student,concentrated
pow-g0.5,NCJG-student-5d/concentrated,2,0.007964010833492852,student,concentrated
pow-g0.5,NCJG-student-5d/concentrated,3,0.009484666468257075,student,concentrated
pow-g0.5,NCJG-student-5d/concentrated,4,0.007567762594642646,student,concentrated
pow-g0.5,NCJG-student-5d/concentrated,5,0.010265006869602855,student,concentrated
pow-g1.0,NCJG-student-5d/concentrated,0,0.009179358427986894,student,concentrated
pow-g1.0,NCJG-student-5d/concentrated,1,0.009076832041359006,student,concentrated
pow-g1.0,NCJG-student-5d/concentrated,2,0.00782248992821133,student,concentrated
pow-g1.0,NCJG-student-5d/concentrated,3,0.009278506465617342,student,concentrated
pow-g1.0,NCJG-student-5d/concentrated,4,0.007265216322294821,student,concentrated
pow-g1.0,NCJG-student-5d/concentrated,5,0.01051689933170974,student,concentrated
pow-g1.5,NCJG-student-5d/concentrated,0,0.009210930770793269,student,concentrated
pow-g1.5,NCJG-student-5d/concentrated,1,0.009014929993055976,student,concentrated
pow-g1.5,NCJG-student-5d/concentrated,2,0.007673932139411255,student,concentrated
pow-g1.5,NCJG-student-5d/concentrated,3,0.009076167663596868,student,concentrated
pow-g1.5,NCJG-student-5d/concentrated,4,0.007008813539426839,student,concentrated
pow-g1.5,NCJG-student-5d/concentrated,5,0.010293391892633341,student,concentrated
pow-g2.0,NCJG-student-5d/concentrated,0,0.009279541615844433,student,concentrated
pow-g2.0,NCJG-student-5d/concentrated,1,0.008917651710498742,student,concentrated
pow-g2.0,NCJG-student-5d/concentrated,2,0.007609001895545253,student,concentrated
pow-g2.0,NCJG-student-5d/concentrated,3,0.008927890157790719,student,concentrated
pow-g2.0,NCJG-student-5d/concentrated,4,0.006811267841092539,student,concentrated
pow-g2.0,NCJG-student-5d/concentrated,5,0.010285128936842636,student,concentrated
paper,NCJG-shell-5d/broad,0,0.003680298674676674,sphere_shell,broad
paper,NCJG-shell-5d/broad,1,0.003919928584224852,sphere_shell,broad
paper,NCJG-shell-5d/broad,2,0.004280063890454766,sphere_shell,broad
paper,NCJG-shell-5d/broad,3,0.004484151055580421,sphere_shell,broad
paper,NCJG-shell-5d/broad,4,0.004037549942346619,sphere_shell,broad
paper,NCJG-shell-5d/broad,5,0.0049042141848052445,sphere_shell,broad
pow-g0.0,NCJG-shell-5d/broad,0,0.00360289999071961,sphere_shell,broad
pow-g0.0,NCJG-shell-5d/broad,1,0.0036804195921640304,sphere_shell,broad
pow-g0.0,NCJG-shell-5d/broad,2,0.0044743383096377265,sphere_shell,broad
pow-g0.0,NCJG-shell-5d/broad,3,0.0047100831555559886,sphere_shell,broad
pow-g0.0,NCJG-shell-5d/broad,4,0.004162842597528638,sphere_shell,broad
pow-g0.0,NCJG-shell-5d/broad,5,0.005186572547337898,sphere_shell,broad
pow-g0.5,NCJG-shell-5d/broad,0,0.0036656643326447025,sphere_shell,broad
pow-g0.5,NCJG-shell-5d/broad,1,0.003789044572239275,sphere_shell,broad
pow-g0.5,NCJG-shell-5d/broad,2,0.004360551292402093,sphere_shell,broad
pow-g0.5,NCJG-shell-5d/broad,3,0.0045858246166381456,sphere_shell,broad
pow-g0.5,NCJG-shell-5d/broad,4,0.004095446624384547,sphere_shell,broad
pow-g0.5,NCJG-shell-5d/broad,5,0.005054490382224941,sphere_shell,broad
pow-g1.0,NCJG-shell-5d/broad,0,0.003680298674676674,sphere_shell,broad
pow-g1.0,NCJG-shell-5d/broad,1,0.003919928584225296,sphere_shell,broad
pow-g1.0,NCJG-shell-5d/broad,2,0.004280063890454766,sphere_shell,broad
pow-g1.0,NCJG-shell-5d/broad,3,0.004484151055580199,sphere_shell,broad
pow-g1.0,NCJG-shell-5d/broad,4,0.004037549942346619,sphere_shell,broad
pow-g1.0,NCJG-shell-5d/broad,5,0.0049042141848048,sphere_shell,broad
pow-g1.5,NCJG-shell-5d/broad,0,0.003663724716373107,sphere_shell,broad
pow-g1.5,NCJG-shell-5d/broad,1,0.004077211304956974,sphere_shell,broad
pow-g1.5,NCJG-shell-5d/broad,2,0.004233990137238353,sphere_shell,broad
pow-g1.5,NCJG-shell-5d/broad,3,0.004394243349671534,sphere_shell,broad
pow-g1.5,NCJG-shell-5d/broad,4,0.003996078182604057,sphere_shell,broad
pow-g1.5,NCJG-shell-5d/broad,5,0.0047577692233327085,sphere_shell,broad
pow-g2.0,NCJG-shell-5d/broad,0,0.0036221551598314417,sphere_shell,broad
pow-g2.0,NCJG-shell-5d/broad,1,0.00424502453167519,sphere_shell,broad
pow-g2.0,NCJG-shell-5d/broad,2,0.004213997805289527,sphere_shell,broad
pow-g2.0,NCJG-shell-5d/broad,3,0.004305646427280596,sphere_shell,broad
pow-g2.0,NCJG-shell-5d/broad,4,0.003929634674360694,sphere_shell,broad
pow-g2.0,NCJG-shell-5d/broad,5,0.004678037032855631,sphere_shell,broad
paper,NCJG-shell-5d/missing,0,0.0038101625455195798,sphere_shell,missing
paper,NCJG-shell-5d/missing,1,0.002439621697480465,sphere_shell,missing
paper,NCJG-shell-5d/missing,2,0.002867124619691186,sphere_shell,missing
paper,NCJG-shell-5d/missing,3,0.0025936826893198095,sphere_shell,missing
paper,NCJG-shell-5d/missing,4,0.0030918902365086876,sphere_shell,missing
paper,NCJG-shell-5d/missing,5,0.0027418908383602947,sphere_shell,missing
pow-g0.0,NCJG-shell-5d/missing,0,0.0038976339228331547,sphere_shell,missing
pow-g0.0,NCJG-shell-5d/missing,1,0.0025254495434066104,sphere_shell,missing
pow-g0.0,NCJG-shell-5d/missing,2,0.0032025675165607836,sphere_shell,missing
pow-g0.0,NCJG-shell-5d/missing,3,0.002501425867181384,sphere_shell,missing
pow-g0.0,NCJG-shell-5d/missing,4,0.0031104549478853105,sphere_shell,missing
pow-g0.0,NCJG-shell-5d/missing,5,0.002818969159180673,sphere_shell,missing
pow-g0.5,NCJG-shell-5d/missing,0,0.0038567930054060895,sphere_shell,missing
pow-g0.5,NCJG-shell-5d/missing,1,0.002466107433966025,sphere_shell,missing
pow-g0.5,NCJG-shell-5d/missing,2,0.003035331149771059,sphere_shell,missing
pow-g0.5,NCJG-shell-5d/missing,3,0.002516105516874534,sphere_shell,missing
pow-g0.5,NCJG-shell-5d/missing,4,0.0031006909595032717,sphere_shell,missing
pow-g0.5,NCJG-shell-5d/missing,5,0.0027735385295004633,sphere_shell,missing
pow-g1.0,NCJG-shell-5d/missing,0,0.0038101625455195798,sphere_shell,missing
pow-g1.0,NCJG-shell-5d/missing,1,0.002439621697480465,sphere_shell,missing
pow-g1.0,NCJG-shell-5d/missing,2,0.002867124619691186,sphere_shell,missing
pow-g1.0,NCJG-shell-5d/missing,3,0.0025936826893202536,sphere_shell,missing
pow-g1.0,NCJG-shell-5d/missing,4,0.0030918902365082435,sphere_shell,missing
pow-g1.0,NCJG-shell-5d/missing,5,0.0027418908383602947,sphere_shell,missing
pow-g1.5,NCJG-shell-5d/missing,0,0.0037778261174084005,sphere_shell,missing
pow-g1.5,NCJG-shell-5d/missing,1,0.0024548304156122303,sphere_shell,missing
pow-g1.5,NCJG-shell-5d/missing,2,0.0027233946257216868,sphere_shell,missing
pow-g1.5,NCJG-shell-5d/missing,3,0.002709659103037332,sphere_shell,missing
pow-g1.5,NCJG-shell-5d/missing,4,0.003049872996160108,sphere_shell,missing
pow-g1.5,NCJG-shell-5d/missing,5,0.0027214062516003334,sphere_shell,missing
pow-g2.0,NCJG-shell-5d/missing,0,0.003758002686208739,sphere_shell,missing
pow-g2.0,NCJG-shell-5d/missing,1,0.0025133080070558478,sphere_shell,missing
pow-g2.0,NCJG-shell-5d/missing,2,0.0025784480766219975,sphere_shell,missing
pow-g2.0,NCJG-shell-5d/missing,3,0.002860794785516152,sphere_shell,missing
pow-g2.0,NCJG-shell-5d/missing,4,0.0030501220698120335,sphere_shell,missing
pow-g2.0,NCJG-shell-5d/missing,5,0.0027082815931289694,sphere_shell,missing
paper,NCJG-shell-5d/far,0,0.02362972840004174,sphere_shell,far
paper,NCJG-shell-5d/far,1,0.03226166896704119,sphere_shell,far
paper,NCJG-shell-5d/far,2,0.029250354601172424,sphere_shell,far
paper,NCJG-shell-5d/far,3,0.014030707897140005,sphere_shell,far
paper,NCJG-shell-5d/far,4,0.011434399698021958,sphere_shell,far
paper,NCJG-shell-5d/far,5,0.006011888516888941,sphere_shell,far
pow-g0.0,NCJG-shell-5d/far,0,0.01751419399487686,sphere_shell,far
pow-g0.0,NCJG-shell-5d/far,1,0.01208557823007994,sphere_shell,far
pow-g0.0,NCJG-shell-5d/far,2,0.010801204692911348,sphere_shell,far
pow-g0.0,NCJG-shell-5d/far,3,0.01424369708840767,sphere_shell,far
pow-g0.0,NCJG-shell-5d/far,4,0.007292379028277285,sphere_shell,far
pow-g0.0,NCJG-shell-5d/far,5,0.004106137926255027,sphere_shell,far
pow-g0.5,NCJG-shell-5d/far,0,0.0238679778237203,sphere_shell,far
pow-g0.5,NCJG-shell-5d/far,1,0.022838479187928806,sphere_shell,far
pow-g0.5,NCJG-shell-5d/far,2,0.0059427348736860175,sphere_shell,far
pow-g0.5,NCJG-shell-5d/far,3,0.015457759522103709,sphere_shell,far
pow-g0.5,NCJG-shell-5d/far,4,0.007551350904409837,sphere_shell,far
pow-g0.5,NCJG-shell-5d/far,5,0.0050955877503331415,sphere_shell,far
pow-g1.0,NCJG-shell-5d/far,0,0.02362972840004174,sphere_shell,far
pow-g1.0,NCJG-shell-5d/far,1,0.03226166896704119,sphere_shell,far
pow-g1.0,NCJG-shell-5d/far,2,0.029250354601172646,sphere_shell,far
pow-g1.0,NCJG-shell-5d/far,3,0.014030707897140005,sphere_shell,far
pow-g1.0,NCJG-shell-5d/far,4,0.01143439969802218,sphere_shell,far
pow-g1.0,NCJG-shell-5d/far,5,0.006011888516889163,sphere_shell,far
pow-g1.5,NCJG-shell-5d/far,0,0.032929565212745704,sphere_shell,far
pow-g1.5,NCJG-shell-5d/far,1,0.022272440506277524,sphere_shell,far
pow-g1.5,NCJG-shell-5d/far,2,0.01153983309217299,sphere_shell,far
pow-g1.5,NCJG-shell-5d/far,3,0.011347353543810224,sphere_shell,far
pow-g1.5,NCJG-shell-5d/far,4,0.013288437924015906,sphere_shell,far
pow-g1.5,NCJG-shell-5d/far,5,0.008239892966637408,sphere_shell,far
pow-g2.0,NCJG-shell-5d/far,0,0.03417919243633061,sphere_shell,far
pow-g2.0,NCJG-shell-5d/far,1,0.04063394650255736,sphere_shell,far
pow-g2.0,NCJG-shell-5d/far,2,0.028425728795880012,sphere_shell,far
pow-g2.0,NCJG-shell-5d/far,3,0.011007123399447982,sphere_shell,far
pow-g2.0,NCJG-shell-5d/far,4,0.0322982644239711,sphere_shell,far
pow-g2.0,NCJG-shell-5d/far,5,0.008766798073501336,sphere_shell,far
paper,NCJG-shell-5d/concentrated,0,0.002962830608570499,sphere_shell,concentrated
paper,NCJG-shell-5d/concentrated,1,0.002553272204460111,sphere_shell,concentrated
paper,NCJG-shell-5d/concentrated,2,0.004437598962333533,sphere_shell,concentrated
paper,NCJG-shell-5d/concentrated,3,0.0033582772973113073,sphere_shell,concentrated
paper,NCJG-shell-5d/concentrated,4,0.005002406414462257,sphere_shell,concentrated
paper,NCJG-shell-5d/concentrated,5,0.003631037844966656,sphere_shell,concentrated
pow-g0.0,NCJG-shell-5d/concentrated,0,0.003044338626229548,sphere_shell,concentrated
pow-g0.0,NCJG-shell-5d/concentrated,1,0.002581938024693864,sphere_shell,concentrated
pow-g0.0,NCJG-shell-5d/concentrated,2,0.004411180482371213,sphere_shell,concentrated
pow-g0.0,NCJG-shell-5d/concentrated,3,0.0035395765092454123,sphere_shell,concentrated
pow-g0.0,NCJG-shell-5d/concentrated,4,0.003393081392128572,sphere_shell,concentrated
pow-g0.0,NCJG-shell-5d/concentrated,5,0.00374025131375344,sphere_shell,concentrated
pow-g0.5,NCJG-shell-5d/concentrated,0,0.0029940117413786993,sphere_shell,concentrated
pow-g0.5,NCJG-shell-5d/concentrated,1,0.0025576889420761972,sphere_shell,concentrated
pow-g0.5,NCJG-shell-5d/concentrated,2,0.004397554288784189,sphere_shell,concentrated
pow-g0.5,NCJG-shell-5d/concentrated,3,0.0034320332696800016,sphere_shell,concentrated
pow-g0.5,NCJG-shell-5d/concentrated,4,0.0033325424094217126,sphere_shell,concentrated
pow-g0.5,NCJG-shell-5d/concentrated,5,0.003674721997712238,sphere_shell,concentrated
pow-g1.0,NCJG-shell-5d/concentrated,0,0.0029628306085707212,sphere_shell,concentrated
pow-g1.0,NCJG-shell-5d/concentrated,1,0.002553272204460111,sphere_shell,concentrated
pow-g1.0,NCJG-shell-5d/concentrated,2,0.004437598962333533,sphere_shell,concentrated
pow-g1.0,NCJG-shell-5d/concentrated,3,0.0033582772973113073,sphere_shell,concentrated
pow-g1.0,NCJG-shell-5d/concentrated,4,0.005002406414462257,sphere_shell,concentrated
pow-g1.0,NCJG-shell-5d/concentrated,5,0.003631037844966656,sphere_shell,concentrated
pow-g1.5,NCJG-shell-5d/concentrated,0,0.002929608567791675,sphere_shell,concentrated
pow-g1.5,NCJG-shell-5d/concentrated,1,0.0025990868781251564,sphere_shell,concentrated
pow-g1.5,NCJG-shell-5d/concentrated,2,0.004481022396048973,sphere_shell,concentrated
pow-g1.5,NCJG-shell-5d/concentrated,3,0.0027916161847794108,sphere_shell,concentrated
pow-g1.5,NCJG-shell-5d/concentrated,4,0.005015269852936655,sphere_shell,concentrated
pow-g1.5,NCJG-shell-5d/concentrated,5,0.003605991928354424,sphere_shell,concentrated
pow-g2.0,NCJG-shell-5d/concentrated,0,0.0029176111926341175,sphere_shell,concentrated
pow-g2.0,NCJG-shell-5d/concentrated,1,0.002611546356321881,sphere_shell,concentrated
pow-g2.0,NCJG-shell-5d/concentrated,2,0.004532823583373702,sphere_shell,concentrated
pow-g2.0,NCJG-shell-5d/concentrated,3,0.0028061039357729634,sphere_shell,concentrated
pow-g2.0,NCJG-shell-5d/concentrated,4,0.00508149551003978,sphere_shell,concentrated
pow-g2.0,NCJG-shell-5d/concentrated,5,0.003598185655203423,sphere_shell,concentrated
