arm,kind,rho,local_kind,metric,quantile_weight,minimum_gradient_agreement,minimum_ascent_cosine,minimum_signal_to_null,maximum_correction_ratio,endpoint_ed2,endpoint_sw1,endpoint_w2,endpoint_coverage,endpoint_mass_l1,endpoint_worst_mode_error,selected_ed2,selected_sw1,selected_w2,selected_coverage,selected_mass_l1,selected_worst_mode_error,handoff_ed2,handoff_sw1,handoff_w2,handoff_coverage,handoff_mass_l1,handoff_worst_mode_error,selected_ed2_change_from_handoff,selected_sw1_change_from_handoff,endpoint_ed2_change_from_handoff,endpoint_sw1_change_from_handoff,coverage_event_time,coverage_event_censored,selected_step,diverged,projection_active_fraction,trust_fraction,safe_quantile_fraction,incompatible_fraction,singular_candidates,safety_robust_ascent_fraction,safety_intervention_fraction,safety_cap_rejected_fraction,safety_local_rejected_fraction,median_correction_metric_norm,p90_correction_metric_norm,median_correction_ratio,p90_correction_ratio,median_gradient_cosine,median_proposal_cosine,median_safety_ascent_cosine,median_safety_signal_to_null,median_quantile_directional_derivative,median_local_directional_derivative,active_set_counts,work_optimizer_updates,work_generator_forward_calls,work_generator_example_evals,work_target_samples,work_kernel_pairs,work_sort_work,work_backward_examples,work_diagnostic_target_samples,work_selection_generator_forward_calls,work_selection_generator_example_evals,work_selection_target_samples,work_endpoint_generator_forward_calls,work_endpoint_generator_example_evals,work_endpoint_target_samples,work_checkpoint_storage_bytes,target,family,init,cell,seed,diagnostic_use_large_batch,diagnostic_min_expected_count,diagnostic_gap_count,diagnostic_max_gap_ratio,group_wall_seconds
lbqcd,paper,0.0,paper,adam,0.0,0.25,0.05,1.5,0.25,0.17064871249877167,0.6135676866421507,0.7714385292366799,0.9930000000000002,0.2862187500000001,0.13937499999999997,0.25021515542649886,0.7248476463740244,0.8716466895517462,0.9930000000000002,0.3291875000000001,0.16085937499999997,0.4433802751324112,0.9685092393529119,1.0853983012423847,0.55,0.3995000000000001,0.19796874999999997,-0.19316511970591232,-0.24366159297888745,-0.2727315626336395,-0.3549415527107612,47,0,52,0,0.0,0.0,0.0,0.0,0,0.0,0.0,0.0,0.0,nan,nan,nan,nan,nan,nan,nan,nan,nan,nan,{},60.0,2706.0,86592.0,43584.0,36864.0,860160.0,43584.0,1024,16.0,5632.0,5632.0,3.0,1536.0,1536.0,142200.0,QGD-D01-rare007,separated-unequal-rare,concentrated,QGD-D01-rare007/concentrated,0,1,3.5625,3,1021.5147463415369,0.2407142999873031
qsafe-balanced,safety,0.0,paper,adam,0.0,0.25,0.05,1.5,0.25,0.17064871249877167,0.6135676866421507,0.7714385292366799,0.9930000000000002,0.2862187500000001,0.13937499999999997,0.25021515542649886,0.7248476463740244,0.8716466895517462,0.9930000000000002,0.3291875000000001,0.16085937499999997,0.4433802751324112,0.9685092393529119,1.0853983012423847,0.55,0.3995000000000001,0.19796874999999997,-0.19316511970591232,-0.24366159297888745,-0.2727315626336395,-0.3549415527107612,47,0,52,0,0.0,0.0,0.0,0.0,0,0.0,0.0,0.0,0.0,0.0,0.0,0.0,0.0,0.30188047152067854,nan,-0.6123182994009532,1.2264246904842953,-0.016433090885259183,-0.0019781291416759664,"{""inactive"": 18}",60.0,2724.0,87168.0,44160.0,36864.0,877440.0,44736.0,1024,16.0,5632.0,5632.0,3.0,1536.0,1536.0,142200.0,QGD-D01-rare007,separated-unequal-rare,concentrated,QGD-D01-rare007/concentrated,0,1,3.5625,3,1021.5147463415369,0.33121329999994487
qsafe-permissive,safety,0.0,paper,adam,0.0,0.1,0.02,1.25,0.25,0.17064871249877167,0.6135676866421507,0.7714385292366799,0.9930000000000002,0.2862187500000001,0.13937499999999997,0.25021515542649886,0.7248476463740244,0.8716466895517462,0.9930000000000002,0.3291875000000001,0.16085937499999997,0.4433802751324112,0.9685092393529119,1.0853983012423847,0.55,0.3995000000000001,0.19796874999999997,-0.19316511970591232,-0.24366159297888745,-0.2727315626336395,-0.3549415527107612,47,0,52,0,0.0,0.0,0.0,0.0,0,0.0,0.0,0.0,0.0,0.0,0.0,0.0,0.0,0.30188047152067854,nan,-0.6123182994009532,1.2264246904842953,-0.016433090885259183,-0.0019781291416759664,"{""inactive"": 18}",60.0,2724.0,87168.0,44160.0,36864.0,877440.0,44736.0,1024,16.0,5632.0,5632.0,3.0,1536.0,1536.0,142200.0,QGD-D01-rare007,separated-unequal-rare,concentrated,QGD-D01-rare007/concentrated,0,1,3.5625,3,1021.5147463415369,0.42198389998520724
qsafe-strict,safety,0.0,paper,adam,0.0,0.5,0.05,2.0,0.15,0.17064871249877167,0.6135676866421507,0.7714385292366799,0.9930000000000002,0.2862187500000001,0.13937499999999997,0.25021515542649886,0.7248476463740244,0.8716466895517462,0.9930000000000002,0.3291875000000001,0.16085937499999997,0.4433802751324112,0.9685092393529119,1.0853983012423847,0.55,0.3995000000000001,0.19796874999999997,-0.19316511970591232,-0.24366159297888745,-0.2727315626336395,-0.3549415527107612,47,0,52,0,0.0,0.0,0.0,0.0,0,0.0,0.0,0.0,0.0,0.0,0.0,0.0,0.0,0.30188047152067854,nan,-0.6123182994009532,1.2264246904842953,-0.016433090885259183,-0.0019781291416759664,"{""inactive"": 18}",60.0,2724.0,87168.0,44160.0,36864.0,877440.0,44736.0,1024,16.0,5632.0,5632.0,3.0,1536.0,1536.0,142200.0,QGD-D01-rare007,separated-unequal-rare,concentrated,QGD-D01-rare007/concentrated,0,1,3.5625,3,1021.5147463415369,0.5216186000034213
lbqcd,paper,0.0,paper,adam,0.0,0.25,0.05,1.5,0.25,0.2125907754289451,0.668180964830022,0.9235569320830443,0.8980000000000002,0.33253125,0.16626562499999992,0.3355776250561444,0.8615249804829198,1.0867085792173006,0.8980000000000002,0.3059062499999999,0.09500000000000001,0.3355776250561444,0.8615249804829198,1.0867085792173006,0.8980000000000002,0.3059062499999999,0.09500000000000001,0.0,0.0,-0.1229868496271993,-0.19334401565289783,60,1,42,0,0.0,0.0,0.0,0.0,0,0.0,0.0,0.0,0.0,nan,nan,nan,nan,nan,nan,nan,nan,nan,nan,{},60.0,2706.0,86592.0,43584.0,36864.0,860160.0,43584.0,1024,12.0,3584.0,3584.0,3.0,1536.0,1536.0,142200.0,QGD-D01-rare007,separated-unequal-rare,missing,QGD-D01-rare007/missing,0,1,3.375,3,909.1520047902545,0.19824649998918176
qsafe-balanced,safety,0.0,paper,adam,0.0,0.25,0.05,1.5,0.25,0.2125907754289451,0.668180964830022,0.9235569320830443,0.8980000000000002,0.33253125,0.16626562499999992,0.3355776250561444,0.8615249804829198,1.0867085792173006,0.8980000000000002,0.3059062499999999,0.09500000000000001,0.3355776250561444,0.8615249804829198,1.0867085792173006,0.8980000000000002,0.3059062499999999,0.09500000000000001,0.0,0.0,-0.1229868496271993,-0.19334401565289783,60,1,42,0,0.0,0.0,0.0,0.0,0,0.0,0.0,0.0,0.0,0.0,0.0,0.0,0.0,0.37319735940535304,nan,-0.6101936869824645,1.3079902604437477,-0.006517484276005662,-0.0008383921645256135,"{""inactive"": 18}",60.0,2724.0,87168.0,44160.0,36864.0,877440.0,44736.0,1024,12.0,3584.0,3584.0,3.0,1536.0,1536.0,142200.0,QGD-D01-rare007,separated-unequal-rare,missing,QGD-D01-rare007/missing,0,1,3.375,3,909.1520047902545,0.25288200000068173
qsafe-permissive,safety,0.0,paper,adam,0.0,0.1,0.02,1.25,0.25,0.2125907754289451,0.668180964830022,0.9235569320830443,0.8980000000000002,0.33253125,0.16626562499999992,0.3355776250561444,0.8615249804829198,1.0867085792173006,0.8980000000000002,0.3059062499999999,0.09500000000000001,0.3355776250561444,0.8615249804829198,1.0867085792173006,0.8980000000000002,0.3059062499999999,0.09500000000000001,0.0,0.0,-0.1229868496271993,-0.19334401565289783,60,1,42,0,0.0,0.0,0.0,0.0,0,0.0,0.0,0.0,0.0,0.0,0.0,0.0,0.0,0.37319735940535304,nan,-0.6101936869824645,1.3079902604437477,-0.006517484276005662,-0.0008383921645256135,"{""inactive"": 18}",60.0,2724.0,87168.0,44160.0,36864.0,877440.0,44736.0,1024,12.0,3584.0,3584.0,3.0,1536.0,1536.0,142200.0,QGD-D01-rare007,separated-unequal-rare,missing,QGD-D01-rare007/missing,0,1,3.375,3,909.1520047902545,0.3170700999908149
qsafe-strict,safety,0.0,paper,adam,0.0,0.5,0.05,2.0,0.15,0.2125907754289451,0.668180964830022,0.9235569320830443,0.8980000000000002,0.33253125,0.16626562499999992,0.3355776250561444,0.8615249804829198,1.0867085792173006,0.8980000000000002,0.3059062499999999,0.09500000000000001,0.3355776250561444,0.8615249804829198,1.0867085792173006,0.8980000000000002,0.3059062499999999,0.09500000000000001,0.0,0.0,-0.1229868496271993,-0.19334401565289783,60,1,42,0,0.0,0.0,0.0,0.0,0,0.0,0.0,0.0,0.0,0.0,0.0,0.0,0.0,0.37319735940535304,nan,-0.6101936869824645,1.3079902604437477,-0.006517484276005662,-0.0008383921645256135,"{""inactive"": 18}",60.0,2724.0,87168.0,44160.0,36864.0,877440.0,44736.0,1024,12.0,3584.0,3584.0,3.0,1536.0,1536.0,142200.0,QGD-D01-rare007,separated-unequal-rare,missing,QGD-D01-rare007/missing,0,1,3.375,3,909.1520047902545,0.38335439999355003
lbqcd,paper,0.0,paper,adam,0.0,0.25,0.05,1.5,0.25,0.04138932054901234,0.41366717577302425,0.5096820588324515,0.9750000000000001,0.22281250000000005,0.07023437499999999,0.05062113455508532,0.4657905979662324,0.5707760645517858,0.9750000000000001,0.2657812500000001,0.07999999999999999,0.0851601540121707,0.6108184831446933,0.716039601015775,0.7350000000000002,0.445,0.10539062499999999,-0.034539019457085374,-0.14502788517846094,-0.043770833463158354,-0.19715130737166908,47,0,52,0,0.0,0.0,0.0,0.0,0,0.0,0.0,0.0,0.0,nan,nan,nan,nan,nan,nan,nan,nan,nan,nan,{},60.0,2706.0,86592.0,43584.0,36864.0,860160.0,43584.0,1024,16.0,5632.0,5632.0,3.0,1536.0,1536.0,142200.0,QGD-D02-unequal-K9,unequal,concentrated,QGD-D02-unequal-K9/concentrated,0,1,1.375,8,285.0311917108794,0.23714599999948405
qsafe-balanced,safety,0.0,paper,adam,0.0,0.25,0.05,1.5,0.25,0.04138932054901234,0.41366717577302425,0.5096820588324515,0.9750000000000001,0.22281250000000005,0.07023437499999999,0.05062113455508532,0.4657905979662324,0.5707760645517858,0.9750000000000001,0.2657812500000001,0.07999999999999999,0.0851601540121707,0.6108184831446933,0.716039601015775,0.7350000000000002,0.445,0.10539062499999999,-0.034539019457085374,-0.14502788517846094,-0.043770833463158354,-0.19715130737166908,47,0,52,0,0.0,0.0,0.0,0.0,0,0.0,0.0,0.0,0.0,0.0,0.0,0.0,0.0,0.5838619783976702,nan,-0.6165154096719508,1.2762887607339912,-0.003130220945638324,-0.00024193437256172753,"{""inactive"": 18}",60.0,2724.0,87168.0,44160.0,36864.0,877440.0,44736.0,1024,16.0,5632.0,5632.0,3.0,1536.0,1536.0,142200.0,QGD-D02-unequal-K9,unequal,concentrated,QGD-D02-unequal-K9/concentrated,0,1,1.375,8,285.0311917108794,0.3342975999985356
qsafe-permissive,safety,0.0,paper,adam,0.0,0.1,0.02,1.25,0.25,0.04138932054901234,0.41366717577302425,0.5096820588324515,0.9750000000000001,0.22281250000000005,0.07023437499999999,0.05062113455508532,0.4657905979662324,0.5707760645517858,0.9750000000000001,0.2657812500000001,0.07999999999999999,0.0851601540121707,0.6108184831446933,0.716039601015775,0.7350000000000002,0.445,0.10539062499999999,-0.034539019457085374,-0.14502788517846094,-0.043770833463158354,-0.19715130737166908,47,0,52,0,0.0,0.0,0.0,0.0,0,0.0,0.0,0.0,0.0,0.0,0.0,0.0,0.0,0.5838619783976702,nan,-0.6165154096719508,1.2762887607339912,-0.003130220945638324,-0.00024193437256172753,"{""inactive"": 18}",60.0,2724.0,87168.0,44160.0,36864.0,877440.0,44736.0,1024,16.0,5632.0,5632.0,3.0,1536.0,1536.0,142200.0,QGD-D02-unequal-K9,unequal,concentrated,QGD-D02-unequal-K9/concentrated,0,1,1.375,8,285.0311917108794,0.42206429998623207
qsafe-strict,safety,0.0,paper,adam,0.0,0.5,0.05,2.0,0.15,0.04138932054901234,0.41366717577302425,0.5096820588324515,0.9750000000000001,0.22281250000000005,0.07023437499999999,0.05062113455508532,0.4657905979662324,0.5707760645517858,0.9750000000000001,0.2657812500000001,0.07999999999999999,0.0851601540121707,0.6108184831446933,0.716039601015775,0.7350000000000002,0.445,0.10539062499999999,-0.034539019457085374,-0.14502788517846094,-0.043770833463158354,-0.19715130737166908,47,0,52,0,0.0,0.0,0.0,0.0,0,0.0,0.0,0.0,0.0,0.0,0.0,0.0,0.0,0.5838619783976702,nan,-0.6165154096719508,1.2762887607339912,-0.003130220945638324,-0.00024193437256172753,"{""inactive"": 18}",60.0,2724.0,87168.0,44160.0,36864.0,877440.0,44736.0,1024,16.0,5632.0,5632.0,3.0,1536.0,1536.0,142200.0,QGD-D02-unequal-K9,unequal,concentrated,QGD-D02-unequal-K9/concentrated,0,1,1.375,8,285.0311917108794,0.5202776999794878
lbqcd,paper,0.0,paper,adam,0.0,0.25,0.05,1.5,0.25,0.15314018142850516,0.6896876893232883,1.0125256826059017,0.79,0.49015625,0.128046875,0.16294130565773557,0.7229224951039046,1.0323849680288437,0.79,0.501875,0.12414062499999999,0.3406124482148041,1.1129012518258758,1.343533529907335,0.79,0.689375,0.16820312499999998,-0.1776711425570685,-0.38997875672197124,-0.1874722667862989,-0.42321356250258757,60,1,57,0,0.0,0.0,0.0,0.0,0,0.0,0.0,0.0,0.0,nan,nan,nan,nan,nan,nan,nan,nan,nan,nan,{},60.0,2706.0,86592.0,43584.0,36864.0,860160.0,43584.0,1024,16.0,5632.0,5632.0,3.0,1536.0,1536.0,142200.0,QGD-D02-unequal-K9,unequal,missing,QGD-D02-unequal-K9/missing,0,1,0.9375,8,309.30971544635565,0.24158660002285615
qsafe-balanced,safety,0.0,paper,adam,0.0,0.25,0.05,1.5,0.25,0.15314018142850516,0.6896876893232883,1.0125256826059017,0.79,0.49015625,0.128046875,0.16294130565773557,0.7229224951039046,1.0323849680288437,0.79,0.501875,0.12414062499999999,0.3406124482148041,1.1129012518258758,1.343533529907335,0.79,0.689375,0.16820312499999998,-0.1776711425570685,-0.38997875672197124,-0.1874722667862989,-0.42321356250258757,60,1,57,0,0.0,0.0,0.0,0.0,0,0.0,0.0,0.0,0.0,0.0,0.0,0.0,0.0,0.6937944233589276,nan,-0.7225941823048277,2.1130624492122174,-0.013633762856867295,-0.0016804634620798625,"{""inactive"": 18}",60.0,2724.0,87168.0,44160.0,36864.0,877440.0,44736.0,1024,16.0,5632.0,5632.0,3.0,1536.0,1536.0,142200.0,QGD-D02-unequal-K9,unequal,missing,QGD-D02-unequal-K9/missing,0,1,0.9375,8,309.30971544635565,0.34461240001837723
qsafe-permissive,safety,0.0,paper,adam,0.0,0.1,0.02,1.25,0.25,0.15314018142850516,0.6896876893232883,1.0125256826059017,0.79,0.49015625,0.128046875,0.16294130565773557,0.7229224951039046,1.0323849680288437,0.79,0.501875,0.12414062499999999,0.3406124482148041,1.1129012518258758,1.343533529907335,0.79,0.689375,0.16820312499999998,-0.1776711425570685,-0.38997875672197124,-0.1874722667862989,-0.42321356250258757,60,1,57,0,0.0,0.0,0.0,0.0,0,0.0,0.0,0.0,0.0,0.0,0.0,0.0,0.0,0.6937944233589276,nan,-0.7225941823048277,2.1130624492122174,-0.013633762856867295,-0.0016804634620798625,"{""inactive"": 18}",60.0,2724.0,87168.0,44160.0,36864.0,877440.0,44736.0,1024,16.0,5632.0,5632.0,3.0,1536.0,1536.0,142200.0,QGD-D02-unequal-K9,unequal,missing,QGD-D02-unequal-K9/missing,0,1,0.9375,8,309.30971544635565,0.442144400003599
qsafe-strict,safety,0.0,paper,adam,0.0,0.5,0.05,2.0,0.15,0.15314018142850516,0.6896876893232883,1.0125256826059017,0.79,0.49015625,0.128046875,0.16294130565773557,0.7229224951039046,1.0323849680288437,0.79,0.501875,0.12414062499999999,0.3406124482148041,1.1129012518258758,1.343533529907335,0.79,0.689375,0.16820312499999998,-0.1776711425570685,-0.38997875672197124,-0.1874722667862989,-0.42321356250258757,60,1,57,0,0.0,0.0,0.0,0.0,0,0.0,0.0,0.0,0.0,0.0,0.0,0.0,0.0,0.6937944233589276,nan,-0.7225941823048277,2.1130624492122174,-0.013633762856867295,-0.0016804634620798625,"{""inactive"": 18}",60.0,2724.0,87168.0,44160.0,36864.0,877440.0,44736.0,1024,16.0,5632.0,5632.0,3.0,1536.0,1536.0,142200.0,QGD-D02-unequal-K9,unequal,missing,QGD-D02-unequal-K9/missing,0,1,0.9375,8,309.30971544635565,0.5570453000254929
lbqcd,paper,0.0,paper,adam,0.0,0.25,0.05,1.5,0.25,0.04984562317736563,0.37655328108979563,0.44571281186237544,1.0,0.3117897727272727,0.05166903409090909,0.03458081814543723,0.3012736452038484,0.3584146535336067,0.8181818181818182,0.5678267045454546,0.1376065340909091,0.03458081814543723,0.3012736452038484,0.3584146535336067,0.8181818181818182,0.5678267045454546,0.1376065340909091,0.0,0.0,0.015264805031928397,0.07527963588594722,52,0,42,0,0.0,0.0,0.0,0.0,0,0.0,0.0,0.0,0.0,nan,nan,nan,nan,nan,nan,nan,nan,nan,nan,{},60.0,2706.0,86592.0,43584.0,36864.0,860160.0,43584.0,1024,16.0,5632.0,5632.0,3.0,1536.0,1536.0,142200.0,QGD-D03-equal-K11,equal-high-mode-count,concentrated,QGD-D03-equal-K11/concentrated,0,1,2.1875,10,179.2304245744904,0.2680540999863297
qsafe-balanced,safety,0.0,paper,adam,0.0,0.25,0.05,1.5,0.25,0.04984562317736563,0.37655328108979563,0.44571281186237544,1.0,0.3117897727272727,0.05166903409090909,0.03458081814543723,0.3012736452038484,0.3584146535336067,0.8181818181818182,0.5678267045454546,0.1376065340909091,0.03458081814543723,0.3012736452038484,0.3584146535336067,0.8181818181818182,0.5678267045454546,0.1376065340909091,0.0,0.0,0.015264805031928397,0.07527963588594722,52,0,42,0,0.0,0.0,0.0,0.0,0,0.0,0.0,0.0,0.0,0.0,0.0,0.0,0.0,0.4926563482999825,nan,0.15870619255121488,1.0913768729742785,0.0016404494324626555,6.302651217370413e-06,"{""inactive"": 18}",60.0,2724.0,87168.0,44160.0,36864.0,877440.0,44736.0,1024,16.0,5632.0,5632.0,3.0,1536.0,1536.0,142200.0,QGD-D03-equal-K11,equal-high-mode-count,concentrated,QGD-D03-equal-K11/concentrated,0,1,2.1875,10,179.2304245744904,0.36677059999783523
qsafe-permissive,safety,0.0,paper,adam,0.0,0.1,0.02,1.25,0.25,0.04984562317736563,0.37655328108979563,0.44571281186237544,1.0,0.3117897727272727,0.05166903409090909,0.03458081814543723,0.3012736452038484,0.3584146535336067,0.8181818181818182,0.5678267045454546,0.1376065340909091,0.03458081814543723,0.3012736452038484,0.3584146535336067,0.8181818181818182,0.5678267045454546,0.1376065340909091,0.0,0.0,0.015264805031928397,0.07527963588594722,52,0,42,0,0.0,0.0,0.0,0.0,0,0.2777777777777778,0.0,0.2777777777777778,0.05555555555555555,0.0,0.0,0.0,0.0,0.4926563482999825,nan,0.15870619255121488,1.0913768729742785,0.0016404494324626555,6.302651217370413e-06,"{""cap-rejected"": 5, ""inactive"": 13}",60.0,2724.0,87168.0,44160.0,36864.0,877440.0,44736.0,1024,16.0,5632.0,5632.0,3.0,1536.0,1536.0,142200.0,QGD-D03-equal-K11,equal-high-mode-count,concentrated,QGD-D03-equal-K11/concentrated,0,1,2.1875,10,179.2304245744904,0.4771706000028644
qsafe-strict,safety,0.0,paper,adam,0.0,0.5,0.05,2.0,0.15,0.04984562317736563,0.37655328108979563,0.44571281186237544,1.0,0.3117897727272727,0.05166903409090909,0.03458081814543723,0.3012736452038484,0.3584146535336067,0.8181818181818182,0.5678267045454546,0.1376065340909091,0.03458081814543723,0.3012736452038484,0.3584146535336067,0.8181818181818182,0.5678267045454546,0.1376065340909091,0.0,0.0,0.015264805031928397,0.07527963588594722,52,0,42,0,0.0,0.0,0.0,0.0,0,0.0,0.0,0.0,0.0,0.0,0.0,0.0,0.0,0.4926563482999825,nan,0.15870619255121488,1.0913768729742785,0.0016404494324626555,6.302651217370413e-06,"{""inactive"": 18}",60.0,2724.0,87168.0,44160.0,36864.0,877440.0,44736.0,1024,16.0,5632.0,5632.0,3.0,1536.0,1536.0,142200.0,QGD-D03-equal-K11,equal-high-mode-count,concentrated,QGD-D03-equal-K11/concentrated,0,1,2.1875,10,179.2304245744904,0.5854017999954522
lbqcd,paper,0.0,paper,adam,0.0,0.25,0.05,1.5,0.25,0.5571435834491667,1.4789871861646078,1.5860750842468003,0.7272727272727273,0.6434659090909092,0.1434659090909091,0.5571435834491667,1.4789871861646078,1.5860750842468003,0.7272727272727273,0.6434659090909092,0.1434659090909091,0.9312907283862928,2.0136593806686363,2.094228204129422,0.6363636363636365,0.8117897727272728,0.2450284090909091,-0.3741471449371261,-0.5346721945040285,-0.3741471449371261,-0.5346721945040285,60,1,60,0,0.0,0.0,0.0,0.0,0,0.0,0.0,0.0,0.0,nan,nan,nan,nan,nan,nan,nan,nan,nan,nan,{},60.0,2706.0,86592.0,43584.0,36864.0,860160.0,43584.0,1024,16.0,5632.0,5632.0,3.0,1536.0,1536.0,142200.0,QGD-D03-equal-K11,equal-high-mode-count,missing,QGD-D03-equal-K11/missing,0,1,2.5,10,156.40848972144698,0.22429809998720884
qsafe-balanced,safety,0.0,paper,adam,0.0,0.25,0.05,1.5,0.25,0.5571435834491667,1.4789871861646078,1.5860750842468003,0.7272727272727273,0.6434659090909092,0.1434659090909091,0.5571435834491667,1.4789871861646078,1.5860750842468003,0.7272727272727273,0.6434659090909092,0.1434659090909091,0.9312907283862928,2.0136593806686363,2.094228204129422,0.6363636363636365,0.8117897727272728,0.2450284090909091,-0.3741471449371261,-0.5346721945040285,-0.3741471449371261,-0.5346721945040285,60,1,60,0,0.0,0.0,0.0,0.0,0,0.0,0.0,0.0,0.0,0.0,0.0,0.0,0.0,0.6524645997823948,nan,-0.8160595952097875,3.1857363828487006,-0.04959629459729844,-0.0030927954778382184,"{""inactive"": 18}",60.0,2724.0,87168.0,44160.0,36864.0,877440.0,44736.0,1024,16.0,5632.0,5632.0,3.0,1536.0,1536.0,142200.0,QGD-D03-equal-K11,equal-high-mode-count,missing,QGD-D03-equal-K11/missing,0,1,2.5,10,156.40848972144698,0.3273678999976255
qsafe-permissive,safety,0.0,paper,adam,0.0,0.1,0.02,1.25,0.25,0.5571435834491667,1.4789871861646078,1.5860750842468003,0.7272727272727273,0.6434659090909092,0.1434659090909091,0.5571435834491667,1.4789871861646078,1.5860750842468003,0.7272727272727273,0.6434659090909092,0.1434659090909091,0.9312907283862928,2.0136593806686363,2.094228204129422,0.6363636363636365,0.8117897727272728,0.2450284090909091,-0.3741471449371261,-0.5346721945040285,-0.3741471449371261,-0.5346721945040285,60,1,60,0,0.0,0.0,0.0,0.0,0,0.0,0.0,0.0,0.0,0.0,0.0,0.0,0.0,0.6524645997823948,nan,-0.8160595952097875,3.1857363828487006,-0.04959629459729844,-0.0030927954778382184,"{""inactive"": 18}",60.0,2724.0,87168.0,44160.0,36864.0,877440.0,44736.0,1024,16.0,5632.0,5632.0,3.0,1536.0,1536.0,142200.0,QGD-D03-equal-K11,equal-high-mode-count,missing,QGD-D03-equal-K11/missing,0,1,2.5,10,156.40848972144698,0.41765509999822825
qsafe-strict,safety,0.0,paper,adam,0.0,0.5,0.05,2.0,0.15,0.5571435834491667,1.4789871861646078,1.5860750842468003,0.7272727272727273,0.6434659090909092,0.1434659090909091,0.5571435834491667,1.4789871861646078,1.5860750842468003,0.7272727272727273,0.6434659090909092,0.1434659090909091,0.9312907283862928,2.0136593806686363,2.094228204129422,0.6363636363636365,0.8117897727272728,0.2450284090909091,-0.3741471449371261,-0.5346721945040285,-0.3741471449371261,-0.5346721945040285,60,1,60,0,0.0,0.0,0.0,0.0,0,0.0,0.0,0.0,0.0,0.0,0.0,0.0,0.0,0.6524645997823948,nan,-0.8160595952097875,3.1857363828487006,-0.04959629459729844,-0.0030927954778382184,"{""inactive"": 18}",60.0,2724.0,87168.0,44160.0,36864.0,877440.0,44736.0,1024,16.0,5632.0,5632.0,3.0,1536.0,1536.0,142200.0,QGD-D03-equal-K11,equal-high-mode-count,missing,QGD-D03-equal-K11/missing,0,1,2.5,10,156.40848972144698,0.5146581000008155
lbqcd,paper,0.0,paper,adam,0.0,0.25,0.05,1.5,0.25,0.0559306399612538,0.2896789349085986,0.3375229093484402,0.875,0.50390625,0.138671875,0.07694033611138051,0.33878076935148255,0.3853238847949467,0.9375,0.51953125,0.140625,0.09141659561884241,0.3771429270832197,0.42646862069938546,0.9375,0.578125,0.15625,-0.014476259507461897,-0.03836215773173718,-0.03548595565758861,-0.08746399217462114,42,0,47,0,0.0,0.0,0.0,0.0,0,0.0,0.0,0.0,0.0,nan,nan,nan,nan,nan,nan,nan,nan,nan,nan,{},60.0,2706.0,86592.0,43584.0,36864.0,860160.0,43584.0,1024,14.0,4608.0,4608.0,3.0,1536.0,1536.0,142200.0,QGD-D04-hetero-K8,heteroscedastic,concentrated,QGD-D04-hetero-K8/concentrated,0,1,1.9375,6,153.0093283372553,0.22548719999031164
qsafe-balanced,safety,0.0,paper,adam,0.0,0.25,0.05,1.5,0.25,0.0559306399612538,0.2896789349085986,0.3375229093484402,0.875,0.50390625,0.138671875,0.07694033611138051,0.33878076935148255,0.3853238847949467,0.9375,0.51953125,0.140625,0.09141659561884241,0.3771429270832197,0.42646862069938546,0.9375,0.578125,0.15625,-0.014476259507461897,-0.03836215773173718,-0.03548595565758861,-0.08746399217462114,42,0,47,0,0.0,0.0,0.0,0.0,0,0.0,0.0,0.0,0.0,0.0,0.0,0.0,0.0,0.2630284306920446,nan,-0.660498795390479,1.0306791943255385,-0.003393350120279715,-0.0003882240757708633,"{""inactive"": 18}",60.0,2724.0,87168.0,44160.0,36864.0,877440.0,44736.0,1024,14.0,4608.0,4608.0,3.0,1536.0,1536.0,142200.0,QGD-D04-hetero-K8,heteroscedastic,concentrated,QGD-D04-hetero-K8/concentrated,0,1,1.9375,6,153.0093283372553,0.3006996999902185
qsafe-permissive,safety,0.0,paper,adam,0.0,0.1,0.02,1.25,0.25,0.0559306399612538,0.2896789349085986,0.3375229093484402,0.875,0.50390625,0.138671875,0.07694033611138051,0.33878076935148255,0.3853238847949467,0.9375,0.51953125,0.140625,0.09141659561884241,0.3771429270832197,0.42646862069938546,0.9375,0.578125,0.15625,-0.014476259507461897,-0.03836215773173718,-0.03548595565758861,-0.08746399217462114,42,0,47,0,0.0,0.0,0.0,0.0,0,0.0,0.0,0.0,0.0,0.0,0.0,0.0,0.0,0.2630284306920446,nan,-0.660498795390479,1.0306791943255385,-0.003393350120279715,-0.0003882240757708633,"{""inactive"": 18}",60.0,2724.0,87168.0,44160.0,36864.0,877440.0,44736.0,1024,14.0,4608.0,4608.0,3.0,1536.0,1536.0,142200.0,QGD-D04-hetero-K8,heteroscedastic,concentrated,QGD-D04-hetero-K8/concentrated,0,1,1.9375,6,153.0093283372553,0.37390880001476035
qsafe-strict,safety,0.0,paper,adam,0.0,0.5,0.05,2.0,0.15,0.0559306399612538,0.2896789349085986,0.3375229093484402,0.875,0.50390625,0.138671875,0.07694033611138051,0.33878076935148255,0.3853238847949467,0.9375,0.51953125,0.140625,0.09141659561884241,0.3771429270832197,0.42646862069938546,0.9375,0.578125,0.15625,-0.014476259507461897,-0.03836215773173718,-0.03548595565758861,-0.08746399217462114,42,0,47,0,0.0,0.0,0.0,0.0,0,0.0,0.0,0.0,0.0,0.0,0.0,0.0,0.0,0.2630284306920446,nan,-0.660498795390479,1.0306791943255385,-0.003393350120279715,-0.0003882240757708633,"{""inactive"": 18}",60.0,2724.0,87168.0,44160.0,36864.0,877440.0,44736.0,1024,14.0,4608.0,4608.0,3.0,1536.0,1536.0,142200.0,QGD-D04-hetero-K8,heteroscedastic,concentrated,QGD-D04-hetero-K8/concentrated,0,1,1.9375,6,153.0093283372553,0.4513286000001244
lbqcd,paper,0.0,paper,adam,0.0,0.25,0.05,1.5,0.25,0.4160931926632081,1.2072073107116148,1.2606200968500547,0.8125,0.6640625,0.19140625,0.4728805316699427,1.271725909800842,1.3159684178548392,0.8125,0.7109375,0.205078125,0.8719309582952812,1.720283650412681,1.758415092635295,0.5625,0.89453125,0.271484375,-0.3990504266253385,-0.44855774061183906,-0.4558377656320731,-0.5130763397010663,60,1,57,0,0.0,0.0,0.0,0.0,0,0.0,0.0,0.0,0.0,nan,nan,nan,nan,nan,nan,nan,nan,nan,nan,{},60.0,2706.0,86592.0,43584.0,36864.0,860160.0,43584.0,1024,16.0,5632.0,5632.0,3.0,1536.0,1536.0,142200.0,QGD-D04-hetero-K8,heteroscedastic,missing,QGD-D04-hetero-K8/missing,0,1,2.1875,5,173.6075207662028,0.2520675999985542
qsafe-balanced,safety,0.0,paper,adam,0.0,0.25,0.05,1.5,0.25,0.4160931926632081,1.2072073107116148,1.2606200968500547,0.8125,0.6640625,0.19140625,0.4728805316699427,1.271725909800842,1.3159684178548392,0.8125,0.7109375,0.205078125,0.8719309582952812,1.720283650412681,1.758415092635295,0.5625,0.89453125,0.271484375,-0.3990504266253385,-0.44855774061183906,-0.4558377656320731,-0.5130763397010663,60,1,57,0,0.0,0.0,0.0,0.0,0,0.0,0.0,0.0,0.0,0.0,0.0,0.0,0.0,0.8027391039171773,nan,-0.8196293064189297,3.0483501962956,-0.0414087691965841,-0.0039105389794011625,"{""inactive"": 18}",60.0,2724.0,87168.0,44160.0,36864.0,877440.0,44736.0,1024,16.0,5632.0,5632.0,3.0,1536.0,1536.0,142200.0,QGD-D04-hetero-K8,heteroscedastic,missing,QGD-D04-hetero-K8/missing,0,1,2.1875,5,173.6075207662028,0.34472349999123253
qsafe-permissive,safety,0.0,paper,adam,0.0,0.1,0.02,1.25,0.25,0.4160931926632081,1.2072073107116148,1.2606200968500547,0.8125,0.6640625,0.19140625,0.4728805316699427,1.271725909800842,1.3159684178548392,0.8125,0.7109375,0.205078125,0.8719309582952812,1.720283650412681,1.758415092635295,0.5625,0.89453125,0.271484375,-0.3990504266253385,-0.44855774061183906,-0.4558377656320731,-0.5130763397010663,60,1,57,0,0.0,0.0,0.0,0.0,0,0.0,0.0,0.0,0.0,0.0,0.0,0.0,0.0,0.8027391039171773,nan,-0.8196293064189297,3.0483501962956,-0.0414087691965841,-0.0039105389794011625,"{""inactive"": 18}",60.0,2724.0,87168.0,44160.0,36864.0,877440.0,44736.0,1024,16.0,5632.0,5632.0,3.0,1536.0,1536.0,142200.0,QGD-D04-hetero-K8,heteroscedastic,missing,QGD-D04-hetero-K8/missing,0,1,2.1875,5,173.6075207662028,0.4448316999769304
qsafe-strict,safety,0.0,paper,adam,0.0,0.5,0.05,2.0,0.15,0.4160931926632081,1.2072073107116148,1.2606200968500547,0.8125,0.6640625,0.19140625,0.4728805316699427,1.271725909800842,1.3159684178548392,0.8125,0.7109375,0.205078125,0.8719309582952812,1.720283650412681,1.758415092635295,0.5625,0.89453125,0.271484375,-0.3990504266253385,-0.44855774061183906,-0.4558377656320731,-0.5130763397010663,60,1,57,0,0.0,0.0,0.0,0.0,0,0.0,0.0,0.0,0.0,0.0,0.0,0.0,0.0,0.8027391039171773,nan,-0.8196293064189297,3.0483501962956,-0.0414087691965841,-0.0039105389794011625,"{""inactive"": 18}",60.0,2724.0,87168.0,44160.0,36864.0,877440.0,44736.0,1024,16.0,5632.0,5632.0,3.0,1536.0,1536.0,142200.0,QGD-D04-hetero-K8,heteroscedastic,missing,QGD-D04-hetero-K8/missing,0,1,2.1875,5,173.6075207662028,0.5410419999971054
lbqcd,paper,0.0,paper,adam,0.0,0.25,0.05,1.5,0.25,0.006706152816286948,0.05037395999516975,0.1079033876136665,1.0,0.3426339285714285,0.10128348214285715,0.005514490446915654,0.054128217024240345,0.1007383115833382,1.0,0.3543526785714285,0.10323660714285715,0.006563626984866566,0.08081433135927374,0.1040243422881255,1.0,0.3577008928571428,0.0943080357142857,-0.001049136537950912,-0.026686114335033394,0.00014252583142038144,-0.03044037136410399,42,0,52,0,0.0,0.0,0.0,0.0,0,0.0,0.0,0.0,0.0,nan,nan,nan,nan,nan,nan,nan,nan,nan,nan,{},60.0,60.0,1920.0,1920.0,36864.0,13440.0,1920.0,1024,16.0,5632.0,5632.0,3.0,1536.0,1536.0,142200.0,QGD-D05-overlap-K6,overlap,concentrated,QGD-D05-overlap-K6/concentrated,0,0,32.0,0,0.0,0.10860460001276806
qsafe-balanced,safety,0.0,paper,adam,0.0,0.25,0.05,1.5,0.25,0.006706152816286948,0.05037395999516975,0.1079033876136665,1.0,0.3426339285714285,0.10128348214285715,0.005514490446915654,0.054128217024240345,0.1007383115833382,1.0,0.3543526785714285,0.10323660714285715,0.006563626984866566,0.08081433135927374,0.1040243422881255,1.0,0.3577008928571428,0.0943080357142857,-0.001049136537950912,-0.026686114335033394,0.00014252583142038144,-0.03044037136410399,42,0,52,0,0.0,0.0,0.0,0.0,0,0.1111111111111111,0.0,0.1111111111111111,0.0,0.0,0.0,0.0,0.0,-0.09866524943054952,nan,-0.6198713670637452,1.2432371269737412,5.7989481322156836e-06,7.750852398807153e-06,"{""cap-rejected"": 2, ""inactive"": 16}",60.0,78.0,2496.0,2496.0,36864.0,30720.0,3072.0,1024,16.0,5632.0,5632.0,3.0,1536.0,1536.0,142200.0,QGD-D05-overlap-K6,overlap,concentrated,QGD-D05-overlap-K6/concentrated,0,0,32.0,0,0.0,0.21516790002351627
qsafe-permissive,safety,0.0,paper,adam,0.0,0.1,0.02,1.25,0.25,0.006706152816286948,0.05037395999516975,0.1079033876136665,1.0,0.3426339285714285,0.10128348214285715,0.005514490446915654,0.054128217024240345,0.1007383115833382,1.0,0.3543526785714285,0.10323660714285715,0.006563626984866566,0.08081433135927374,0.1040243422881255,1.0,0.3577008928571428,0.0943080357142857,-0.001049136537950912,-0.026686114335033394,0.00014252583142038144,-0.03044037136410399,42,0,52,0,0.0,0.0,0.0,0.0,0,0.16666666666666666,0.0,0.16666666666666666,0.0,0.0,0.0,0.0,0.0,-0.09866524943054952,nan,-0.6198713670637452,1.2432371269737412,5.7989481322156836e-06,7.750852398807153e-06,"{""cap-rejected"": 3, ""inactive"": 15}",60.0,78.0,2496.0,2496.0,36864.0,30720.0,3072.0,1024,16.0,5632.0,5632.0,3.0,1536.0,1536.0,142200.0,QGD-D05-overlap-K6,overlap,concentrated,QGD-D05-overlap-K6/concentrated,0,0,32.0,0,0.0,0.32413230001111515
qsafe-strict,safety,0.0,paper,adam,0.0,0.5,0.05,2.0,0.15,0.006706152816286948,0.05037395999516975,0.1079033876136665,1.0,0.3426339285714285,0.10128348214285715,0.005514490446915654,0.054128217024240345,0.1007383115833382,1.0,0.3543526785714285,0.10323660714285715,0.006563626984866566,0.08081433135927374,0.1040243422881255,1.0,0.3577008928571428,0.0943080357142857,-0.001049136537950912,-0.026686114335033394,0.00014252583142038144,-0.03044037136410399,42,0,52,0,0.0,0.0,0.0,0.0,0,0.0,0.0,0.0,0.0,0.0,0.0,0.0,0.0,-0.09866524943054952,nan,-0.6198713670637452,1.2432371269737412,5.7989481322156836e-06,7.750852398807153e-06,"{""inactive"": 18}",60.0,78.0,2496.0,2496.0,36864.0,30720.0,3072.0,1024,16.0,5632.0,5632.0,3.0,1536.0,1536.0,142200.0,QGD-D05-overlap-K6,overlap,concentrated,QGD-D05-overlap-K6/concentrated,0,0,32.0,0,0.0,0.4248819000204094
lbqcd,paper,0.0,paper,adam,0.0,0.25,0.05,1.5,0.25,0.008214798769290765,0.10908238311146819,0.12228831294434858,1.0,0.3465401785714286,0.1333705357142857,0.010545770708747293,0.060883802373481136,0.09921485194865545,1.0,0.2276785714285714,0.06026785714285715,0.058191726205924055,0.17623544472534855,0.20061149423031313,1.0,0.26171875,0.07142857142857142,-0.04764595549717676,-0.11535164235186741,-0.04997692743663329,-0.06715306161388036,42,0,47,0,0.0,0.0,0.0,0.0,0,0.0,0.0,0.0,0.0,nan,nan,nan,nan,nan,nan,nan,nan,nan,nan,{},60.0,60.0,1920.0,1920.0,36864.0,13440.0,1920.0,1024,14.0,4608.0,4608.0,3.0,1536.0,1536.0,142200.0,QGD-D05-overlap-K6,overlap,missing,QGD-D05-overlap-K6/missing,0,0,32.0,0,0.0,0.08933170000091195
qsafe-balanced,safety,0.0,paper,adam,0.0,0.25,0.05,1.5,0.25,0.008214798769290765,0.10908238311146819,0.12228831294434858,1.0,0.3465401785714286,0.1333705357142857,0.010545770708747293,0.060883802373481136,0.09921485194865545,1.0,0.2276785714285714,0.06026785714285715,0.058191726205924055,0.17623544472534855,0.20061149423031313,1.0,0.26171875,0.07142857142857142,-0.04764595549717676,-0.11535164235186741,-0.04997692743663329,-0.06715306161388036,42,0,47,0,0.0,0.0,0.0,0.0,0,0.05555555555555555,0.0,0.05555555555555555,0.0,0.0,0.0,0.0,0.0,0.5270763243710976,nan,-0.6829996373237925,1.0426255815030792,0.0002823256500880995,7.857305125641657e-05,"{""cap-rejected"": 1, ""inactive"": 17}",60.0,78.0,2496.0,2496.0,36864.0,30720.0,3072.0,1024,14.0,4608.0,4608.0,3.0,1536.0,1536.0,142200.0,QGD-D05-overlap-K6,overlap,missing,QGD-D05-overlap-K6/missing,0,0,32.0,0,0.0,0.17851100000552833
qsafe-permissive,safety,0.0,paper,adam,0.0,0.1,0.02,1.25,0.25,0.008044505625819709,0.10778775682737678,0.12090322249983741,1.0,0.3465401785714286,0.1333705357142857,0.010545770708747293,0.060883802373481136,0.09921485194865545,1.0,0.2276785714285714,0.06026785714285715,0.058191726205924055,0.17623544472534855,0.20061149423031313,1.0,0.26171875,0.07142857142857142,-0.04764595549717676,-0.11535164235186741,-0.050147220580104346,-0.06844768789797177,42,0,47,0,0.05555555555555555,0.0,0.0,0.0,0,0.1111111111111111,0.05555555555555555,0.05555555555555555,0.0,0.0,0.0,0.0,0.0,0.5270763243710976,nan,-0.6800201551725121,1.0426255815030792,0.00015718165954534423,7.857305125641657e-05,"{""cap-rejected"": 1, ""inactive"": 16, ""intervened"": 1}",60.0,78.0,2496.0,2496.0,36864.0,30720.0,3072.0,1024,14.0,4608.0,4608.0,3.0,1536.0,1536.0,142200.0,QGD-D05-overlap-K6,overlap,missing,QGD-D05-overlap-K6/missing,0,0,32.0,0,0.0,0.2622030999918934
qsafe-strict,safety,0.0,paper,adam,0.0,0.5,0.05,2.0,0.15,0.008214798769290765,0.10908238311146819,0.12228831294434858,1.0,0.3465401785714286,0.1333705357142857,0.010545770708747293,0.060883802373481136,0.09921485194865545,1.0,0.2276785714285714,0.06026785714285715,0.058191726205924055,0.17623544472534855,0.20061149423031313,1.0,0.26171875,0.07142857142857142,-0.04764595549717676,-0.11535164235186741,-0.04997692743663329,-0.06715306161388036,42,0,47,0,0.0,0.0,0.0,0.0,0,0.05555555555555555,0.0,0.05555555555555555,0.0,0.0,0.0,0.0,0.0,0.5270763243710976,nan,-0.6829996373237925,1.0426255815030792,0.0002823256500880995,7.857305125641657e-05,"{""cap-rejected"": 1, ""inactive"": 17}",60.0,78.0,2496.0,2496.0,36864.0,30720.0,3072.0,1024,14.0,4608.0,4608.0,3.0,1536.0,1536.0,142200.0,QGD-D05-overlap-K6,overlap,missing,QGD-D05-overlap-K6/missing,0,0,32.0,0,0.0,0.3488309999811463
lbqcd,paper,0.0,paper,adam,0.0,0.25,0.05,1.5,0.25,0.07754542195714009,0.33486620859471455,0.6718839695006754,0.9624999999999999,0.24296875000000004,0.09492187499999999,0.08250163599132421,0.3533187559722133,0.6774790675653178,0.9624999999999999,0.25859375000000007,0.09882812499999999,0.13681423666698755,0.5084804056807272,0.7537265301676828,0.9624999999999999,0.44218750000000007,0.14375,-0.05431260067566335,-0.15516164970851387,-0.05926881470984746,-0.1736141970860126,42,0,57,0,0.0,0.0,0.0,0.0,0,0.0,0.0,0.0,0.0,nan,nan,nan,nan,nan,nan,nan,nan,nan,nan,{},60.0,2706.0,86592.0,43584.0,36864.0,860160.0,43584.0,1024,16.0,5632.0,5632.0,3.0,1536.0,1536.0,142200.0,QGD-D06-contaminated,contaminated,concentrated,QGD-D06-contaminated/concentrated,0,1,1.6875,7,1245.5835958227528,0.24098669999511912
qsafe-balanced,safety,0.0,paper,adam,0.0,0.25,0.05,1.5,0.25,0.07754542195714009,0.33486620859471455,0.6718839695006754,0.9624999999999999,0.24296875000000004,0.09492187499999999,0.08250163599132421,0.3533187559722133,0.6774790675653178,0.9624999999999999,0.25859375000000007,0.09882812499999999,0.13681423666698755,0.5084804056807272,0.7537265301676828,0.9624999999999999,0.44218750000000007,0.14375,-0.05431260067566335,-0.15516164970851387,-0.05926881470984746,-0.1736141970860126,42,0,57,0,0.0,0.0,0.0,0.0,0,0.0,0.0,0.0,0.0,0.0,0.0,0.0,0.0,0.24122820677557183,nan,-0.592297890029923,0.9970524182566473,-0.003637461596876266,-0.0007363012290028668,"{""inactive"": 18}",60.0,2724.0,87168.0,44160.0,36864.0,877440.0,44736.0,1024,16.0,5632.0,5632.0,3.0,1536.0,1536.0,142200.0,QGD-D06-contaminated,contaminated,concentrated,QGD-D06-contaminated/concentrated,0,1,1.6875,7,1245.5835958227528,0.3315364000154659
qsafe-permissive,safety,0.0,paper,adam,0.0,0.1,0.02,1.25,0.25,0.07754542195714009,0.33486620859471455,0.6718839695006754,0.9624999999999999,0.24296875000000004,0.09492187499999999,0.08250163599132421,0.3533187559722133,0.6774790675653178,0.9624999999999999,0.25859375000000007,0.09882812499999999,0.13681423666698755,0.5084804056807272,0.7537265301676828,0.9624999999999999,0.44218750000000007,0.14375,-0.05431260067566335,-0.15516164970851387,-0.05926881470984746,-0.1736141970860126,42,0,57,0,0.0,0.0,0.0,0.0,0,0.0,0.0,0.0,0.0,0.0,0.0,0.0,0.0,0.24122820677557183,nan,-0.592297890029923,0.9970524182566473,-0.003637461596876266,-0.0007363012290028668,"{""inactive"": 18}",60.0,2724.0,87168.0,44160.0,36864.0,877440.0,44736.0,1024,16.0,5632.0,5632.0,3.0,1536.0,1536.0,142200.0,QGD-D06-contaminated,contaminated,concentrated,QGD-D06-contaminated/concentrated,0,1,1.6875,7,1245.5835958227528,0.41991630001575686
qsafe-strict,safety,0.0,paper,adam,0.0,0.5,0.05,2.0,0.15,0.07754542195714009,0.33486620859471455,0.6718839695006754,0.9624999999999999,0.24296875000000004,0.09492187499999999,0.08250163599132421,0.3533187559722133,0.6774790675653178,0.9624999999999999,0.25859375000000007,0.09882812499999999,0.13681423666698755,0.5084804056807272,0.7537265301676828,0.9624999999999999,0.44218750000000007,0.14375,-0.05431260067566335,-0.15516164970851387,-0.05926881470984746,-0.1736141970860126,42,0,57,0,0.0,0.0,0.0,0.0,0,0.0,0.0,0.0,0.0,0.0,0.0,0.0,0.0,0.24122820677557183,nan,-0.592297890029923,0.9970524182566473,-0.003637461596876266,-0.0007363012290028668,"{""inactive"": 18}",60.0,2724.0,87168.0,44160.0,36864.0,877440.0,44736.0,1024,16.0,5632.0,5632.0,3.0,1536.0,1536.0,142200.0,QGD-D06-contaminated,contaminated,concentrated,QGD-D06-contaminated/concentrated,0,1,1.6875,7,1245.5835958227528,0.5182009999989532
lbqcd,paper,0.0,paper,adam,0.0,0.25,0.05,1.5,0.25,0.11117515254488541,0.5523756269821958,0.8450170885813088,0.9624999999999999,0.359375,0.1296875,0.1304024338360006,0.6156238829575554,0.8851580005779511,0.9624999999999999,0.4,0.131640625,0.4043256376057647,1.191347937975257,1.344402860940327,0.825,0.57734375,0.223828125,-0.2739232037697641,-0.5757240550177015,-0.29315048506087926,-0.6389723109930612,60,1,57,0,0.0,0.0,0.0,0.0,0,0.0,0.0,0.0,0.0,nan,nan,nan,nan,nan,nan,nan,nan,nan,nan,{},60.0,2706.0,86592.0,43584.0,36864.0,860160.0,43584.0,1024,16.0,5632.0,5632.0,3.0,1536.0,1536.0,142200.0,QGD-D06-contaminated,contaminated,missing,QGD-D06-contaminated/missing,0,1,1.3125,7,1169.6859391041917,0.23834209999768063
qsafe-balanced,safety,0.0,paper,adam,0.0,0.25,0.05,1.5,0.25,0.11117515254488541,0.5523756269821958,0.8450170885813088,0.9624999999999999,0.359375,0.1296875,0.1304024338360006,0.6156238829575554,0.8851580005779511,0.9624999999999999,0.4,0.131640625,0.4043256376057647,1.191347937975257,1.344402860940327,0.825,0.57734375,0.223828125,-0.2739232037697641,-0.5757240550177015,-0.29315048506087926,-0.6389723109930612,60,1,57,0,0.0,0.0,0.0,0.0,0,0.0,0.0,0.0,0.0,0.0,0.0,0.0,0.0,0.5952324461675376,nan,-0.7848541281604118,1.5394568348172561,-0.03888606541666082,-0.002808404038570328,"{""inactive"": 18}",60.0,2724.0,87168.0,44160.0,36864.0,877440.0,44736.0,1024,16.0,5632.0,5632.0,3.0,1536.0,1536.0,142200.0,QGD-D06-contaminated,contaminated,missing,QGD-D06-contaminated/missing,0,1,1.3125,7,1169.6859391041917,0.32679799999459647
qsafe-permissive,safety,0.0,paper,adam,0.0,0.1,0.02,1.25,0.25,0.11117515254488541,0.5523756269821958,0.8450170885813088,0.9624999999999999,0.359375,0.1296875,0.1304024338360006,0.6156238829575554,0.8851580005779511,0.9624999999999999,0.4,0.131640625,0.4043256376057647,1.191347937975257,1.344402860940327,0.825,0.57734375,0.223828125,-0.2739232037697641,-0.5757240550177015,-0.29315048506087926,-0.6389723109930612,60,1,57,0,0.0,0.0,0.0,0.0,0,0.0,0.0,0.0,0.0,0.0,0.0,0.0,0.0,0.5952324461675376,nan,-0.7848541281604118,1.5394568348172561,-0.03888606541666082,-0.002808404038570328,"{""inactive"": 18}",60.0,2724.0,87168.0,44160.0,36864.0,877440.0,44736.0,1024,16.0,5632.0,5632.0,3.0,1536.0,1536.0,142200.0,QGD-D06-contaminated,contaminated,missing,QGD-D06-contaminated/missing,0,1,1.3125,7,1169.6859391041917,0.41301230000681244
qsafe-strict,safety,0.0,paper,adam,0.0,0.5,0.05,2.0,0.15,0.11117515254488541,0.5523756269821958,0.8450170885813088,0.9624999999999999,0.359375,0.1296875,0.1304024338360006,0.6156238829575554,0.8851580005779511,0.9624999999999999,0.4,0.131640625,0.4043256376057647,1.191347937975257,1.344402860940327,0.825,0.57734375,0.223828125,-0.2739232037697641,-0.5757240550177015,-0.29315048506087926,-0.6389723109930612,60,1,57,0,0.0,0.0,0.0,0.0,0,0.0,0.0,0.0,0.0,0.0,0.0,0.0,0.0,0.5952324461675376,nan,-0.7848541281604118,1.5394568348172561,-0.03888606541666082,-0.002808404038570328,"{""inactive"": 18}",60.0,2724.0,87168.0,44160.0,36864.0,877440.0,44736.0,1024,16.0,5632.0,5632.0,3.0,1536.0,1536.0,142200.0,QGD-D06-contaminated,contaminated,missing,QGD-D06-contaminated/missing,0,1,1.3125,7,1169.6859391041917,0.5023166000028141
lbqcd,paper,0.0,paper,adam,0.0,0.25,0.05,1.5,0.25,0.012385800149691928,0.15136744549846842,0.3916800811981841,1.0,0.0,0.0,0.028963569209260243,0.19830073278085852,0.3746910649333355,1.0,0.0,0.0,0.028963569209260243,0.19830073278085852,0.3746910649333355,1.0,0.0,0.0,0.0,0.0,-0.016577769059568315,-0.0469332872823901,42,0,42,0,0.0,0.0,0.0,0.0,0,0.0,0.0,0.0,0.0,nan,nan,nan,nan,nan,nan,nan,nan,nan,nan,{},60.0,60.0,1920.0,1920.0,36864.0,13440.0,1920.0,1024,16.0,5632.0,5632.0,3.0,1536.0,1536.0,142200.0,QGD-D07-student-t4.2,connected-heavy-tail,concentrated,QGD-D07-student-t4.2/concentrated,0,0,32.0,0,0.0,0.1038245000236202
qsafe-balanced,safety,0.0,paper,adam,0.0,0.25,0.05,1.5,0.25,0.012385800149691928,0.15136744549846842,0.3916800811981841,1.0,0.0,0.0,0.028963569209260243,0.19830073278085852,0.3746910649333355,1.0,0.0,0.0,0.028963569209260243,0.19830073278085852,0.3746910649333355,1.0,0.0,0.0,0.0,0.0,-0.016577769059568315,-0.0469332872823901,42,0,42,0,0.0,0.0,0.0,0.0,0,0.0,0.0,0.0,0.0,0.0,0.0,0.0,0.0,0.16299414526146846,nan,-0.3413410576385917,0.8669050024311273,0.00017457957000739034,-0.00010076768676139663,"{""inactive"": 18}",60.0,78.0,2496.0,2496.0,36864.0,30720.0,3072.0,1024,16.0,5632.0,5632.0,3.0,1536.0,1536.0,142200.0,QGD-D07-student-t4.2,connected-heavy-tail,concentrated,QGD-D07-student-t4.2/concentrated,0,0,32.0,0,0.0,0.21097550002741627
qsafe-permissive,safety,0.0,paper,adam,0.0,0.1,0.02,1.25,0.25,0.012385800149691928,0.15136744549846842,0.3916800811981841,1.0,0.0,0.0,0.028963569209260243,0.19830073278085852,0.3746910649333355,1.0,0.0,0.0,0.028963569209260243,0.19830073278085852,0.3746910649333355,1.0,0.0,0.0,0.0,0.0,-0.016577769059568315,-0.0469332872823901,42,0,42,0,0.0,0.0,0.0,0.0,0,0.05555555555555555,0.0,0.05555555555555555,0.0,0.0,0.0,0.0,0.0,0.16299414526146846,nan,-0.3413410576385917,0.8669050024311273,0.00017457957000739034,-0.00010076768676139663,"{""cap-rejected"": 1, ""inactive"": 17}",60.0,78.0,2496.0,2496.0,36864.0,30720.0,3072.0,1024,16.0,5632.0,5632.0,3.0,1536.0,1536.0,142200.0,QGD-D07-student-t4.2,connected-heavy-tail,concentrated,QGD-D07-student-t4.2/concentrated,0,0,32.0,0,0.0,0.31005360002745874
qsafe-strict,safety,0.0,paper,adam,0.0,0.5,0.05,2.0,0.15,0.012385800149691928,0.15136744549846842,0.3916800811981841,1.0,0.0,0.0,0.028963569209260243,0.19830073278085852,0.3746910649333355,1.0,0.0,0.0,0.028963569209260243,0.19830073278085852,0.3746910649333355,1.0,0.0,0.0,0.0,0.0,-0.016577769059568315,-0.0469332872823901,42,0,42,0,0.0,0.0,0.0,0.0,0,0.0,0.0,0.0,0.0,0.0,0.0,0.0,0.0,0.16299414526146846,nan,-0.3413410576385917,0.8669050024311273,0.00017457957000739034,-0.00010076768676139663,"{""inactive"": 18}",60.0,78.0,2496.0,2496.0,36864.0,30720.0,3072.0,1024,16.0,5632.0,5632.0,3.0,1536.0,1536.0,142200.0,QGD-D07-student-t4.2,connected-heavy-tail,concentrated,QGD-D07-student-t4.2/concentrated,0,0,32.0,0,0.0,0.4050046000047587
lbqcd,paper,0.0,paper,adam,0.0,0.25,0.05,1.5,0.25,0.013413276160891163,0.14086642388006515,0.5394436343185879,1.0,0.0,0.0,0.012202808344930594,0.13966374534027934,0.5379872752854096,1.0,0.0,0.0,0.010380070946864661,0.1599433722664327,0.5319461138543774,1.0,0.0,0.0,0.0018227373980659323,-0.02027962692615337,0.003033205214026502,-0.01907694838636756,42,0,52,0,0.0,0.0,0.0,0.0,0,0.0,0.0,0.0,0.0,nan,nan,nan,nan,nan,nan,nan,nan,nan,nan,{},60.0,60.0,1920.0,1920.0,36864.0,13440.0,1920.0,1024,16.0,5632.0,5632.0,3.0,1536.0,1536.0,142200.0,QGD-D07-student-t4.2,connected-heavy-tail,missing,QGD-D07-student-t4.2/missing,0,0,32.0,0,0.0,0.0911721000156831
qsafe-balanced,safety,0.0,paper,adam,0.0,0.25,0.05,1.5,0.25,0.013413276160891163,0.14086642388006515,0.5394436343185879,1.0,0.0,0.0,0.012202808344930594,0.13966374534027934,0.5379872752854096,1.0,0.0,0.0,0.010380070946864661,0.1599433722664327,0.5319461138543774,1.0,0.0,0.0,0.0018227373980659323,-0.02027962692615337,0.003033205214026502,-0.01907694838636756,42,0,52,0,0.0,0.0,0.0,0.0,0,0.0,0.0,0.0,0.0,0.0,0.0,0.0,0.0,0.47566169269617703,nan,-0.21458017812318908,0.9262346990741863,-0.00018648038080825954,-2.996724419326736e-05,"{""inactive"": 18}",60.0,78.0,2496.0,2496.0,36864.0,30720.0,3072.0,1024,16.0,5632.0,5632.0,3.0,1536.0,1536.0,142200.0,QGD-D07-student-t4.2,connected-heavy-tail,missing,QGD-D07-student-t4.2/missing,0,0,32.0,0,0.0,0.18986430001677945
qsafe-permissive,safety,0.0,paper,adam,0.0,0.1,0.02,1.25,0.25,0.013382648271859088,0.14046682734932678,0.539120296052549,1.0,0.0,0.0,0.012168308306439446,0.13951007446440464,0.5376080054932048,1.0,0.0,0.0,0.010380070946864661,0.1599433722664327,0.5319461138543774,1.0,0.0,0.0,0.0017882373595747847,-0.020433297802028072,0.0030025773249944265,-0.01947654491710593,42,0,52,0,0.05555555555555555,0.0,0.0,0.0,0,0.1111111111111111,0.05555555555555555,0.05555555555555555,0.0,0.0,0.0,0.0,0.0,0.4810470336632222,nan,-0.21397154231736654,0.9259915915306189,-0.00018998054948933497,-2.996724419326736e-05,"{""cap-rejected"": 1, ""inactive"": 16, ""intervened"": 1}",60.0,78.0,2496.0,2496.0,36864.0,30720.0,3072.0,1024,16.0,5632.0,5632.0,3.0,1536.0,1536.0,142200.0,QGD-D07-student-t4.2,connected-heavy-tail,missing,QGD-D07-student-t4.2/missing,0,0,32.0,0,0.0,0.28614939999533817
qsafe-strict,safety,0.0,paper,adam,0.0,0.5,0.05,2.0,0.15,0.013413276160891163,0.14086642388006515,0.5394436343185879,1.0,0.0,0.0,0.012202808344930594,0.13966374534027934,0.5379872752854096,1.0,0.0,0.0,0.010380070946864661,0.1599433722664327,0.5319461138543774,1.0,0.0,0.0,0.0018227373980659323,-0.02027962692615337,0.003033205214026502,-0.01907694838636756,42,0,52,0,0.0,0.0,0.0,0.0,0,0.0,0.0,0.0,0.0,0.0,0.0,0.0,0.0,0.47566169269617703,nan,-0.21458017812318908,0.9262346990741863,-0.00018648038080825954,-2.996724419326736e-05,"{""inactive"": 18}",60.0,78.0,2496.0,2496.0,36864.0,30720.0,3072.0,1024,16.0,5632.0,5632.0,3.0,1536.0,1536.0,142200.0,QGD-D07-student-t4.2,connected-heavy-tail,missing,QGD-D07-student-t4.2/missing,0,0,32.0,0,0.0,0.3876563000085298
lbqcd,paper,0.0,paper,adam,0.0,0.25,0.05,1.5,0.25,0.005603303989353492,0.11183820016100732,0.190834577713946,1.0000000000000002,0.37203125000000004,0.12242187499999999,0.006123552881849403,0.11150565438430775,0.1962244436386016,1.0000000000000002,0.36031250000000004,0.12046874999999999,0.007815257874233317,0.12422010981543058,0.2145947570884833,1.0000000000000002,0.30171875000000004,0.12234375000000003,-0.0016917049923839134,-0.012714455431122831,-0.002211953884879825,-0.012381909654423262,42,0,52,0,0.0,0.0,0.0,0.0,0,0.0,0.0,0.0,0.0,nan,nan,nan,nan,nan,nan,nan,nan,nan,nan,{},60.0,60.0,1920.0,1920.0,36864.0,13440.0,1920.0,1024,16.0,5632.0,5632.0,3.0,1536.0,1536.0,142200.0,QGD-D08-connected-skew-mixture,connected-skew,concentrated,QGD-D08-connected-skew-mixture/concentrated,0,0,32.0,0,0.0,0.09086629998637363
qsafe-balanced,safety,0.0,paper,adam,0.0,0.25,0.05,1.5,0.25,0.005603303989353492,0.11183820016100732,0.190834577713946,1.0000000000000002,0.37203125000000004,0.12242187499999999,0.006123552881849403,0.11150565438430775,0.1962244436386016,1.0000000000000002,0.36031250000000004,0.12046874999999999,0.007815257874233317,0.12422010981543058,0.2145947570884833,1.0000000000000002,0.30171875000000004,0.12234375000000003,-0.0016917049923839134,-0.012714455431122831,-0.002211953884879825,-0.012381909654423262,42,0,52,0,0.0,0.0,0.0,0.0,0,0.0,0.0,0.0,0.0,0.0,0.0,0.0,0.0,-0.11332897085194178,nan,-0.4989960604410338,1.1822224231549674,-0.00021426170077012068,-1.6741775767240825e-05,"{""inactive"": 18}",60.0,78.0,2496.0,2496.0,36864.0,30720.0,3072.0,1024,16.0,5632.0,5632.0,3.0,1536.0,1536.0,142200.0,QGD-D08-connected-skew-mixture,connected-skew,concentrated,QGD-D08-connected-skew-mixture/concentrated,0,0,32.0,0,0.0,0.19219659999362193
qsafe-permissive,safety,0.0,paper,adam,0.0,0.1,0.02,1.25,0.25,0.005603303989353492,0.11183820016100732,0.190834577713946,1.0000000000000002,0.37203125000000004,0.12242187499999999,0.006123552881849403,0.11150565438430775,0.1962244436386016,1.0000000000000002,0.36031250000000004,0.12046874999999999,0.007815257874233317,0.12422010981543058,0.2145947570884833,1.0000000000000002,0.30171875000000004,0.12234375000000003,-0.0016917049923839134,-0.012714455431122831,-0.002211953884879825,-0.012381909654423262,42,0,52,0,0.0,0.0,0.0,0.0,0,0.0,0.0,0.0,0.0,0.0,0.0,0.0,0.0,-0.11332897085194178,nan,-0.4989960604410338,1.1822224231549674,-0.00021426170077012068,-1.6741775767240825e-05,"{""inactive"": 18}",60.0,78.0,2496.0,2496.0,36864.0,30720.0,3072.0,1024,16.0,5632.0,5632.0,3.0,1536.0,1536.0,142200.0,QGD-D08-connected-skew-mixture,connected-skew,concentrated,QGD-D08-connected-skew-mixture/concentrated,0,0,32.0,0,0.0,0.2838658000109717
qsafe-strict,safety,0.0,paper,adam,0.0,0.5,0.05,2.0,0.15,0.005603303989353492,0.11183820016100732,0.190834577713946,1.0000000000000002,0.37203125000000004,0.12242187499999999,0.006123552881849403,0.11150565438430775,0.1962244436386016,1.0000000000000002,0.36031250000000004,0.12046874999999999,0.007815257874233317,0.12422010981543058,0.2145947570884833,1.0000000000000002,0.30171875000000004,0.12234375000000003,-0.0016917049923839134,-0.012714455431122831,-0.002211953884879825,-0.012381909654423262,42,0,52,0,0.0,0.0,0.0,0.0,0,0.0,0.0,0.0,0.0,0.0,0.0,0.0,0.0,-0.11332897085194178,nan,-0.4989960604410338,1.1822224231549674,-0.00021426170077012068,-1.6741775767240825e-05,"{""inactive"": 18}",60.0,78.0,2496.0,2496.0,36864.0,30720.0,3072.0,1024,16.0,5632.0,5632.0,3.0,1536.0,1536.0,142200.0,QGD-D08-connected-skew-mixture,connected-skew,concentrated,QGD-D08-connected-skew-mixture/concentrated,0,0,32.0,0,0.0,0.3738876999996137
lbqcd,paper,0.0,paper,adam,0.0,0.25,0.05,1.5,0.25,0.03879469927182533,0.19229695287849996,0.22490936740148734,1.0000000000000002,0.38531249999999995,0.19265625000000003,0.010668612495962959,0.11488453814078581,0.2068622281213302,1.0000000000000002,0.32671874999999995,0.16335937500000003,0.022477185132319333,0.17917014597703373,0.27934269423261454,1.0000000000000002,0.33234374999999994,0.14390624999999999,-0.011808572636356374,-0.06428560783624793,0.016317514139505995,0.013126806901466226,42,0,47,0,0.0,0.0,0.0,0.0,0,0.0,0.0,0.0,0.0,nan,nan,nan,nan,nan,nan,nan,nan,nan,nan,{},60.0,60.0,1920.0,1920.0,36864.0,13440.0,1920.0,1024,16.0,5632.0,5632.0,3.0,1536.0,1536.0,142200.0,QGD-D08-connected-skew-mixture,connected-skew,missing,QGD-D08-connected-skew-mixture/missing,0,0,32.0,0,0.0,0.09864749998087063
qsafe-balanced,safety,0.0,paper,adam,0.0,0.25,0.05,1.5,0.25,0.03879469927182533,0.19229695287849996,0.22490936740148734,1.0000000000000002,0.38531249999999995,0.19265625000000003,0.010668612495962959,0.11488453814078581,0.2068622281213302,1.0000000000000002,0.32671874999999995,0.16335937500000003,0.022477185132319333,0.17917014597703373,0.27934269423261454,1.0000000000000002,0.33234374999999994,0.14390624999999999,-0.011808572636356374,-0.06428560783624793,0.016317514139505995,0.013126806901466226,42,0,47,0,0.0,0.0,0.0,0.0,0,0.1111111111111111,0.0,0.1111111111111111,0.0,0.0,0.0,0.0,0.0,0.23198853204573044,nan,-0.6023865551581592,1.263292929196008,-0.00019135323498502486,4.455923740352295e-05,"{""cap-rejected"": 2, ""inactive"": 16}",60.0,78.0,2496.0,2496.0,36864.0,30720.0,3072.0,1024,16.0,5632.0,5632.0,3.0,1536.0,1536.0,142200.0,QGD-D08-connected-skew-mixture,connected-skew,missing,QGD-D08-connected-skew-mixture/missing,0,0,32.0,0,0.0,0.19711419998202473
qsafe-permissive,safety,0.0,paper,adam,0.0,0.1,0.02,1.25,0.25,0.03879469927182533,0.19229695287849996,0.22490936740148734,1.0000000000000002,0.38531249999999995,0.19265625000000003,0.010668612495962959,0.11488453814078581,0.2068622281213302,1.0000000000000002,0.32671874999999995,0.16335937500000003,0.022477185132319333,0.17917014597703373,0.27934269423261454,1.0000000000000002,0.33234374999999994,0.14390624999999999,-0.011808572636356374,-0.06428560783624793,0.016317514139505995,0.013126806901466226,42,0,47,0,0.0,0.0,0.0,0.0,0,0.16666666666666666,0.0,0.16666666666666666,0.0,0.0,0.0,0.0,0.0,0.23198853204573044,nan,-0.6023865551581592,1.263292929196008,-0.00019135323498502486,4.455923740352295e-05,"{""cap-rejected"": 3, ""inactive"": 15}",60.0,78.0,2496.0,2496.0,36864.0,30720.0,3072.0,1024,16.0,5632.0,5632.0,3.0,1536.0,1536.0,142200.0,QGD-D08-connected-skew-mixture,connected-skew,missing,QGD-D08-connected-skew-mixture/missing,0,0,32.0,0,0.0,0.28866849999758415
qsafe-strict,safety,0.0,paper,adam,0.0,0.5,0.05,2.0,0.15,0.03879469927182533,0.19229695287849996,0.22490936740148734,1.0000000000000002,0.38531249999999995,0.19265625000000003,0.010668612495962959,0.11488453814078581,0.2068622281213302,1.0000000000000002,0.32671874999999995,0.16335937500000003,0.022477185132319333,0.17917014597703373,0.27934269423261454,1.0000000000000002,0.33234374999999994,0.14390624999999999,-0.011808572636356374,-0.06428560783624793,0.016317514139505995,0.013126806901466226,42,0,47,0,0.0,0.0,0.0,0.0,0,0.05555555555555555,0.0,0.05555555555555555,0.0,0.0,0.0,0.0,0.0,0.23198853204573044,nan,-0.6023865551581592,1.263292929196008,-0.00019135323498502486,4.455923740352295e-05,"{""cap-rejected"": 1, ""inactive"": 17}",60.0,78.0,2496.0,2496.0,36864.0,30720.0,3072.0,1024,16.0,5632.0,5632.0,3.0,1536.0,1536.0,142200.0,QGD-D08-connected-skew-mixture,connected-skew,missing,QGD-D08-connected-skew-mixture/missing,0,0,32.0,0,0.0,0.37845889999880455
