arm,kind,tau,target,family,init,cell,seed,budget,virtual_batch,warm_fraction,pulse_period,noise_mix,diagnostic_target_samples,diagnostic_use_large_batch,diagnostic_min_expected_count,diagnostic_gap_count,diagnostic_max_gap_ratio,planned_steps,completed_steps,wall_seconds,generator_forward_calls,generator_example_evals,unique_latent_samples,target_samples,kernel_pairs,sort_work,selector_calls,selector_kernel_pairs,selector_example_evals,tau_counts,ed2,sw1,weighted_reach,mass_l1,event_time,censored,diverged,maximum_training_batch,large_batch_updates,ordinary_batch_updates,knot_count,prior_batches,tail_mass,stored_scalars,w2_quantile_rmse
gated-M1024-f0.70-u,gated,0.5,PQTC-F01-unequal-translated-K6,unequal,missing,PQTC-F01-unequal-translated-K6/missing,0,update,1024,0.7,0,0.0,4096,1,1.484375,5,2154.7840679597884,30,30,0.0979007999994792,1353,43296,21792,21792,18432,430080.0,0,0,0,"{""0.2"": 0, ""0.5"": 0, ""1.0"": 0, ""2.0"": 0, ""4.0"": 0}",2.8507186170901733,3.4189054513037123,0.32999999999999996,1.0990625,30,1,0,,,,,,,,
gated-M1024-f0.70-u,gated,0.5,PQTC-F01-unequal-translated-K6,unequal,missing,PQTC-F01-unequal-translated-K6/missing,1,update,1024,0.7,0,0.0,4096,1,1.328125,5,2057.6176306752445,30,30,0.0859500999795273,1353,43296,21792,21792,18432,430080.0,0,0,0,"{""0.2"": 0, ""0.5"": 0, ""1.0"": 0, ""2.0"": 0, ""4.0"": 0}",2.5910477145563764,3.25670242278231,0.57,0.9650000000000001,30,1,0,,,,,,,,
gated-M1024-f0.70-u,gated,0.5,PQTC-F02-unequal-K9,unequal,missing,PQTC-F02-unequal-K9/missing,0,update,1024,0.7,0,0.0,4096,1,1.5,8,931.5131771817366,30,30,0.07624329999089241,1353,43296,21792,21792,18432,430080.0,0,0,0,"{""0.2"": 0, ""0.5"": 0, ""1.0"": 0, ""2.0"": 0, ""4.0"": 0}",0.7750380537017119,1.6377926252947979,0.77,0.7575000000000001,30,1,0,,,,,,,,
gated-M1024-f0.70-u,gated,0.5,PQTC-F02-unequal-K9,unequal,missing,PQTC-F02-unequal-K9/missing,1,update,1024,0.7,0,0.0,4096,1,1.359375,8,969.934983287552,30,30,0.07888189997174777,1353,43296,21792,21792,18432,430080.0,0,0,0,"{""0.2"": 0, ""0.5"": 0, ""1.0"": 0, ""2.0"": 0, ""4.0"": 0}",0.6567895267886601,1.4763551648090658,0.77,0.6903125,30,1,0,,,,,,,,
paper-0.2,paper,0.2,PQTC-F01-unequal-translated-K6,unequal,missing,PQTC-F01-unequal-translated-K6/missing,0,update,0,0.0,0,0.0,0,0,nan,0,nan,30,30,0.010597399988910183,30,960,960,960,61440,0.0,0,0,0,"{""0.2"": 0, ""0.5"": 0, ""1.0"": 0, ""2.0"": 0, ""4.0"": 0}",2.697053315943659,3.4580282980182226,0.57,0.9985937500000001,30,1,0,,,,,,,,
paper-0.2,paper,0.2,PQTC-F01-unequal-translated-K6,unequal,missing,PQTC-F01-unequal-translated-K6/missing,1,update,0,0.0,0,0.0,0,0,nan,0,nan,30,30,0.011958299990510568,30,960,960,960,61440,0.0,0,0,0,"{""0.2"": 0, ""0.5"": 0, ""1.0"": 0, ""2.0"": 0, ""4.0"": 0}",2.3916072436834988,3.291837413346721,0.57,0.8601562500000001,30,1,0,,,,,,,,
paper-0.2,paper,0.2,PQTC-F02-unequal-K9,unequal,missing,PQTC-F02-unequal-K9/missing,0,update,0,0.0,0,0.0,0,0,nan,0,nan,30,30,0.008458900003461167,30,960,960,960,61440,0.0,0,0,0,"{""0.2"": 0, ""0.5"": 0, ""1.0"": 0, ""2.0"": 0, ""4.0"": 0}",0.8703937077033475,1.636108683808619,0.67,0.6600000000000001,30,1,0,,,,,,,,
paper-0.2,paper,0.2,PQTC-F02-unequal-K9,unequal,missing,PQTC-F02-unequal-K9/missing,1,update,0,0.0,0,0.0,0,0,nan,0,nan,30,30,0.015185399999609217,30,960,960,960,61440,0.0,0,0,0,"{""0.2"": 0, ""0.5"": 0, ""1.0"": 0, ""2.0"": 0, ""4.0"": 0}",0.73106414542724,1.4969239780248638,0.77,0.6207812500000001,30,1,0,,,,,,,,
paper-0.5,paper,0.5,PQTC-F01-unequal-translated-K6,unequal,missing,PQTC-F01-unequal-translated-K6/missing,0,update,0,0.0,0,0.0,0,0,nan,0,nan,30,30,0.010300299996742979,30,960,960,960,61440,0.0,0,0,0,"{""0.2"": 0, ""0.5"": 0, ""1.0"": 0, ""2.0"": 0, ""4.0"": 0}",2.6269899997034747,3.457244901633171,0.57,1.0025,30,1,0,,,,,,,,
paper-0.5,paper,0.5,PQTC-F01-unequal-translated-K6,unequal,missing,PQTC-F01-unequal-translated-K6/missing,1,update,0,0.0,0,0.0,0,0,nan,0,nan,30,30,0.01014599998597987,30,960,960,960,61440,0.0,0,0,0,"{""0.2"": 0, ""0.5"": 0, ""1.0"": 0, ""2.0"": 0, ""4.0"": 0}",2.2577081615200427,3.2502754644597536,0.57,0.84578125,30,1,0,,,,,,,,
paper-0.5,paper,0.5,PQTC-F02-unequal-K9,unequal,missing,PQTC-F02-unequal-K9/missing,0,update,0,0.0,0,0.0,0,0,nan,0,nan,30,30,0.009931400010827929,30,960,960,960,61440,0.0,0,0,0,"{""0.2"": 0, ""0.5"": 0, ""1.0"": 0, ""2.0"": 0, ""4.0"": 0}",0.7916920751131911,1.5916434585701813,0.67,0.6676562500000001,30,1,0,,,,,,,,
paper-0.5,paper,0.5,PQTC-F02-unequal-K9,unequal,missing,PQTC-F02-unequal-K9/missing,1,update,0,0.0,0,0.0,0,0,nan,0,nan,30,30,0.010159700002986938,30,960,960,960,61440,0.0,0,0,0,"{""0.2"": 0, ""0.5"": 0, ""1.0"": 0, ""2.0"": 0, ""4.0"": 0}",0.6685890714468341,1.4534662651800916,0.77,0.5582812500000001,30,1,0,,,,,,,,
paper-1,paper,1.0,PQTC-F01-unequal-translated-K6,unequal,missing,PQTC-F01-unequal-translated-K6/missing,0,update,0,0.0,0,0.0,0,0,nan,0,nan,30,30,0.01080679998267442,30,960,960,960,61440,0.0,0,0,0,"{""0.2"": 0, ""0.5"": 0, ""1.0"": 0, ""2.0"": 0, ""4.0"": 0}",2.6689685448192364,3.453731919614963,0.57,0.9517187500000001,30,1,0,,,,,,,,
paper-1,paper,1.0,PQTC-F01-unequal-translated-K6,unequal,missing,PQTC-F01-unequal-translated-K6/missing,1,update,0,0.0,0,0.0,0,0,nan,0,nan,30,30,0.008253700012573972,30,960,960,960,61440,0.0,0,0,0,"{""0.2"": 0, ""0.5"": 0, ""1.0"": 0, ""2.0"": 0, ""4.0"": 0}",2.256831121828691,3.237308853492399,0.57,0.8462500000000001,30,1,0,,,,,,,,
paper-1,paper,1.0,PQTC-F02-unequal-K9,unequal,missing,PQTC-F02-unequal-K9/missing,0,update,0,0.0,0,0.0,0,0,nan,0,nan,30,30,0.011692200001562014,30,960,960,960,61440,0.0,0,0,0,"{""0.2"": 0, ""0.5"": 0, ""1.0"": 0, ""2.0"": 0, ""4.0"": 0}",0.7697313183982657,1.569702424819552,0.67,0.660625,30,1,0,,,,,,,,
paper-1,paper,1.0,PQTC-F02-unequal-K9,unequal,missing,PQTC-F02-unequal-K9/missing,1,update,0,0.0,0,0.0,0,0,nan,0,nan,30,30,0.009569499990902841,30,960,960,960,61440,0.0,0,0,0,"{""0.2"": 0, ""0.5"": 0, ""1.0"": 0, ""2.0"": 0, ""4.0"": 0}",0.6360825386012419,1.4176437983197279,0.77,0.5426562500000001,30,1,0,,,,,,,,
paper-2,paper,2.0,PQTC-F01-unequal-translated-K6,unequal,missing,PQTC-F01-unequal-translated-K6/missing,0,update,0,0.0,0,0.0,0,0,nan,0,nan,30,30,0.010366200003772974,30,960,960,960,61440,0.0,0,0,0,"{""0.2"": 0, ""0.5"": 0, ""1.0"": 0, ""2.0"": 0, ""4.0"": 0}",2.8212280676234496,3.41304295947347,0.32999999999999996,1.1459375,30,1,0,,,,,,,,
paper-2,paper,2.0,PQTC-F01-unequal-translated-K6,unequal,missing,PQTC-F01-unequal-translated-K6/missing,1,update,0,0.0,0,0.0,0,0,nan,0,nan,30,30,0.007775599980959669,30,960,960,960,61440,0.0,0,0,0,"{""0.2"": 0, ""0.5"": 0, ""1.0"": 0, ""2.0"": 0, ""4.0"": 0}",2.3663420314054404,3.219178234702464,0.57,0.8957812500000001,30,1,0,,,,,,,,
paper-2,paper,2.0,PQTC-F02-unequal-K9,unequal,missing,PQTC-F02-unequal-K9/missing,0,update,0,0.0,0,0.0,0,0,nan,0,nan,30,30,0.0076809000165667385,30,960,960,960,61440,0.0,0,0,0,"{""0.2"": 0, ""0.5"": 0, ""1.0"": 0, ""2.0"": 0, ""4.0"": 0}",0.839075863604998,1.5609801812421984,0.67,0.6599999999999999,30,1,0,,,,,,,,
paper-2,paper,2.0,PQTC-F02-unequal-K9,unequal,missing,PQTC-F02-unequal-K9/missing,1,update,0,0.0,0,0.0,0,0,nan,0,nan,30,30,0.008925500005716458,30,960,960,960,61440,0.0,0,0,0,"{""0.2"": 0, ""0.5"": 0, ""1.0"": 0, ""2.0"": 0, ""4.0"": 0}",0.6822199815488927,1.4034644981605513,0.67,0.67234375,30,1,0,,,,,,,,
paper-4,paper,4.0,PQTC-F01-unequal-translated-K6,unequal,missing,PQTC-F01-unequal-translated-K6/missing,0,update,0,0.0,0,0.0,0,0,nan,0,nan,30,30,0.008354399993550032,30,960,960,960,61440,0.0,0,0,0,"{""0.2"": 0, ""0.5"": 0, ""1.0"": 0, ""2.0"": 0, ""4.0"": 0}",3.2746100208051896,3.383594484840246,0.32999999999999996,1.34,30,1,0,,,,,,,,
paper-4,paper,4.0,PQTC-F01-unequal-translated-K6,unequal,missing,PQTC-F01-unequal-translated-K6/missing,1,update,0,0.0,0,0.0,0,0,nan,0,nan,30,30,0.008348100003786385,30,960,960,960,61440,0.0,0,0,0,"{""0.2"": 0, ""0.5"": 0, ""1.0"": 0, ""2.0"": 0, ""4.0"": 0}",2.6525270283048386,3.217741440164563,0.57,1.043125,30,1,0,,,,,,,,
paper-4,paper,4.0,PQTC-F02-unequal-K9,unequal,missing,PQTC-F02-unequal-K9/missing,0,update,0,0.0,0,0.0,0,0,nan,0,nan,30,30,0.008303299982799217,30,960,960,960,61440,0.0,0,0,0,"{""0.2"": 0, ""0.5"": 0, ""1.0"": 0, ""2.0"": 0, ""4.0"": 0}",0.9861573806869566,1.5575535847925424,0.55,0.8999999999999999,30,1,0,,,,,,,,
paper-4,paper,4.0,PQTC-F02-unequal-K9,unequal,missing,PQTC-F02-unequal-K9/missing,1,update,0,0.0,0,0.0,0,0,nan,0,nan,30,30,0.008366399997612461,30,960,960,960,61440,0.0,0,0,0,"{""0.2"": 0, ""0.5"": 0, ""1.0"": 0, ""2.0"": 0, ""4.0"": 0}",0.7873375020322908,1.3982732887449791,0.55,0.8101562499999999,30,1,0,,,,,,,,
pqt-B128-K128,persistent-quantile-transport,,PQTC-F01-unequal-translated-K6,unequal,missing,PQTC-F01-unequal-translated-K6/missing,0,,,,,,0,0,nan,,,30,30,0.009612100024241954,,4608,4608,960,0,4800.0,,,,,0.04595918102950103,0.27562245229282467,0.9600000000000001,0.10796875000000003,30,1,0,32,0,30,128,1.0,0.0078125,256,0.3390120236547864
pqt-B128-K128,persistent-quantile-transport,,PQTC-F01-unequal-translated-K6,unequal,missing,PQTC-F01-unequal-translated-K6/missing,1,,,,,,0,0,nan,,,30,30,0.006592999998247251,,4608,4608,960,0,4800.0,,,,,0.09165665505488096,0.3762905488339368,0.9600000000000001,0.13015625000000003,30,1,0,32,0,30,128,1.0,0.0078125,256,0.49062895036204657
pqt-B128-K128,persistent-quantile-transport,,PQTC-F02-unequal-K9,unequal,missing,PQTC-F02-unequal-K9/missing,0,,,,,,0,0,nan,,,30,30,0.008826900011627004,,4608,4608,960,0,4800.0,,,,,0.013189220973900628,0.18996018624771568,0.96,0.17,30,1,0,32,0,30,128,1.0,0.0078125,256,0.2500515266909784
pqt-B128-K128,persistent-quantile-transport,,PQTC-F02-unequal-K9,unequal,missing,PQTC-F02-unequal-K9/missing,1,,,,,,0,0,nan,,,30,30,0.006534600019222125,,4608,4608,960,0,4800.0,,,,,0.014109638476948128,0.18575911451601826,0.96,0.11078125000000003,30,1,0,32,0,30,128,1.0,0.0078125,256,0.2454879571282508
pqt-gated-M1024-f0.70-K128,persistent-quantile-transport,,PQTC-F01-unequal-translated-K6,unequal,missing,PQTC-F01-unequal-translated-K6/missing,0,,,,,,4096,1,1.484375,,,30,30,0.012848999991547316,,4608,4608,21792,0,216480.0,,,,,0.034018441998766136,0.20883287556240426,1.0,0.056250000000000015,30,1,0,1024,21,9,128,1.0,0.0078125,256,0.2764284540377316
pqt-gated-M1024-f0.70-K128,persistent-quantile-transport,,PQTC-F01-unequal-translated-K6,unequal,missing,PQTC-F01-unequal-translated-K6/missing,1,,,,,,4096,1,1.328125,,,30,30,0.011965799989411607,,4608,4608,21792,0,216480.0,,,,,0.07893478598135584,0.3231362448779423,1.0,0.08328125000000003,30,1,0,1024,21,9,128,1.0,0.0078125,256,0.4345525428820624
pqt-gated-M1024-f0.70-K128,persistent-quantile-transport,,PQTC-F02-unequal-K9,unequal,missing,PQTC-F02-unequal-K9/missing,0,,,,,,4096,1,1.5,,,30,30,0.013069500011624768,,4608,4608,21792,0,216480.0,,,,,0.007716678394929399,0.142676155808407,0.96,0.0965625,30,1,0,1024,21,9,128,1.0,0.0078125,256,0.20340638896103208
pqt-gated-M1024-f0.70-K128,persistent-quantile-transport,,PQTC-F02-unequal-K9,unequal,missing,PQTC-F02-unequal-K9/missing,1,,,,,,4096,1,1.359375,,,30,30,0.009573899995302781,,4608,4608,21792,0,216480.0,,,,,0.01392770125146181,0.14628725548796292,0.96,0.178125,30,1,0,1024,21,9,128,1.0,0.0078125,256,0.2115167956062743
qld-v1,qld,0.5,PQTC-F01-unequal-translated-K6,unequal,missing,PQTC-F01-unequal-translated-K6/missing,0,update,0,0.7,0,0.0,0,0,nan,0,nan,30,30,0.007829099980881438,30,960,960,960,18432,6720.0,0,0,0,"{""0.2"": 0, ""0.5"": 0, ""1.0"": 0, ""2.0"": 0, ""4.0"": 0}",3.1598699793298977,3.4722782985842677,0.32999999999999996,1.3399999999999999,30,1,0,,,,,,,,
qld-v1,qld,0.5,PQTC-F01-unequal-translated-K6,unequal,missing,PQTC-F01-unequal-translated-K6/missing,1,update,0,0.7,0,0.0,0,0,nan,0,nan,30,30,0.008709700021427125,30,960,960,960,18432,6720.0,0,0,0,"{""0.2"": 0, ""0.5"": 0, ""1.0"": 0, ""2.0"": 0, ""4.0"": 0}",3.013058881634624,3.354866820833989,0.57,1.1329687499999999,30,1,0,,,,,,,,
qld-v1,qld,0.5,PQTC-F02-unequal-K9,unequal,missing,PQTC-F02-unequal-K9/missing,0,update,0,0.7,0,0.0,0,0,nan,0,nan,30,30,0.008137299999361858,30,960,960,960,18432,6720.0,0,0,0,"{""0.2"": 0, ""0.5"": 0, ""1.0"": 0, ""2.0"": 0, ""4.0"": 0}",0.7912417011863462,1.6549513163766885,0.67,0.8043750000000001,30,1,0,,,,,,,,
qld-v1,qld,0.5,PQTC-F02-unequal-K9,unequal,missing,PQTC-F02-unequal-K9/missing,1,update,0,0.7,0,0.0,0,0,nan,0,nan,30,30,0.006438399985199794,30,960,960,960,18432,6720.0,0,0,0,"{""0.2"": 0, ""0.5"": 0, ""1.0"": 0, ""2.0"": 0, ""4.0"": 0}",0.6978670682534034,1.504641240686073,0.67,0.68796875,30,1,0,,,,,,,,
