output_index,arm,target,family,init,stream,target_seed,data_seed,q0_seed,ed2,heldout_sw1,heldout_projection_rmse,coverage,mass_l1,minority_particle_mass,minority_recovered,bridge_fraction,reference_bridge_fraction,excess_bridge_fraction,target_samples,particle_bytes,diverged,wall_seconds,kernel_pairs,projection_dot_products,sort_work,sort_work_complete,reconstruction_sweeps,persistent_bytes,peak_working_bytes,retained_items,serialized_sketch_bytes,normalized_rank_error,training_projection_rmse,target_table_rmse
0,paper-tau1,CF-F1-GMM-00,gaussian-mixture,concentrated,0,2026172503,2026272506,2026372506,0.16964074425762243,0.31865112603756807,0.4125322016411641,0.6666666666666666,0.5832387296830001,0.0625,1,nan,nan,nan,1280,512,0,0.0036503000010270625,81920,0,0.0,1,0,512,1024,0,0,nan,nan,nan
1,historical-online-psqt,CF-F1-GMM-00,gaussian-mixture,concentrated,0,2026172503,2026272506,2026372506,0.015479583995911872,0.10258317637338861,0.14522767612047724,1.0,0.145738729683,0.0625,1,nan,nan,nan,1280,512,0,0.0058129999961238354,0,143360,409600.0,1,120,5128,9224,0,0,nan,0.035339110806310435,0.09001186765807315
2,pooled-rank-kll128,CF-F1-GMM-00,gaussian-mixture,concentrated,0,2026172503,2026272506,2026372506,0.009202160660358505,0.07075994735725757,0.1095958413922245,1.0,0.21799345091100003,0.0625,1,nan,nan,nan,1280,512,0,0.002279200009070337,0,81920,153600.0,0,60,18944,25088,4304,17920,0.020517839594286266,0.06001064574080028,0.015738327298425815
3,pooled-rank-reservoir1024,CF-F1-GMM-00,gaussian-mixture,concentrated,0,2026172503,2026272506,2026372506,0.011110573542524538,0.07761194490685122,0.1204106101491642,1.0,0.14795629526100001,0.0625,1,nan,nan,nan,1280,512,0,0.002125599974533543,0,77824,317440.0,1,60,17424,152592,1024,0,nan,0.05753838821300203,0.0256375855507084
4,exact-pooled-ceiling,CF-F1-GMM-00,gaussian-mixture,concentrated,0,2026172503,2026272506,2026372506,0.00914758867246257,0.06996087751493327,0.10813689653584986,1.0,0.14795629526100001,0.0625,1,nan,nan,nan,1280,512,0,0.0016680000117048621,0,81920,364993.0873832932,1,60,21504,189440,1280,0,nan,0.06286329221608218,0.0
5,paper-tau1,CF-F1-GMM-00,gaussian-mixture,far,0,2026172503,2026272506,2026373515,0.5165439746631866,0.6327489803768775,0.7802370645308129,0.5,1.0246271332049999,0.5,1,nan,nan,nan,1280,512,0,0.003614100016420707,81920,0,0.0,1,0,512,1024,0,0,nan,nan,nan
6,historical-online-psqt,CF-F1-GMM-00,gaussian-mixture,far,0,2026172503,2026272506,2026373515,0.0233219075434421,0.1146615985821745,0.13942179121902487,1.0,0.27073872968300006,0.125,1,nan,nan,nan,1280,512,0,0.0057554999948479235,0,143360,409600.0,1,120,5128,9224,0,0,nan,0.03641218901043266,0.11533877284108626
7,pooled-rank-kll128,CF-F1-GMM-00,gaussian-mixture,far,0,2026172503,2026272506,2026373515,0.008980981469741911,0.06929993297977827,0.10858862190946678,1.0,0.10058738754099998,0.0625,1,nan,nan,nan,1280,512,0,0.0024182999914046377,0,81920,153600.0,0,60,18944,25088,4304,17920,0.020517839594286266,0.05909272392319691,0.01487794682121394
8,pooled-rank-reservoir1024,CF-F1-GMM-00,gaussian-mixture,far,0,2026172503,2026272506,2026373515,0.007446877235792959,0.06294509257581012,0.09887516504210468,1.0,0.086712996439,0.03125,1,nan,nan,nan,1280,512,0,0.002199200011091307,0,77824,317440.0,1,60,17424,152592,1024,0,nan,0.05441634412753715,0.027489691051754236
9,exact-pooled-ceiling,CF-F1-GMM-00,gaussian-mixture,far,0,2026172503,2026272506,2026373515,0.009105501790518167,0.0702827621497637,0.10844244651740176,1.0,0.09083266631300001,0.0625,1,nan,nan,nan,1280,512,0,0.001511799986474216,0,81920,364993.0873832932,1,60,21504,189440,1280,0,nan,0.060707589044534896,0.0
10,paper-tau1,CF-F2-ELLIPSES-00,disconnected-nongaussian,concentrated,0,2026272506,2026372509,2026472509,0.09262321974044085,0.20774861965451696,0.30538587066651257,0.25,0.622762339014,0.0,0,nan,nan,nan,1280,512,0,0.004470399988349527,81920,0,0.0,1,0,512,1024,0,0,nan,nan,nan
11,historical-online-psqt,CF-F2-ELLIPSES-00,disconnected-nongaussian,concentrated,0,2026272506,2026372509,2026472509,0.01648151162678635,0.09434965748293078,0.1637088769685482,1.0,0.12796079298400004,0.03125,1,nan,nan,nan,1280,512,0,0.005743899993831292,0,143360,409600.0,1,120,5128,9224,0,0,nan,0.03209042125184822,0.14165400685233712
12,pooled-rank-kll128,CF-F2-ELLIPSES-00,disconnected-nongaussian,concentrated,0,2026272506,2026372509,2026472509,0.0019170195715151328,0.034245399646190326,0.09125137114926402,1.0,0.028451988521999996,0.0625,1,nan,nan,nan,1280,512,0,0.002546300005633384,0,81920,153600.0,0,60,18944,25088,4304,17920,0.020517839594286266,0.0804304686757886,0.03429394471308189
13,pooled-rank-reservoir1024,CF-F2-ELLIPSES-00,disconnected-nongaussian,concentrated,0,2026272506,2026372509,2026472509,0.001992164318826317,0.03420071262381605,0.09126990353181079,1.0,0.028451988521999996,0.0625,1,nan,nan,nan,1280,512,0,0.00213199999416247,0,77824,317440.0,1,60,17424,152592,1024,0,nan,0.07887698818952568,0.033150346057405286
14,exact-pooled-ceiling,CF-F2-ELLIPSES-00,disconnected-nongaussian,concentrated,0,2026272506,2026372509,2026472509,0.001692614053313557,0.03227717552047973,0.09025362732858014,1.0,0.028451988521999996,0.0625,1,nan,nan,nan,1280,512,0,0.0016285000019706786,0,81920,364993.0873832932,1,60,21504,189440,1280,0,nan,0.07528371496970458,0.0
15,paper-tau1,CF-F2-ELLIPSES-00,disconnected-nongaussian,far,0,2026272506,2026372509,2026473518,1.0841876381803153,0.8495398084559289,1.0702944063051327,0.25,0.9426984539700001,0.0,0,nan,nan,nan,1280,512,0,0.0036503999726846814,81920,0,0.0,1,0,512,1024,0,0,nan,nan,nan
16,historical-online-psqt,CF-F2-ELLIPSES-00,disconnected-nongaussian,far,0,2026272506,2026372509,2026473518,0.0478364600953608,0.13927150377691075,0.19028474097048062,1.0,0.12796079298400004,0.03125,1,nan,nan,nan,1280,512,0,0.0058283999969717115,0,143360,409600.0,1,120,5128,9224,0,0,nan,0.032747661482083176,0.16427194923660435
17,pooled-rank-kll128,CF-F2-ELLIPSES-00,disconnected-nongaussian,far,0,2026272506,2026372509,2026473518,0.003911493194653337,0.048662075883394426,0.11730877929699214,1.0,0.06546079298400002,0.03125,1,nan,nan,nan,1280,512,0,0.002319200022611767,0,81920,153600.0,0,60,18944,25088,4304,17920,0.020517839594286266,0.10585856867141838,0.06445322631618101
18,pooled-rank-reservoir1024,CF-F2-ELLIPSES-00,disconnected-nongaussian,far,0,2026272506,2026372509,2026473518,0.003021776258035347,0.039636727887719964,0.09876815811666104,1.0,0.028451988521999996,0.0625,1,nan,nan,nan,1280,512,0,0.002280800021253526,0,77824,317440.0,1,60,17424,152592,1024,0,nan,0.09061730216703283,0.027228524845554963
19,exact-pooled-ceiling,CF-F2-ELLIPSES-00,disconnected-nongaussian,far,0,2026272506,2026372509,2026473518,0.0033767975598599786,0.041617801175130274,0.0996052562521239,1.0,0.028451988521999996,0.0625,1,nan,nan,nan,1280,512,0,0.0015927999920677394,0,81920,364993.0873832932,1,60,21504,189440,1280,0,nan,0.09436684569772198,0.0
20,paper-tau1,CF-F3-RARE-02-00,rare-mode,concentrated,0,2026372509,2026472512,2026572512,0.06556889252657833,0.12409942854427762,0.2620516527909556,0.5,0.04000000000000002,0.0,0,0.0625,0.0,0.0625,1280,512,0,0.00384920000215061,81920,0,0.0,1,0,512,1024,0,0,nan,nan,nan
21,historical-online-psqt,CF-F3-RARE-02-00,rare-mode,concentrated,0,2026372509,2026472512,2026572512,0.011873528242157538,0.06293166317955848,0.21727760500795304,0.5,0.04000000000000002,0.0,0,0.0625,0.0,0.0625,1280,512,0,0.005788899987237528,0,143360,409600.0,1,120,5128,9224,0,0,nan,0.043070439817018066,0.2089973069081587
22,pooled-rank-kll128,CF-F3-RARE-02-00,rare-mode,concentrated,0,2026372509,2026472512,2026572512,0.00468556730973585,0.03739367691339304,0.15959512125390166,1.0,0.022499999999999982,0.03125,1,0.0625,0.0,0.0625,1280,512,0,0.0022945000091567636,0,81920,153600.0,0,60,18944,25088,4304,17920,0.020517839594286266,0.17459153605894542,0.005146658377220188
23,pooled-rank-reservoir1024,CF-F3-RARE-02-00,rare-mode,concentrated,0,2026372509,2026472512,2026572512,0.0014640878622670939,0.022831222927282076,0.11268433312935602,1.0,0.022499999999999982,0.03125,1,0.0,0.0,0.0,1280,512,0,0.0021339000086300075,0,77824,317440.0,1,60,17424,152592,1024,0,nan,0.15905954317211,0.0038394930061793797
24,exact-pooled-ceiling,CF-F3-RARE-02-00,rare-mode,concentrated,0,2026372509,2026472512,2026572512,0.0013940962330541984,0.02257938595914767,0.11377066524703472,1.0,0.022499999999999982,0.03125,1,0.0,0.0,0.0,1280,512,0,0.0016999999934341758,0,81920,364993.0873832932,1,60,21504,189440,1280,0,nan,0.1583088835380956,0.0
25,paper-tau1,CF-F3-RARE-02-00,rare-mode,far,0,2026372509,2026472512,2026573521,3.0000646338195267,1.5985930921586802,2.04457059180877,0.5,1.335,0.6875,1,0.1875,0.0,0.1875,1280,512,0,0.003803600004175678,81920,0,0.0,1,0,512,1024,0,0,nan,nan,nan
26,historical-online-psqt,CF-F3-RARE-02-00,rare-mode,far,0,2026372509,2026472512,2026573521,0.09407102032219544,0.12384826239392463,0.2228656854077297,0.5,0.04000000000000002,0.0,0,0.0625,0.0,0.0625,1280,512,0,0.005391799990320578,0,143360,409600.0,1,120,5128,9224,0,0,nan,0.012010463106534182,0.22149887759788364
27,pooled-rank-kll128,CF-F3-RARE-02-00,rare-mode,far,0,2026372509,2026472512,2026573521,0.001424847220995784,0.022459203209747872,0.11306452153133793,1.0,0.022499999999999982,0.03125,1,0.0,0.0,0.0,1280,512,0,0.002159900002880022,0,81920,153600.0,0,60,18944,25088,4304,17920,0.020517839594286266,0.158796961428806,0.004481661846503226
28,pooled-rank-reservoir1024,CF-F3-RARE-02-00,rare-mode,far,0,2026372509,2026472512,2026573521,0.001408803251990498,0.022488466810519622,0.11335460795401277,1.0,0.022499999999999982,0.03125,1,0.0,0.0,0.0,1280,512,0,0.002152999979443848,0,77824,317440.0,1,60,17424,152592,1024,0,nan,0.1590971042532067,0.0032431473010991804
29,exact-pooled-ceiling,CF-F3-RARE-02-00,rare-mode,far,0,2026372509,2026472512,2026573521,0.0013894993676112355,0.022374783520224747,0.11370096106855238,1.0,0.022499999999999982,0.03125,1,0.0,0.0,0.0,1280,512,0,0.001514200004749,0,81920,364993.0873832932,1,60,21504,189440,1280,0,nan,0.15824649591889037,0.0
30,paper-tau1,CF-F4-CORRELATED-00,correlated-unimodal,concentrated,0,2026472512,2026572515,2026672515,0.04021432130848812,0.13614296144309196,0.19403054222808216,nan,nan,nan,0,nan,nan,nan,1280,512,0,0.003756599995540455,81920,0,0.0,1,0,512,1024,0,0,nan,nan,nan
31,historical-online-psqt,CF-F4-CORRELATED-00,correlated-unimodal,concentrated,0,2026472512,2026572515,2026672515,0.002491291360591008,0.0370274887403046,0.06370708790277621,nan,nan,nan,0,nan,nan,nan,1280,512,0,0.005143499991390854,0,143360,409600.0,1,120,5128,9224,0,0,nan,0.01811498023972657,0.04815314492712654
32,pooled-rank-kll128,CF-F4-CORRELATED-00,correlated-unimodal,concentrated,0,2026472512,2026572515,2026672515,0.0023584968539323015,0.024261817443397483,0.03928014335812843,nan,nan,nan,0,nan,nan,nan,1280,512,0,0.0021705999970436096,0,81920,153600.0,0,60,18944,25088,4304,17920,0.020517839594286266,0.0407806471134236,0.012429051871924753
33,pooled-rank-reservoir1024,CF-F4-CORRELATED-00,correlated-unimodal,concentrated,0,2026472512,2026572515,2026672515,0.0024681387575598013,0.023893126511120064,0.03809991165826509,nan,nan,nan,0,nan,nan,nan,1280,512,0,0.0020733999845106155,0,77824,317440.0,1,60,17424,152592,1024,0,nan,0.042190799862879824,0.011253073446421668
34,exact-pooled-ceiling,CF-F4-CORRELATED-00,correlated-unimodal,concentrated,0,2026472512,2026572515,2026672515,0.002294585983166675,0.02326085467538183,0.03720012725055516,nan,nan,nan,0,nan,nan,nan,1280,512,0,0.0015458999841939658,0,81920,364993.0873832932,1,60,21504,189440,1280,0,nan,0.04083983409898328,0.0
35,paper-tau1,CF-F4-CORRELATED-00,correlated-unimodal,far,0,2026472512,2026572515,2026673524,0.7854457688740386,0.7384938419428921,0.9846571756535659,nan,nan,nan,0,nan,nan,nan,1280,512,0,0.0036806999996770173,81920,0,0.0,1,0,512,1024,0,0,nan,nan,nan
36,historical-online-psqt,CF-F4-CORRELATED-00,correlated-unimodal,far,0,2026472512,2026572515,2026673524,0.023457069100381478,0.08457139472226602,0.10112873705370343,nan,nan,nan,0,nan,nan,nan,1280,512,0,0.00527299998793751,0,143360,409600.0,1,120,5128,9224,0,0,nan,0.018817187374709537,0.0944017041664683
37,pooled-rank-kll128,CF-F4-CORRELATED-00,correlated-unimodal,far,0,2026472512,2026572515,2026673524,0.0026214594584662576,0.024183952877036268,0.04001924180811748,nan,nan,nan,0,nan,nan,nan,1280,512,0,0.002197800000431016,0,81920,153600.0,0,60,18944,25088,4304,17920,0.020517839594286266,0.04252673753874913,0.011628004842229171
38,pooled-rank-reservoir1024,CF-F4-CORRELATED-00,correlated-unimodal,far,0,2026472512,2026572515,2026673524,0.00275760790100954,0.024188451152664846,0.03950524224848397,nan,nan,nan,0,nan,nan,nan,1280,512,0,0.002981300000101328,0,77824,317440.0,1,60,17424,152592,1024,0,nan,0.04115213993802334,0.00909932651360305
39,exact-pooled-ceiling,CF-F4-CORRELATED-00,correlated-unimodal,far,0,2026472512,2026572515,2026673524,0.002552393009237486,0.024317820630938524,0.040883129424785974,nan,nan,nan,0,nan,nan,nan,1280,512,0,0.0016465999942738563,0,81920,364993.0873832932,1,60,21504,189440,1280,0,nan,0.0409369919177712,0.0
40,paper-tau1,CF-F5-PERTURBED-RING-00,curved-connected,concentrated,0,2026572515,2026672518,2026772518,0.2252662549478155,0.33576656838626145,0.3681324479429426,nan,nan,nan,0,nan,nan,nan,1280,512,0,0.003837500000372529,81920,0,0.0,1,0,512,1024,0,0,nan,nan,nan
41,historical-online-psqt,CF-F5-PERTURBED-RING-00,curved-connected,concentrated,0,2026572515,2026672518,2026772518,0.00708102457361659,0.06194893233528914,0.07152306117267383,nan,nan,nan,0,nan,nan,nan,1280,512,0,0.005887200008146465,0,143360,409600.0,1,120,5128,9224,0,0,nan,0.024670941368950237,0.04650554658838416
42,pooled-rank-kll128,CF-F5-PERTURBED-RING-00,curved-connected,concentrated,0,2026572515,2026672518,2026772518,0.003423882950419843,0.034752903665933144,0.045378655086311996,nan,nan,nan,0,nan,nan,nan,1280,512,0,0.0023237999994307756,0,81920,153600.0,0,60,18944,25088,4304,17920,0.020517839594286266,0.031553094610643165,0.008096029880819089
43,pooled-rank-reservoir1024,CF-F5-PERTURBED-RING-00,curved-connected,concentrated,0,2026572515,2026672518,2026772518,0.0029539100506676963,0.032679792671612085,0.04135020168398159,nan,nan,nan,0,nan,nan,nan,1280,512,0,0.00212910000118427,0,77824,317440.0,1,60,17424,152592,1024,0,nan,0.029681335917796998,0.021000661219271313
44,exact-pooled-ceiling,CF-F5-PERTURBED-RING-00,curved-connected,concentrated,0,2026572515,2026672518,2026772518,0.0033407893858616866,0.034558404814121785,0.0442345313052748,nan,nan,nan,0,nan,nan,nan,1280,512,0,0.001670800003921613,0,81920,364993.0873832932,1,60,21504,189440,1280,0,nan,0.030413777958537964,0.0
45,paper-tau1,CF-F5-PERTURBED-RING-00,curved-connected,far,0,2026572515,2026672518,2026773527,0.20825557019938112,0.31917350053083854,0.3724971261098625,nan,nan,nan,0,nan,nan,nan,1280,512,0,0.003926299978047609,81920,0,0.0,1,0,512,1024,0,0,nan,nan,nan
46,historical-online-psqt,CF-F5-PERTURBED-RING-00,curved-connected,far,0,2026572515,2026672518,2026773527,0.009710138095766263,0.0649034078477663,0.0799872761068875,nan,nan,nan,0,nan,nan,nan,1280,512,0,0.0055810000048950315,0,143360,409600.0,1,120,5128,9224,0,0,nan,0.027030139587721932,0.07000191712033622
47,pooled-rank-kll128,CF-F5-PERTURBED-RING-00,curved-connected,far,0,2026572515,2026672518,2026773527,0.003463995429912048,0.035977719146469564,0.04631129519910845,nan,nan,nan,0,nan,nan,nan,1280,512,0,0.0022899999748915434,0,81920,153600.0,0,60,18944,25088,4304,17920,0.020517839594286266,0.03194121051509148,0.00780280999574102
48,pooled-rank-reservoir1024,CF-F5-PERTURBED-RING-00,curved-connected,far,0,2026572515,2026672518,2026773527,0.0037328322569638583,0.036253424871674406,0.047413650995120966,nan,nan,nan,0,nan,nan,nan,1280,512,0,0.0022811000235378742,0,77824,317440.0,1,60,17424,152592,1024,0,nan,0.030415174006215965,0.007289707649070795
49,exact-pooled-ceiling,CF-F5-PERTURBED-RING-00,curved-connected,far,0,2026572515,2026672518,2026773527,0.003621142962442425,0.03633756008478338,0.0472045791932258,nan,nan,nan,0,nan,nan,nan,1280,512,0,0.0015848000184632838,0,81920,364993.0873832932,1,60,21504,189440,1280,0,nan,0.03137827285668686,0.0
50,paper-tau1,CF-F6-MULTICURVE-00,multiple-curves,concentrated,0,2026672518,2026772521,2026872521,0.18215085744303838,0.33910582300712044,0.38455697857245025,nan,nan,nan,0,nan,nan,nan,1280,512,0,0.003989499993622303,81920,0,0.0,1,0,512,1024,0,0,nan,nan,nan
51,historical-online-psqt,CF-F6-MULTICURVE-00,multiple-curves,concentrated,0,2026672518,2026772521,2026872521,0.007936169144158178,0.07173221226093227,0.08571842198627563,nan,nan,nan,0,nan,nan,nan,1280,512,0,0.0061852000071667135,0,143360,409600.0,1,120,5128,9224,0,0,nan,0.03435166189395282,0.05695600897926004
52,pooled-rank-kll128,CF-F6-MULTICURVE-00,multiple-curves,concentrated,0,2026672518,2026772521,2026872521,0.0035170793896397434,0.03907449583691271,0.05074052592712125,nan,nan,nan,0,nan,nan,nan,1280,512,0,0.002224299998488277,0,81920,153600.0,0,60,18944,25088,4304,17920,0.020517839594286266,0.04135073925692711,0.009786685194543707
53,pooled-rank-reservoir1024,CF-F6-MULTICURVE-00,multiple-curves,concentrated,0,2026672518,2026772521,2026872521,0.004332223173150851,0.04445474638542486,0.05724901727547138,nan,nan,nan,0,nan,nan,nan,1280,512,0,0.002172500011511147,0,77824,317440.0,1,60,17424,152592,1024,0,nan,0.04351470203673762,0.018276569692196775
54,exact-pooled-ceiling,CF-F6-MULTICURVE-00,multiple-curves,concentrated,0,2026672518,2026772521,2026872521,0.0034457590868497423,0.039154479660601274,0.05074884202211763,nan,nan,nan,0,nan,nan,nan,1280,512,0,0.0016590000013820827,0,81920,364993.0873832932,1,60,21504,189440,1280,0,nan,0.04248611025608422,0.0
55,paper-tau1,CF-F6-MULTICURVE-00,multiple-curves,far,0,2026672518,2026772521,2026873530,0.2150745478978886,0.36675457239061315,0.41140009242423714,nan,nan,nan,0,nan,nan,nan,1280,512,0,0.004209500009892508,81920,0,0.0,1,0,512,1024,0,0,nan,nan,nan
56,historical-online-psqt,CF-F6-MULTICURVE-00,multiple-curves,far,0,2026672518,2026772521,2026873530,0.012564266666937662,0.08646884228356869,0.10436898406557758,nan,nan,nan,0,nan,nan,nan,1280,512,0,0.005863300000783056,0,143360,409600.0,1,120,5128,9224,0,0,nan,0.03312694034986549,0.07999104202139373
57,pooled-rank-kll128,CF-F6-MULTICURVE-00,multiple-curves,far,0,2026672518,2026772521,2026873530,0.003487308405013101,0.03866442868334065,0.049739561486715045,nan,nan,nan,0,nan,nan,nan,1280,512,0,0.002491599996574223,0,81920,153600.0,0,60,18944,25088,4304,17920,0.020517839594286266,0.04230150715905265,0.009403729967049147
58,pooled-rank-reservoir1024,CF-F6-MULTICURVE-00,multiple-curves,far,0,2026672518,2026772521,2026873530,0.0026728320297972896,0.03211234448846892,0.04072037568422563,nan,nan,nan,0,nan,nan,nan,1280,512,0,0.002132499997969717,0,77824,317440.0,1,60,17424,152592,1024,0,nan,0.030297875612368602,0.0168669127271202
59,exact-pooled-ceiling,CF-F6-MULTICURVE-00,multiple-curves,far,0,2026672518,2026772521,2026873530,0.0029120413864562877,0.034741145859216734,0.0435886149001332,nan,nan,nan,0,nan,nan,nan,1280,512,0,0.0015974999987520278,0,81920,364993.0873832932,1,60,21504,189440,1280,0,nan,0.03210885139214498,0.0
60,paper-tau1,CF-F7-SKEW-00,skew-heavy,concentrated,0,2026772521,2026872524,2026972524,0.03684681958726099,0.14971940944569248,0.22778020482813324,nan,nan,nan,0,nan,nan,nan,1280,512,0,0.0037623000098392367,81920,0,0.0,1,0,512,1024,0,0,nan,nan,nan
61,historical-online-psqt,CF-F7-SKEW-00,skew-heavy,concentrated,0,2026772521,2026872524,2026972524,0.004630276359118057,0.055323476944931636,0.10363243104426308,nan,nan,nan,0,nan,nan,nan,1280,512,0,0.005559099983656779,0,143360,409600.0,1,120,5128,9224,0,0,nan,0.03325780200557026,0.05686420732094339
62,pooled-rank-kll128,CF-F7-SKEW-00,skew-heavy,concentrated,0,2026772521,2026872524,2026972524,0.004771670382164639,0.04337005032712064,0.07553217344643615,nan,nan,nan,0,nan,nan,nan,1280,512,0,0.0023333999852184206,0,81920,153600.0,0,60,18944,25088,4304,17920,0.020517839594286266,0.06565469861413324,0.029099982733653485
63,pooled-rank-reservoir1024,CF-F7-SKEW-00,skew-heavy,concentrated,0,2026772521,2026872524,2026972524,0.0049089264694526236,0.04530111476583171,0.0806429763403488,nan,nan,nan,0,nan,nan,nan,1280,512,0,0.0022203999978955835,0,77824,317440.0,1,60,17424,152592,1024,0,nan,0.056793619555098054,0.013263446102260532
64,exact-pooled-ceiling,CF-F7-SKEW-00,skew-heavy,concentrated,0,2026772521,2026872524,2026972524,0.004603859951745171,0.04283436680163974,0.07609627998041268,nan,nan,nan,0,nan,nan,nan,1280,512,0,0.0015629999979864806,0,81920,364993.0873832932,1,60,21504,189440,1280,0,nan,0.0574120131370399,0.0
65,paper-tau1,CF-F7-SKEW-00,skew-heavy,far,0,2026772521,2026872524,2026973533,2.0517157561600197,1.4060657021238856,1.8080057625498782,nan,nan,nan,0,nan,nan,nan,1280,512,0,0.005557299999054521,81920,0,0.0,1,0,512,1024,0,0,nan,nan,nan
66,historical-online-psqt,CF-F7-SKEW-00,skew-heavy,far,0,2026772521,2026872524,2026973533,0.021496277136836883,0.10125117845129034,0.13931428724580028,nan,nan,nan,0,nan,nan,nan,1280,512,0,0.0057579999847803265,0,143360,409600.0,1,120,5128,9224,0,0,nan,0.035209879581206756,0.11127442039075126
67,pooled-rank-kll128,CF-F7-SKEW-00,skew-heavy,far,0,2026772521,2026872524,2026973533,0.004678654711551489,0.04233358395170115,0.07236117445359887,nan,nan,nan,0,nan,nan,nan,1280,512,0,0.0022170000011101365,0,81920,153600.0,0,60,18944,25088,4304,17920,0.020517839594286266,0.06421830934138754,0.025565811474642687
68,pooled-rank-reservoir1024,CF-F7-SKEW-00,skew-heavy,far,0,2026772521,2026872524,2026973533,0.005040365105944855,0.04484802233243316,0.07550542720392116,nan,nan,nan,0,nan,nan,nan,1280,512,0,0.0020822999940719455,0,77824,317440.0,1,60,17424,152592,1024,0,nan,0.059195520635577356,0.011590670755632608
69,exact-pooled-ceiling,CF-F7-SKEW-00,skew-heavy,far,0,2026772521,2026872524,2026973533,0.004768669900278022,0.04399722474440117,0.0758032284503792,nan,nan,nan,0,nan,nan,nan,1280,512,0,0.0015516999992541969,0,81920,364993.0873832932,1,60,21504,189440,1280,0,nan,0.06038067703545276,0.0
70,paper-tau1,CF-F8-OFFAXIS-BINARY-00,dependence-trap,concentrated,0,2026872524,2026972527,2027072527,0.2663929703524468,0.3412077884346356,0.4241012017479397,1.0,0.0,0.5,1,0.59375,0.0,0.59375,1280,512,0,0.004913599987048656,81920,0,0.0,1,0,512,1024,0,0,nan,nan,nan
71,historical-online-psqt,CF-F8-OFFAXIS-BINARY-00,dependence-trap,concentrated,0,2026872524,2026972527,2027072527,0.02680370420671796,0.11132479732894407,0.18711104278138907,1.0,0.0625,0.53125,1,0.1875,0.0,0.1875,1280,512,0,0.009787000017240644,0,143360,409600.0,1,120,5128,9224,0,0,nan,0.0273051743203499,0.16925536441420005
72,pooled-rank-kll128,CF-F8-OFFAXIS-BINARY-00,dependence-trap,concentrated,0,2026872524,2026972527,2027072527,0.0042034847875309644,0.039593883325643925,0.10517943116294286,1.0,0.0,0.5,1,0.09375,0.0,0.09375,1280,512,0,0.0023176000104285777,0,81920,153600.0,0,60,18944,25088,4304,17920,0.020517839594286266,0.11029521803965676,0.16575484848174668
73,pooled-rank-reservoir1024,CF-F8-OFFAXIS-BINARY-00,dependence-trap,concentrated,0,2026872524,2026972527,2027072527,0.0016226703352726357,0.023059442922493536,0.0713914616995097,1.0,0.0,0.5,1,0.0,0.0,0.0,1280,512,0,0.0025314000085927546,0,77824,317440.0,1,60,17424,152592,1024,0,nan,0.015720035946187337,0.16695972756286764
74,exact-pooled-ceiling,CF-F8-OFFAXIS-BINARY-00,dependence-trap,concentrated,0,2026872524,2026972527,2027072527,0.0025591468901307035,0.034290272906020346,0.12438109642273612,1.0,0.0625,0.53125,1,0.03125,0.0,0.03125,1280,512,0,0.0016786000051070005,0,81920,364993.0873832932,1,60,21504,189440,1280,0,nan,0.048938346728535094,0.0
75,paper-tau1,CF-F8-OFFAXIS-BINARY-00,dependence-trap,far,0,2026872524,2026972527,2027073536,0.6966662033989088,0.6925210615939684,0.841962685220227,0.5,0.6875,0.84375,1,0.59375,0.0,0.59375,1280,512,0,0.003970499994466081,81920,0,0.0,1,0,512,1024,0,0,nan,nan,nan
76,historical-online-psqt,CF-F8-OFFAXIS-BINARY-00,dependence-trap,far,0,2026872524,2026972527,2027073536,0.04882566125842547,0.13923080621025408,0.2013988119555171,1.0,0.0,0.5,1,0.15625,0.0,0.15625,1280,512,0,0.0058246999979019165,0,143360,409600.0,1,120,5128,9224,0,0,nan,0.02875478675329232,0.1858280863012216
77,pooled-rank-kll128,CF-F8-OFFAXIS-BINARY-00,dependence-trap,far,0,2026872524,2026972527,2027073536,0.0019547329740570163,0.026364693320299143,0.06920197754508306,1.0,0.0,0.5,1,0.0,0.0,0.0,1280,512,0,0.002238999994006008,0,81920,153600.0,0,60,18944,25088,4304,17920,0.020517839594286266,0.07151285386177124,0.16108930584757575
78,pooled-rank-reservoir1024,CF-F8-OFFAXIS-BINARY-00,dependence-trap,far,0,2026872524,2026972527,2027073536,0.004569514156458121,0.04371924369334129,0.13273157786229475,1.0,0.0625,0.53125,1,0.0625,0.0,0.0625,1280,512,0,0.0020693999831564724,0,77824,317440.0,1,60,17424,152592,1024,0,nan,0.09692276628803005,0.06600525975915406
79,exact-pooled-ceiling,CF-F8-OFFAXIS-BINARY-00,dependence-trap,far,0,2026872524,2026972527,2027073536,0.005345126979340975,0.04733978244931062,0.13406286676232573,1.0,0.0625,0.53125,1,0.0625,0.0,0.0625,1280,512,0,0.0015222000074572861,0,81920,364993.0873832932,1,60,21504,189440,1280,0,nan,0.11297622604918962,0.0
