all_reportable_components_reached,arm,bridge_ed2_change,bridge_exit_ed2,bridge_exit_sw1,cap_activations,cell,completed_step,diverged,ed2,eligible,family,floor_activations,handoff_ed2,handoff_sw1,init,kind,mass_l1,minimum_component_occupancy,paper_calibration_median_step,paper_ed2_change,paper_state_restoration_exact,paper_state_saved_step_index,quantile_cdf_error,seed,sharp_optimizer,sw1,target,trust_cap,wall_seconds,work_backward_examples,work_calibration_backward_examples,work_calibration_generator_example_evals,work_calibration_generator_forward_calls,work_calibration_kernel_pairs,work_calibration_optimizer_updates,work_calibration_target_samples,work_calibration_unique_latent_samples,work_diagnostic_generator_example_evals,work_diagnostic_generator_forward_calls,work_diagnostic_target_samples,work_generator_example_evals,work_generator_forward_calls,work_kernel_pairs,work_metric_generator_example_evals,work_metric_generator_forward_calls,work_metric_target_samples,work_optimizer_updates,work_positive_target_samples,work_sort_work,work_unique_latent_samples
0.0,qld-v1,-0.002666115170316896,0.0498304378648462,0.2553185409515548,0,CF-A01-rare005/concentrated,120,0,0.050282716656120385,1,separated-unequal-rare,0,0.052496553035163096,0.23641129525698681,concentrated,qld-paper,0.1178125,0.0,0.017905827271507524,nan,1,84,0.07050151209677419,0,,0.25505796547490417,CF-A01-rare005,0.022382284089384405,0.13421940000262111,3840.0,0.0,0.0,0.0,0.0,0.0,0.0,0.0,992.0,31.0,992.0,3840.0,120.0,73728.0,15872.0,31.0,15872.0,120.0,3840.0,26880.0,3840.0
0.0,qld-full,-0.003608881113815521,0.048887671921347575,0.25551284811306807,0,CF-A01-rare005/concentrated,120,0,0.050751514484360216,1,separated-unequal-rare,0,0.052496553035163096,0.23641129525698681,concentrated,qld-full,0.11953125000000002,0.0,0.017905827271507524,nan,1,84,0.0772429435483871,0,,0.23470993722683625,CF-A01-rare005,0.022382284089384405,0.22170699998969212,3840.0,0.0,0.0,0.0,0.0,0.0,0.0,0.0,992.0,31.0,992.0,3840.0,120.0,0.0,15872.0,31.0,15872.0,120.0,3840.0,38400.0,3840.0
0.0,bridge-reset-full-lr,0.009820771565240083,0.06231732460040318,0.24531200593085897,0,CF-A01-rare005/concentrated,120,0,0.050511709599548205,1,separated-unequal-rare,0,0.052496553035163096,0.23641129525698681,concentrated,bridge,0.0828125,0.0,0.017905827271507524,-0.011805615000854974,1,84,0.06949344758064516,0,reset-full,0.2354566344817433,CF-A01-rare005,0.022382284089384405,0.32296150000183843,3840.0,0.0,0.0,0.0,0.0,0.0,0.0,0.0,992.0,31.0,992.0,3840.0,120.0,73088.0,15872.0,31.0,15872.0,120.0,3840.0,26880.0,3840.0
0.0,bridge-reset-quarter,-0.0003251714439291842,0.05217138159123391,0.2394837356858865,0,CF-A01-rare005/concentrated,120,0,0.05382602892917032,1,separated-unequal-rare,0,0.052496553035163096,0.23641129525698681,concentrated,bridge,0.094375,0.0,0.017905827271507524,0.0016546473379364102,1,84,0.06892641129032258,0,reset-quarter,0.25848681152070363,CF-A01-rare005,0.022382284089384405,0.420370699983323,3840.0,0.0,0.0,0.0,0.0,0.0,0.0,0.0,992.0,31.0,992.0,3840.0,120.0,73088.0,15872.0,31.0,15872.0,120.0,3840.0,26880.0,3840.0
0.0,bridge-warm-quarter,-0.0014784332332506978,0.0510181198019124,0.24150294887148177,0,CF-A01-rare005/concentrated,120,0,0.05403569035170541,1,separated-unequal-rare,0,0.052496553035163096,0.23641129525698681,concentrated,bridge,0.10609375,0.0,0.017905827271507524,0.003017570549793014,1,84,0.06880040322580645,0,warm-quarter,0.26197481195615296,CF-A01-rare005,0.022382284089384405,0.5351173999952152,3840.0,0.0,0.0,0.0,0.0,0.0,0.0,0.0,992.0,31.0,992.0,3840.0,120.0,73088.0,15872.0,31.0,15872.0,120.0,3840.0,26880.0,3840.0
0.0,bridge-calibrated,-0.0014784332332506978,0.0510181198019124,0.24150294887148177,0,CF-A01-rare005/concentrated,120,0,0.05403569035170541,1,separated-unequal-rare,0,0.052496553035163096,0.23641129525698681,concentrated,bridge,0.10609375,0.0,0.017905827271507524,0.003017570549793014,1,84,0.06880040322580645,0,calibrated,0.26197481195615296,CF-A01-rare005,0.022382284089384405,0.6875393000082113,3840.0,160.0,160.0,5.0,10240.0,5.0,160.0,160.0,992.0,31.0,992.0,3840.0,120.0,73088.0,15872.0,31.0,15872.0,120.0,3840.0,26880.0,3840.0
0.0,bridge-carry-copy,-0.0013624130425833325,0.051134139992579764,0.2553326814681723,0,CF-A01-rare005/concentrated,120,0,0.05541651129394487,1,separated-unequal-rare,0,0.052496553035163096,0.23641129525698681,concentrated,bridge,0.14515625,0.0,0.017905827271507524,0.004282371301365107,1,84,0.07276965725806452,0,carry-copy,0.2783100928134345,CF-A01-rare005,0.022382284089384405,0.8138039000041317,3840.0,0.0,0.0,0.0,0.0,0.0,0.0,0.0,992.0,31.0,992.0,3840.0,120.0,73088.0,15872.0,31.0,15872.0,120.0,3840.0,26880.0,3840.0
0.0,qld-sharp20-only,-0.0014784332332506978,0.0510181198019124,0.24150294887148177,0,CF-A01-rare005/concentrated,104,0,0.0510181198019124,0,separated-unequal-rare,0,0.052496553035163096,0.23641129525698681,concentrated,bridge-only,0.0671875,0.0,0.017905827271507524,nan,1,84,0.07050151209677419,0,calibrated,0.24150294887148177,CF-A01-rare005,0.022382284089384405,0.9146948999841698,3328.0,160.0,160.0,5.0,10240.0,5.0,160.0,160.0,800.0,25.0,800.0,3328.0,104.0,40320.0,12800.0,25.0,12800.0,104.0,3328.0,26880.0,3328.0
0.0,qld-v1,-0.029729683062880596,0.12163808540746324,0.3655948282191118,0,CF-A01-rare005/missing,120,0,0.12054325050464643,1,separated-unequal-rare,0,0.15136776847034383,0.4000645661775956,missing,qld-paper,0.27968750000000003,0.0,0.025588753032557785,nan,1,84,0.09406502016129033,0,,0.36572826553957555,CF-A01-rare005,0.031985941290697234,0.1571643000061158,3840.0,0.0,0.0,0.0,0.0,0.0,0.0,0.0,992.0,31.0,992.0,3840.0,120.0,73728.0,15872.0,31.0,15872.0,120.0,3840.0,26880.0,3840.0
0.0,qld-full,-0.013084775737652876,0.13828299273269096,0.3873359532264951,0,CF-A01-rare005/missing,120,0,0.12054703292971625,1,separated-unequal-rare,0,0.15136776847034383,0.4000645661775956,missing,qld-full,0.32265625000000003,0.0,0.025588753032557785,nan,1,84,0.09942036290322581,0,,0.34917512355718394,CF-A01-rare005,0.031985941290697234,0.2591379999939818,3840.0,0.0,0.0,0.0,0.0,0.0,0.0,0.0,992.0,31.0,992.0,3840.0,120.0,0.0,15872.0,31.0,15872.0,120.0,3840.0,38400.0,3840.0
0.0,bridge-reset-full-lr,-0.05539779721847782,0.09596997125186602,0.3519573059336094,0,CF-A01-rare005/missing,120,0,0.09305433843076139,1,separated-unequal-rare,0,0.15136776847034383,0.4000645661775956,missing,bridge,0.23984375000000002,0.0,0.025588753032557785,-0.00291563282110463,1,84,0.11139112903225806,0,reset-full,0.3698733932247921,CF-A01-rare005,0.031985941290697234,0.3767142999859061,3840.0,0.0,0.0,0.0,0.0,0.0,0.0,0.0,992.0,31.0,992.0,3840.0,120.0,73088.0,15872.0,31.0,15872.0,120.0,3840.0,26880.0,3840.0
0.0,bridge-reset-quarter,-0.030328007313005,0.12103976115733883,0.3701757117184374,0,CF-A01-rare005/missing,120,0,0.1048328459879162,1,separated-unequal-rare,0,0.15136776847034383,0.4000645661775956,missing,bridge,0.31406249999999997,0.0,0.025588753032557785,-0.01620691516942263,1,84,0.11032006048387097,0,reset-quarter,0.3587133946765565,CF-A01-rare005,0.031985941290697234,0.4947718000039458,3840.0,0.0,0.0,0.0,0.0,0.0,0.0,0.0,992.0,31.0,992.0,3840.0,120.0,73088.0,15872.0,31.0,15872.0,120.0,3840.0,26880.0,3840.0
0.0,bridge-warm-quarter,-0.016620765002050675,0.13474700346829316,0.38342517681060745,0,CF-A01-rare005/missing,120,0,0.11337614318512435,1,separated-unequal-rare,0,0.15136776847034383,0.4000645661775956,missing,bridge,0.30624999999999997,0.0,0.025588753032557785,-0.021370860283168813,1,84,0.11233618951612903,0,warm-quarter,0.36137805649678306,CF-A01-rare005,0.031985941290697234,0.6350164999894332,3840.0,0.0,0.0,0.0,0.0,0.0,0.0,0.0,992.0,31.0,992.0,3840.0,120.0,73088.0,15872.0,31.0,15872.0,120.0,3840.0,26880.0,3840.0
0.0,bridge-calibrated,-0.016620765002050675,0.13474700346829316,0.38342517681060745,0,CF-A01-rare005/missing,120,0,0.11337614318512435,1,separated-unequal-rare,0,0.15136776847034383,0.4000645661775956,missing,bridge,0.30624999999999997,0.0,0.025588753032557785,-0.021370860283168813,1,84,0.11233618951612903,0,calibrated,0.36137805649678306,CF-A01-rare005,0.031985941290697234,0.7685339000017848,3840.0,160.0,160.0,5.0,10240.0,5.0,160.0,160.0,992.0,31.0,992.0,3840.0,120.0,73088.0,15872.0,31.0,15872.0,120.0,3840.0,26880.0,3840.0
0.0,bridge-carry-copy,-0.043134548801164296,0.10823321966917954,0.36205430824152046,0,CF-A01-rare005/missing,120,0,0.09520793686605034,1,separated-unequal-rare,0,0.15136776847034383,0.4000645661775956,missing,bridge,0.2515625,0.0,0.025588753032557785,-0.013025282803129201,1,84,0.1061617943548387,0,carry-copy,0.3622167204576153,CF-A01-rare005,0.031985941290697234,0.8896010000025854,3840.0,0.0,0.0,0.0,0.0,0.0,0.0,0.0,992.0,31.0,992.0,3840.0,120.0,73088.0,15872.0,31.0,15872.0,120.0,3840.0,26880.0,3840.0
0.0,qld-sharp20-only,-0.016620765002050675,0.13474700346829316,0.38342517681060745,0,CF-A01-rare005/missing,104,0,0.13474700346829316,0,separated-unequal-rare,0,0.15136776847034383,0.4000645661775956,missing,bridge-only,0.35781250000000003,0.0,0.025588753032557785,nan,1,84,0.10206653225806452,0,calibrated,0.38342517681060745,CF-A01-rare005,0.031985941290697234,0.9838842999888584,3328.0,160.0,160.0,5.0,10240.0,5.0,160.0,160.0,800.0,25.0,800.0,3328.0,104.0,40320.0,12800.0,25.0,12800.0,104.0,3328.0,26880.0,3328.0
0.0,qld-v1,0.012724946800554582,0.07773214410800433,0.35175331834722623,0,CF-A02-rare010/concentrated,120,0,0.061799315448527015,1,separated-unequal-rare,0,0.06500719730744975,0.3504356750139021,concentrated,qld-paper,0.07671875000000003,0.0,0.015410495635417853,nan,1,84,0.06615423387096774,0,,0.3171520941560953,CF-A02-rare010,0.019263119544272317,0.1648457999981474,3840.0,0.0,0.0,0.0,0.0,0.0,0.0,0.0,992.0,31.0,992.0,3840.0,120.0,73728.0,15872.0,31.0,15872.0,120.0,3840.0,26880.0,3840.0
0.0,qld-full,0.013795979543342218,0.07880317685079197,0.3215658893440281,0,CF-A02-rare010/concentrated,120,0,0.07416469868931386,1,separated-unequal-rare,0,0.06500719730744975,0.3504356750139021,concentrated,qld-full,0.18953124999999996,0.0,0.015410495635417853,nan,1,84,0.07056451612903226,0,,0.29859214138918805,CF-A02-rare010,0.019263119544272317,0.26236570000764914,3840.0,0.0,0.0,0.0,0.0,0.0,0.0,0.0,992.0,31.0,992.0,3840.0,120.0,0.0,15872.0,31.0,15872.0,120.0,3840.0,38400.0,3840.0
0.0,bridge-reset-full-lr,0.020185408460014598,0.08519260576746435,0.336639439603636,0,CF-A02-rare010/concentrated,120,0,0.0925991384658107,1,separated-unequal-rare,0,0.06500719730744975,0.3504356750139021,concentrated,bridge,0.18375000000000016,0.0,0.015410495635417853,0.007406532698346346,1,84,0.06426411290322581,0,reset-full,0.3670848746021226,CF-A02-rare010,0.019263119544272317,0.3786423999990802,3840.0,0.0,0.0,0.0,0.0,0.0,0.0,0.0,992.0,31.0,992.0,3840.0,120.0,73088.0,15872.0,31.0,15872.0,120.0,3840.0,26880.0,3840.0
0.0,bridge-reset-quarter,-0.0012638671496925102,0.06374333015775724,0.31674450849032604,0,CF-A02-rare010/concentrated,120,0,0.07436012933033798,1,separated-unequal-rare,0,0.06500719730744975,0.3504356750139021,concentrated,bridge,0.11187500000000003,0.0,0.015410495635417853,0.010616799172580738,1,84,0.06703629032258064,0,reset-quarter,0.3346835868428032,CF-A02-rare010,0.019263119544272317,0.4874931999947876,3840.0,0.0,0.0,0.0,0.0,0.0,0.0,0.0,992.0,31.0,992.0,3840.0,120.0,73088.0,15872.0,31.0,15872.0,120.0,3840.0,26880.0,3840.0
0.0,bridge-warm-quarter,-0.00316488194810316,0.06184231535934659,0.32164522704288795,0,CF-A02-rare010/concentrated,120,0,0.07163633507644018,1,separated-unequal-rare,0,0.06500719730744975,0.3504356750139021,concentrated,bridge,0.10015625000000003,0.0,0.015410495635417853,0.009794019717093594,1,84,0.06936743951612903,0,warm-quarter,0.33497014921627233,CF-A02-rare010,0.019263119544272317,0.6283607000077609,3840.0,0.0,0.0,0.0,0.0,0.0,0.0,0.0,992.0,31.0,992.0,3840.0,120.0,73088.0,15872.0,31.0,15872.0,120.0,3840.0,26880.0,3840.0
0.0,bridge-calibrated,-0.00316488194810316,0.06184231535934659,0.32164522704288795,0,CF-A02-rare010/concentrated,120,0,0.07163633507644018,1,separated-unequal-rare,0,0.06500719730744975,0.3504356750139021,concentrated,bridge,0.10015625000000003,0.0,0.015410495635417853,0.009794019717093594,1,84,0.06936743951612903,0,calibrated,0.33497014921627233,CF-A02-rare010,0.019263119544272317,0.7596002999925986,3840.0,160.0,160.0,5.0,10240.0,5.0,160.0,160.0,992.0,31.0,992.0,3840.0,120.0,73088.0,15872.0,31.0,15872.0,120.0,3840.0,26880.0,3840.0
0.0,bridge-carry-copy,0.004901393079541405,0.06990859038699115,0.3232791334377919,0,CF-A02-rare010/concentrated,120,0,0.07784574917759945,1,separated-unequal-rare,0,0.06500719730744975,0.3504356750139021,concentrated,bridge,0.15875000000000003,0.0,0.015410495635417853,0.0079371587906083,1,84,0.06716229838709678,0,carry-copy,0.34404934385172814,CF-A02-rare010,0.019263119544272317,0.8825148000032641,3840.0,0.0,0.0,0.0,0.0,0.0,0.0,0.0,992.0,31.0,992.0,3840.0,120.0,73088.0,15872.0,31.0,15872.0,120.0,3840.0,26880.0,3840.0
0.0,qld-sharp20-only,-0.00316488194810316,0.06184231535934659,0.32164522704288795,0,CF-A02-rare010/concentrated,104,0,0.06184231535934659,0,separated-unequal-rare,0,0.06500719730744975,0.3504356750139021,concentrated,bridge-only,0.05656249999999998,0.0,0.015410495635417853,nan,1,84,0.06640625,0,calibrated,0.32164522704288795,CF-A02-rare010,0.019263119544272317,0.9777495999878738,3328.0,160.0,160.0,5.0,10240.0,5.0,160.0,160.0,800.0,25.0,800.0,3328.0,104.0,40320.0,12800.0,25.0,12800.0,104.0,3328.0,26880.0,3328.0
0.0,qld-v1,0.0019537222224497164,0.091386948522022,0.4403278938385879,0,CF-A02-rare010/missing,120,0,0.08688614629744706,1,separated-unequal-rare,0,0.08943322629957229,0.43621683637482045,missing,qld-paper,0.26359374999999996,0.0,0.026604979282524865,nan,1,84,0.078125,0,,0.43029005286754973,CF-A02-rare010,0.03325622410315608,0.1549014000047464,3840.0,0.0,0.0,0.0,0.0,0.0,0.0,0.0,992.0,31.0,992.0,3840.0,120.0,73728.0,15872.0,31.0,15872.0,120.0,3840.0,26880.0,3840.0
0.0,qld-full,0.012252548295699217,0.1016857745952715,0.43318711738667914,0,CF-A02-rare010/missing,120,0,0.1283353357054875,1,separated-unequal-rare,0,0.08943322629957229,0.43621683637482045,missing,qld-full,0.4315625,0.0,0.026604979282524865,nan,1,84,0.07837701612903226,0,,0.4657217586407,CF-A02-rare010,0.03325622410315608,0.25643869998748414,3840.0,0.0,0.0,0.0,0.0,0.0,0.0,0.0,992.0,31.0,992.0,3840.0,120.0,0.0,15872.0,31.0,15872.0,120.0,3840.0,38400.0,3840.0
0.0,bridge-reset-full-lr,-0.0024542456530078915,0.0869789806465644,0.4337702344641316,0,CF-A02-rare010/missing,120,0,0.10021547602886627,1,separated-unequal-rare,0,0.08943322629957229,0.43621683637482045,missing,bridge,0.205,0.0,0.026604979282524865,0.013236495382301872,1,84,0.09104082661290322,0,reset-full,0.45743621012947416,CF-A02-rare010,0.03325622410315608,0.37350239997613244,3840.0,0.0,0.0,0.0,0.0,0.0,0.0,0.0,992.0,31.0,992.0,3840.0,120.0,73088.0,15872.0,31.0,15872.0,120.0,3840.0,26880.0,3840.0
0.0,bridge-reset-quarter,0.004066626107475324,0.09349985240704761,0.4297750708265221,0,CF-A02-rare010/missing,120,0,0.09323087242757211,1,separated-unequal-rare,0,0.08943322629957229,0.43621683637482045,missing,bridge,0.24796875,0.0,0.026604979282524865,-0.00026897997947550323,1,84,0.08026713709677419,0,reset-quarter,0.4416130374225738,CF-A02-rare010,0.03325622410315608,0.4915952000010293,3840.0,0.0,0.0,0.0,0.0,0.0,0.0,0.0,992.0,31.0,992.0,3840.0,120.0,73088.0,15872.0,31.0,15872.0,120.0,3840.0,26880.0,3840.0
0.0,bridge-warm-quarter,0.002631517806828798,0.09206474410640109,0.432066222056336,0,CF-A02-rare010/missing,120,0,0.0930248508016478,1,separated-unequal-rare,0,0.08943322629957229,0.43621683637482045,missing,bridge,0.24796875,0.0,0.026604979282524865,0.0009601066952467097,1,84,0.08026713709677419,0,warm-quarter,0.4436639609705978,CF-A02-rare010,0.03325622410315608,0.6347394999756943,3840.0,0.0,0.0,0.0,0.0,0.0,0.0,0.0,992.0,31.0,992.0,3840.0,120.0,73088.0,15872.0,31.0,15872.0,120.0,3840.0,26880.0,3840.0
0.0,bridge-calibrated,0.002631517806828798,0.09206474410640109,0.432066222056336,0,CF-A02-rare010/missing,120,0,0.0930248508016478,1,separated-unequal-rare,0,0.08943322629957229,0.43621683637482045,missing,bridge,0.24796875,0.0,0.026604979282524865,0.0009601066952467097,1,84,0.08026713709677419,0,calibrated,0.4436639609705978,CF-A02-rare010,0.03325622410315608,0.7713900999806356,3840.0,160.0,160.0,5.0,10240.0,5.0,160.0,160.0,992.0,31.0,992.0,3840.0,120.0,73088.0,15872.0,31.0,15872.0,120.0,3840.0,26880.0,3840.0
0.0,bridge-carry-copy,0.002056515983945628,0.09148974228351792,0.44499606608504355,0,CF-A02-rare010/missing,120,0,0.10779176842874616,1,separated-unequal-rare,0,0.08943322629957229,0.43621683637482045,missing,bridge,0.17999999999999985,0.0,0.026604979282524865,0.016302026145228243,1,84,0.09349798387096774,0,carry-copy,0.4756317740339576,CF-A02-rare010,0.03325622410315608,0.8990060999931302,3840.0,0.0,0.0,0.0,0.0,0.0,0.0,0.0,992.0,31.0,992.0,3840.0,120.0,73088.0,15872.0,31.0,15872.0,120.0,3840.0,26880.0,3840.0
0.0,qld-sharp20-only,0.002631517806828798,0.09206474410640109,0.432066222056336,0,CF-A02-rare010/missing,104,0,0.09206474410640109,0,separated-unequal-rare,0,0.08943322629957229,0.43621683637482045,missing,bridge-only,0.28703124999999996,0.0,0.026604979282524865,nan,1,84,0.0752898185483871,0,calibrated,0.432066222056336,CF-A02-rare010,0.03325622410315608,1.0024532999959774,3328.0,160.0,160.0,5.0,10240.0,5.0,160.0,160.0,800.0,25.0,800.0,3328.0,104.0,40320.0,12800.0,25.0,12800.0,104.0,3328.0,26880.0,3328.0
0.0,qld-v1,-0.015122192005811996,0.12512115381841094,0.5761435633506357,0,CF-A03-rare030/missing,120,0,0.11994826807849313,1,separated-unequal-rare,0,0.14024334582422293,0.5947183645714442,missing,qld-paper,0.32265625,0.0,0.02047037188881282,nan,1,84,0.07925907258064516,0,,0.5673004227414881,CF-A03-rare030,0.025587964861016024,0.13842099998146296,3840.0,0.0,0.0,0.0,0.0,0.0,0.0,0.0,992.0,31.0,992.0,3840.0,120.0,73728.0,15872.0,31.0,15872.0,120.0,3840.0,26880.0,3840.0
0.0,qld-full,-0.02001995048516303,0.1202233953390599,0.5761669322252965,0,CF-A03-rare030/missing,120,0,0.09586403438572333,1,separated-unequal-rare,0,0.14024334582422293,0.5947183645714442,missing,qld-full,0.30703125,0.0,0.02047037188881282,nan,1,84,0.07213961693548387,0,,0.5098004562499334,CF-A03-rare030,0.025587964861016024,0.22986170000513084,3840.0,0.0,0.0,0.0,0.0,0.0,0.0,0.0,992.0,31.0,992.0,3840.0,120.0,0.0,15872.0,31.0,15872.0,120.0,3840.0,38400.0,3840.0
0.0,bridge-reset-full-lr,0.0732265351634398,0.21346988098766273,0.7739056087042389,0,CF-A03-rare030/missing,120,0,0.20742676989813402,1,separated-unequal-rare,0,0.14024334582422293,0.5947183645714442,missing,bridge,0.29999999999999993,0.0,0.02047037188881282,-0.006043111089528708,1,84,0.10912298387096774,0,reset-full,0.7719293460731976,CF-A03-rare030,0.025587964861016024,0.3296593999839388,3840.0,0.0,0.0,0.0,0.0,0.0,0.0,0.0,992.0,31.0,992.0,3840.0,120.0,73088.0,15872.0,31.0,15872.0,120.0,3840.0,26880.0,3840.0
0.0,bridge-reset-quarter,0.013974124359097395,0.15421747018332033,0.6427772618986449,0,CF-A03-rare030/missing,120,0,0.13398854936556548,1,separated-unequal-rare,0,0.14024334582422293,0.5947183645714442,missing,bridge,0.4046875,0.0,0.02047037188881282,-0.020228920817754847,1,84,0.08285030241935484,0,reset-quarter,0.6129314571677863,CF-A03-rare030,0.025587964861016024,0.42771560000255704,3840.0,0.0,0.0,0.0,0.0,0.0,0.0,0.0,992.0,31.0,992.0,3840.0,120.0,73088.0,15872.0,31.0,15872.0,120.0,3840.0,26880.0,3840.0
0.0,bridge-warm-quarter,0.0032451034910310206,0.14348844931525395,0.6151364830482507,0,CF-A03-rare030/missing,120,0,0.1255996030511084,1,separated-unequal-rare,0,0.14024334582422293,0.5947183645714442,missing,bridge,0.3578125,0.0,0.02047037188881282,-0.017888846264145553,1,84,0.07913306451612903,0,warm-quarter,0.5857970545577385,CF-A03-rare030,0.025587964861016024,0.5220300999935716,3840.0,0.0,0.0,0.0,0.0,0.0,0.0,0.0,992.0,31.0,992.0,3840.0,120.0,73088.0,15872.0,31.0,15872.0,120.0,3840.0,26880.0,3840.0
0.0,bridge-calibrated,0.0032451034910310206,0.14348844931525395,0.6151364830482507,0,CF-A03-rare030/missing,120,0,0.1255996030511084,1,separated-unequal-rare,0,0.14024334582422293,0.5947183645714442,missing,bridge,0.3578125,0.0,0.02047037188881282,-0.017888846264145553,1,84,0.07913306451612903,0,calibrated,0.5857970545577385,CF-A03-rare030,0.025587964861016024,0.6116648000024725,3840.0,160.0,160.0,5.0,10240.0,5.0,160.0,160.0,992.0,31.0,992.0,3840.0,120.0,73088.0,15872.0,31.0,15872.0,120.0,3840.0,26880.0,3840.0
0.0,bridge-carry-copy,0.014625261946250578,0.1548686077704735,0.6485967733443629,0,CF-A03-rare030/missing,120,0,0.1404526082308295,1,separated-unequal-rare,0,0.14024334582422293,0.5947183645714442,missing,bridge,0.32265625,0.0,0.02047037188881282,-0.014415999539644009,1,84,0.08656754032258064,0,carry-copy,0.6313954366105512,CF-A03-rare030,0.025587964861016024,0.7086601000046358,3840.0,0.0,0.0,0.0,0.0,0.0,0.0,0.0,992.0,31.0,992.0,3840.0,120.0,73088.0,15872.0,31.0,15872.0,120.0,3840.0,26880.0,3840.0
0.0,qld-sharp20-only,0.0032451034910310206,0.14348844931525395,0.6151364830482507,0,CF-A03-rare030/missing,104,0,0.14348844931525395,0,separated-unequal-rare,0,0.14024334582422293,0.5947183645714442,missing,bridge-only,0.4984375,0.0,0.02047037188881282,nan,1,84,0.08870967741935484,0,calibrated,0.6151364830482507,CF-A03-rare030,0.025587964861016024,0.7931806999840774,3328.0,160.0,160.0,5.0,10240.0,5.0,160.0,160.0,800.0,25.0,800.0,3328.0,104.0,40320.0,12800.0,25.0,12800.0,104.0,3328.0,26880.0,3328.0
0.0,qld-v1,-0.00038458012616127135,0.07186156863086124,0.337816976976283,0,CF-A03-rare030/concentrated,120,0,0.06853290802574197,1,separated-unequal-rare,0,0.07224614875702251,0.3465230871225219,concentrated,qld-paper,0.13125,0.0,0.014333128224174606,nan,1,84,0.057711693548387094,0,,0.3310890037094691,CF-A03-rare030,0.01791641028021826,0.13963259998126887,3840.0,0.0,0.0,0.0,0.0,0.0,0.0,0.0,992.0,31.0,992.0,3840.0,120.0,73728.0,15872.0,31.0,15872.0,120.0,3840.0,26880.0,3840.0
0.0,qld-full,0.007626630431286863,0.07987277918830937,0.3616451960713072,0,CF-A03-rare030/concentrated,120,0,0.06437136259822696,1,separated-unequal-rare,0,0.07224614875702251,0.3465230871225219,concentrated,qld-full,0.11171875,0.0,0.014333128224174606,nan,1,84,0.05815272177419355,0,,0.32899942664365883,CF-A03-rare030,0.01791641028021826,0.22619639997719787,3840.0,0.0,0.0,0.0,0.0,0.0,0.0,0.0,992.0,31.0,992.0,3840.0,120.0,0.0,15872.0,31.0,15872.0,120.0,3840.0,38400.0,3840.0
0.0,bridge-reset-full-lr,-0.018550933701477756,0.053695215055544754,0.3111965148518235,0,CF-A03-rare030/concentrated,120,0,0.0524000153558668,1,separated-unequal-rare,0,0.07224614875702251,0.3465230871225219,concentrated,bridge,0.08109374999999999,0.0,0.014333128224174606,-0.0012951996996779513,1,84,0.05626260080645161,0,reset-full,0.3000737021188132,CF-A03-rare030,0.01791641028021826,0.3238835999800358,3840.0,0.0,0.0,0.0,0.0,0.0,0.0,0.0,992.0,31.0,992.0,3840.0,120.0,73088.0,15872.0,31.0,15872.0,120.0,3840.0,26880.0,3840.0
0.0,bridge-reset-quarter,-0.0056787182283075666,0.06656743052871494,0.34221983208359447,0,CF-A03-rare030/concentrated,120,0,0.06703098435396893,1,separated-unequal-rare,0,0.07224614875702251,0.3465230871225219,concentrated,bridge,0.15078125,0.0,0.014333128224174606,0.0004635538252539817,1,84,0.05796370967741935,0,reset-quarter,0.3356977826759479,CF-A03-rare030,0.01791641028021826,0.4235830999969039,3840.0,0.0,0.0,0.0,0.0,0.0,0.0,0.0,992.0,31.0,992.0,3840.0,120.0,73088.0,15872.0,31.0,15872.0,120.0,3840.0,26880.0,3840.0
0.0,bridge-warm-quarter,-0.0016653470545962001,0.07058080170242631,0.3469850583559384,0,CF-A03-rare030/concentrated,120,0,0.07161542406703081,1,separated-unequal-rare,0,0.07224614875702251,0.3465230871225219,concentrated,bridge,0.14296875,0.0,0.014333128224174606,0.0010346223646044983,1,84,0.05827872983870968,0,warm-quarter,0.33709924348220177,CF-A03-rare030,0.01791641028021826,0.519808799988823,3840.0,0.0,0.0,0.0,0.0,0.0,0.0,0.0,992.0,31.0,992.0,3840.0,120.0,73088.0,15872.0,31.0,15872.0,120.0,3840.0,26880.0,3840.0
0.0,bridge-calibrated,-0.0016653470545962001,0.07058080170242631,0.3469850583559384,0,CF-A03-rare030/concentrated,120,0,0.07161542406703081,1,separated-unequal-rare,0,0.07224614875702251,0.3465230871225219,concentrated,bridge,0.14296875,0.0,0.014333128224174606,0.0010346223646044983,1,84,0.05827872983870968,0,calibrated,0.33709924348220177,CF-A03-rare030,0.01791641028021826,0.6096432999765966,3840.0,160.0,160.0,5.0,10240.0,5.0,160.0,160.0,992.0,31.0,992.0,3840.0,120.0,73088.0,15872.0,31.0,15872.0,120.0,3840.0,26880.0,3840.0
0.0,bridge-carry-copy,-0.004813134093430982,0.06743301466359153,0.3389176038379459,0,CF-A03-rare030/concentrated,120,0,0.06866788002350699,1,separated-unequal-rare,0,0.07224614875702251,0.3465230871225219,concentrated,bridge,0.1546875,0.0,0.014333128224174606,0.0012348653599154602,1,84,0.05758568548387097,0,carry-copy,0.3283124066641552,CF-A03-rare030,0.01791641028021826,0.7184213000000454,3840.0,0.0,0.0,0.0,0.0,0.0,0.0,0.0,992.0,31.0,992.0,3840.0,120.0,73088.0,15872.0,31.0,15872.0,120.0,3840.0,26880.0,3840.0
0.0,qld-sharp20-only,-0.0016653470545962001,0.07058080170242631,0.3469850583559384,0,CF-A03-rare030/concentrated,104,0,0.07058080170242631,0,separated-unequal-rare,0,0.07224614875702251,0.3465230871225219,concentrated,bridge-only,0.08046875,0.0,0.014333128224174606,nan,1,84,0.06123991935483871,0,calibrated,0.3469850583559384,CF-A03-rare030,0.01791641028021826,0.8012471999973059,3328.0,160.0,160.0,5.0,10240.0,5.0,160.0,160.0,800.0,25.0,800.0,3328.0,104.0,40320.0,12800.0,25.0,12800.0,104.0,3328.0,26880.0,3328.0
0.0,qld-v1,0.033444054299438086,0.2511648772082795,1.1295067199247093,0,CF-A04-equal-K13/missing,120,0,0.23960541912368694,1,equal-high-mode-count,0,0.21772082290884143,0.9270888471291562,missing,qld-paper,0.6814903846153846,0.0,0.030514529522696777,nan,1,84,0.11296622983870967,0,,1.090830498714571,CF-A04-equal-K13,0.03814316190337097,0.1444836000155192,3840.0,0.0,0.0,0.0,0.0,0.0,0.0,0.0,992.0,31.0,992.0,3840.0,120.0,73728.0,15872.0,31.0,15872.0,120.0,3840.0,26880.0,3840.0
0.0,qld-full,-0.041494188147928046,0.17622663476091338,0.9068937807494954,0,CF-A04-equal-K13/missing,120,0,0.15348493112733586,1,equal-high-mode-count,0,0.21772082290884143,0.9270888471291562,missing,qld-full,0.5603966346153846,0.0,0.030514529522696777,nan,1,84,0.06212197580645161,0,,0.626178135612161,CF-A04-equal-K13,0.03814316190337097,0.2342396000167355,3840.0,0.0,0.0,0.0,0.0,0.0,0.0,0.0,992.0,31.0,992.0,3840.0,120.0,0.0,15872.0,31.0,15872.0,120.0,3840.0,38400.0,3840.0
0.0,bridge-reset-full-lr,0.01412409830197836,0.2318449212108198,0.8039926042777272,0,CF-A04-equal-K13/missing,120,0,0.13986631345074318,1,equal-high-mode-count,0,0.21772082290884143,0.9270888471291562,missing,bridge,0.5315504807692308,0.0,0.030514529522696777,-0.0919786077600766,1,84,0.08404737903225806,0,reset-full,0.8062968656135385,CF-A04-equal-K13,0.03814316190337097,0.3405862000072375,3840.0,0.0,0.0,0.0,0.0,0.0,0.0,0.0,992.0,31.0,992.0,3840.0,120.0,73088.0,15872.0,31.0,15872.0,120.0,3840.0,26880.0,3840.0
0.0,bridge-reset-quarter,-0.009953382072367845,0.20776744083647358,0.8604082486591464,0,CF-A04-equal-K13/missing,120,0,0.19276676328902642,1,equal-high-mode-count,0,0.21772082290884143,0.9270888471291562,missing,bridge,0.6370192307692308,0.0,0.030514529522696777,-0.015000677547447161,1,84,0.10294858870967742,0,reset-quarter,0.9808549900928385,CF-A04-equal-K13,0.03814316190337097,0.45003170002019033,3840.0,0.0,0.0,0.0,0.0,0.0,0.0,0.0,992.0,31.0,992.0,3840.0,120.0,73088.0,15872.0,31.0,15872.0,120.0,3840.0,26880.0,3840.0
0.0,bridge-warm-quarter,-0.004411948035565327,0.2133088748732761,0.8853000958828394,0,CF-A04-equal-K13/missing,120,0,0.2060022929529901,1,equal-high-mode-count,0,0.21772082290884143,0.9270888471291562,missing,bridge,0.6541466346153846,0.0,0.030514529522696777,-0.007306581920285993,1,84,0.10679183467741936,0,warm-quarter,1.0118551803067217,CF-A04-equal-K13,0.03814316190337097,0.5760964000073727,3840.0,0.0,0.0,0.0,0.0,0.0,0.0,0.0,992.0,31.0,992.0,3840.0,120.0,73088.0,15872.0,31.0,15872.0,120.0,3840.0,26880.0,3840.0
0.0,bridge-calibrated,-0.004411948035565327,0.2133088748732761,0.8853000958828394,0,CF-A04-equal-K13/missing,120,0,0.2060022929529901,1,equal-high-mode-count,0,0.21772082290884143,0.9270888471291562,missing,bridge,0.6541466346153846,0.0,0.030514529522696777,-0.007306581920285993,1,84,0.10679183467741936,0,calibrated,1.0118551803067217,CF-A04-equal-K13,0.03814316190337097,0.6993159000121523,3840.0,160.0,160.0,5.0,10240.0,5.0,160.0,160.0,992.0,31.0,992.0,3840.0,120.0,73088.0,15872.0,31.0,15872.0,120.0,3840.0,26880.0,3840.0
0.0,bridge-carry-copy,-0.0007204302785579486,0.21700039263028348,1.0451990382812872,0,CF-A04-equal-K13/missing,120,0,0.3652990407045742,1,equal-high-mode-count,0,0.21772082290884143,0.9270888471291562,missing,bridge,0.6268028846153846,0.0,0.030514529522696777,0.14829864807429072,1,84,0.14528729838709678,0,carry-copy,1.324503163634988,CF-A04-equal-K13,0.03814316190337097,0.8207115000113845,3840.0,0.0,0.0,0.0,0.0,0.0,0.0,0.0,992.0,31.0,992.0,3840.0,120.0,73088.0,15872.0,31.0,15872.0,120.0,3840.0,26880.0,3840.0
0.0,qld-sharp20-only,-0.004411948035565327,0.2133088748732761,0.8853000958828394,0,CF-A04-equal-K13/missing,104,0,0.2133088748732761,0,equal-high-mode-count,0,0.21772082290884143,0.9270888471291562,missing,bridge-only,0.6721754807692306,0.0,0.030514529522696777,nan,1,84,0.09595514112903226,0,calibrated,0.8853000958828394,CF-A04-equal-K13,0.03814316190337097,0.9207867000077385,3328.0,160.0,160.0,5.0,10240.0,5.0,160.0,160.0,800.0,25.0,800.0,3328.0,104.0,40320.0,12800.0,25.0,12800.0,104.0,3328.0,26880.0,3328.0
0.0,qld-v1,-0.01689199491672655,0.053803681097951195,0.33298963496808326,0,CF-A04-equal-K13/concentrated,120,0,0.04052356679985181,1,equal-high-mode-count,0,0.07069567601467774,0.38211932156991607,concentrated,qld-paper,0.3644831730769231,0.0,0.014898006035338546,nan,1,84,0.03944052419354839,0,,0.29260329058091217,CF-A04-equal-K13,0.018622507544173182,0.1464857000100892,3840.0,0.0,0.0,0.0,0.0,0.0,0.0,0.0,992.0,31.0,992.0,3840.0,120.0,73728.0,15872.0,31.0,15872.0,120.0,3840.0,26880.0,3840.0
0.0,qld-full,-0.018356190532711203,0.05233948548196654,0.3450588742811364,0,CF-A04-equal-K13/concentrated,120,0,0.025034385229774525,1,equal-high-mode-count,0,0.07069567601467774,0.38211932156991607,concentrated,qld-full,0.3831129807692308,0.0,0.014898006035338546,nan,1,84,0.030682963709677418,0,,0.24301190147931206,CF-A04-equal-K13,0.018622507544173182,0.24637690000236034,3840.0,0.0,0.0,0.0,0.0,0.0,0.0,0.0,992.0,31.0,992.0,3840.0,120.0,0.0,15872.0,31.0,15872.0,120.0,3840.0,38400.0,3840.0
0.0,bridge-reset-full-lr,-0.04111687802424946,0.029578797990428285,0.2758259963659152,0,CF-A04-equal-K13/concentrated,120,0,0.024004267506825716,1,equal-high-mode-count,0,0.07069567601467774,0.38211932156991607,concentrated,bridge,0.34194711538461536,0.0,0.014898006035338546,-0.005574530483602569,1,84,0.02746975806451613,0,reset-full,0.2555222822026073,CF-A04-equal-K13,0.018622507544173182,0.3718833999882918,3840.0,0.0,0.0,0.0,0.0,0.0,0.0,0.0,992.0,31.0,992.0,3840.0,120.0,73088.0,15872.0,31.0,15872.0,120.0,3840.0,26880.0,3840.0
0.0,bridge-reset-quarter,-0.01644033156794933,0.054255344446728415,0.33534601716831514,0,CF-A04-equal-K13/concentrated,120,0,0.04026570447918987,1,equal-high-mode-count,0,0.07069567601467774,0.38211932156991607,concentrated,bridge,0.35757211538461536,0.0,0.014898006035338546,-0.013989639967538547,1,84,0.037613407258064516,0,reset-quarter,0.2900700662327495,CF-A04-equal-K13,0.018622507544173182,0.49546599999303,3840.0,0.0,0.0,0.0,0.0,0.0,0.0,0.0,992.0,31.0,992.0,3840.0,120.0,73088.0,15872.0,31.0,15872.0,120.0,3840.0,26880.0,3840.0
0.0,bridge-warm-quarter,-0.007266949701353553,0.06342872631332419,0.3625650317918424,0,CF-A04-equal-K13/concentrated,120,0,0.047743354423647855,1,equal-high-mode-count,0,0.07069567601467774,0.38211932156991607,concentrated,bridge,0.3551682692307692,0.0,0.014898006035338546,-0.015685371889676336,1,84,0.038873487903225805,0,warm-quarter,0.3134249343500438,CF-A04-equal-K13,0.018622507544173182,0.6192970999982208,3840.0,0.0,0.0,0.0,0.0,0.0,0.0,0.0,992.0,31.0,992.0,3840.0,120.0,73088.0,15872.0,31.0,15872.0,120.0,3840.0,26880.0,3840.0
0.0,bridge-calibrated,-0.007266949701353553,0.06342872631332419,0.3625650317918424,0,CF-A04-equal-K13/concentrated,120,0,0.047743354423647855,1,equal-high-mode-count,0,0.07069567601467774,0.38211932156991607,concentrated,bridge,0.3551682692307692,0.0,0.014898006035338546,-0.015685371889676336,1,84,0.038873487903225805,0,calibrated,0.3134249343500438,CF-A04-equal-K13,0.018622507544173182,0.7288558000000194,3840.0,160.0,160.0,5.0,10240.0,5.0,160.0,160.0,992.0,31.0,992.0,3840.0,120.0,73088.0,15872.0,31.0,15872.0,120.0,3840.0,26880.0,3840.0
0.0,bridge-carry-copy,-0.014845735775375957,0.05584994023930179,0.3492479050601281,0,CF-A04-equal-K13/concentrated,120,0,0.041301142437271565,1,equal-high-mode-count,0,0.07069567601467774,0.38211932156991607,concentrated,bridge,0.3668870192307692,0.0,0.014898006035338546,-0.014548797802030222,1,84,0.03849546370967742,0,carry-copy,0.30423399034113285,CF-A04-equal-K13,0.018622507544173182,0.836028499994427,3840.0,0.0,0.0,0.0,0.0,0.0,0.0,0.0,992.0,31.0,992.0,3840.0,120.0,73088.0,15872.0,31.0,15872.0,120.0,3840.0,26880.0,3840.0
0.0,qld-sharp20-only,-0.007266949701353553,0.06342872631332419,0.3625650317918424,0,CF-A04-equal-K13/concentrated,104,0,0.06342872631332419,0,equal-high-mode-count,0,0.07069567601467774,0.38211932156991607,concentrated,bridge-only,0.5534855769230769,0.0,0.014898006035338546,nan,1,84,0.04290574596774194,0,calibrated,0.3625650317918424,CF-A04-equal-K13,0.018622507544173182,0.9303168999904301,3328.0,160.0,160.0,5.0,10240.0,5.0,160.0,160.0,800.0,25.0,800.0,3328.0,104.0,40320.0,12800.0,25.0,12800.0,104.0,3328.0,26880.0,3328.0
0.0,qld-v1,0.145620773148603,0.24638992420503447,0.6938683307238385,0,CF-A05-hetero-K9/missing,120,0,0.21403123982230454,1,heteroscedastic,0,0.10076915105643147,0.45581523756191494,missing,qld-paper,0.6909722222222223,0.0,0.027176227320505654,nan,1,84,0.11756552419354839,0,,0.6606610374249247,CF-A05-hetero-K9,0.033970284150632066,0.11832680000225082,3840.0,0.0,0.0,0.0,0.0,0.0,0.0,0.0,992.0,31.0,992.0,3840.0,120.0,73728.0,15872.0,31.0,15872.0,120.0,3840.0,26880.0,3840.0
0.0,qld-full,-0.0164838086287169,0.08428534242771457,0.4134256849884606,0,CF-A05-hetero-K9/missing,120,0,0.07215927771903319,1,heteroscedastic,0,0.10076915105643147,0.45581523756191494,missing,qld-full,0.515625,0.0,0.027176227320505654,nan,1,84,0.05481350806451613,0,,0.3750894159945134,CF-A05-hetero-K9,0.033970284150632066,0.20503139999345876,3840.0,0.0,0.0,0.0,0.0,0.0,0.0,0.0,992.0,31.0,992.0,3840.0,120.0,0.0,15872.0,31.0,15872.0,120.0,3840.0,38400.0,3840.0
0.0,bridge-reset-full-lr,0.00696325241681528,0.10773240347324675,0.4731912660319099,0,CF-A05-hetero-K9/missing,120,0,0.050802920397767126,1,heteroscedastic,0,0.10076915105643147,0.45581523756191494,missing,bridge,0.4270833333333333,0.0,0.027176227320505654,-0.056929483075479625,1,84,0.037865423387096774,0,reset-full,0.3044066513959076,CF-A05-hetero-K9,0.033970284150632066,0.30918159999419004,3840.0,0.0,0.0,0.0,0.0,0.0,0.0,0.0,992.0,31.0,992.0,3840.0,120.0,73088.0,15872.0,31.0,15872.0,120.0,3840.0,26880.0,3840.0
0.0,bridge-reset-quarter,-0.042181429627748734,0.05858772142868274,0.3289189323085665,0,CF-A05-hetero-K9/missing,120,0,0.12177260706768145,1,heteroscedastic,0,0.10076915105643147,0.45581523756191494,missing,bridge,0.6089409722222221,0.0,0.027176227320505654,0.06318488563899871,1,84,0.0866305443548387,0,reset-quarter,0.4923318530269928,CF-A05-hetero-K9,0.033970284150632066,0.41453069998533465,3840.0,0.0,0.0,0.0,0.0,0.0,0.0,0.0,992.0,31.0,992.0,3840.0,120.0,73088.0,15872.0,31.0,15872.0,120.0,3840.0,26880.0,3840.0
0.0,bridge-warm-quarter,-0.03388894752977967,0.0668802035266518,0.3542760653286089,0,CF-A05-hetero-K9/missing,120,0,0.15272050758670863,1,heteroscedastic,0,0.10076915105643147,0.45581523756191494,missing,bridge,0.6753472222222223,0.0,0.027176227320505654,0.08584030406005683,1,84,0.09765625,0,warm-quarter,0.552825805111024,CF-A05-hetero-K9,0.033970284150632066,0.517171799991047,3840.0,0.0,0.0,0.0,0.0,0.0,0.0,0.0,992.0,31.0,992.0,3840.0,120.0,73088.0,15872.0,31.0,15872.0,120.0,3840.0,26880.0,3840.0
0.0,bridge-calibrated,-0.03388894752977967,0.0668802035266518,0.3542760653286089,0,CF-A05-hetero-K9/missing,120,0,0.15272050758670863,1,heteroscedastic,0,0.10076915105643147,0.45581523756191494,missing,bridge,0.6753472222222223,0.0,0.027176227320505654,0.08584030406005683,1,84,0.09765625,0,calibrated,0.552825805111024,CF-A05-hetero-K9,0.033970284150632066,0.6221695999847725,3840.0,160.0,160.0,5.0,10240.0,5.0,160.0,160.0,992.0,31.0,992.0,3840.0,120.0,73088.0,15872.0,31.0,15872.0,120.0,3840.0,26880.0,3840.0
1.0,bridge-carry-copy,0.04891753716965841,0.14968668822608988,0.5498066975026125,0,CF-A05-hetero-K9/missing,120,0,0.2977361783219048,1,heteroscedastic,0,0.10076915105643147,0.45581523756191494,missing,bridge,0.6631944444444444,0.037109375,0.027176227320505654,0.14804949009581492,1,84,0.13684475806451613,0,carry-copy,0.7693677307792557,CF-A05-hetero-K9,0.033970284150632066,0.7401689999969676,3840.0,0.0,0.0,0.0,0.0,0.0,0.0,0.0,992.0,31.0,992.0,3840.0,120.0,73088.0,15872.0,31.0,15872.0,120.0,3840.0,26880.0,3840.0
0.0,qld-sharp20-only,-0.03388894752977967,0.0668802035266518,0.3542760653286089,0,CF-A05-hetero-K9/missing,104,0,0.0668802035266518,0,heteroscedastic,0,0.10076915105643147,0.45581523756191494,missing,bridge-only,0.4973958333333333,0.0,0.027176227320505654,nan,1,84,0.05311239919354839,0,calibrated,0.3542760653286089,CF-A05-hetero-K9,0.033970284150632066,0.839564199995948,3328.0,160.0,160.0,5.0,10240.0,5.0,160.0,160.0,800.0,25.0,800.0,3328.0,104.0,40320.0,12800.0,25.0,12800.0,104.0,3328.0,26880.0,3328.0
1.0,qld-v1,-0.005421196074831602,0.039423719990898665,0.25929159598751744,0,CF-A05-hetero-K9/concentrated,120,0,0.03546499220104771,1,heteroscedastic,0,0.04484491606573027,0.28632494993770874,concentrated,qld-paper,0.4040798611111111,0.00390625,0.015464229242170533,nan,1,84,0.03868447580645161,0,,0.24265397596991475,CF-A05-hetero-K9,0.019330286552713166,0.1225280000071507,3840.0,0.0,0.0,0.0,0.0,0.0,0.0,0.0,992.0,31.0,992.0,3840.0,120.0,73728.0,15872.0,31.0,15872.0,120.0,3840.0,26880.0,3840.0
0.0,qld-full,-0.009585200961887974,0.03525971510384229,0.2434886719493335,0,CF-A05-hetero-K9/concentrated,120,0,0.049784124305553235,1,heteroscedastic,0,0.04484491606573027,0.28632494993770874,concentrated,qld-full,0.4661458333333333,0.0,0.015464229242170533,nan,1,84,0.04649697580645161,0,,0.30919160099561116,CF-A05-hetero-K9,0.019330286552713166,0.20830530000966974,3840.0,0.0,0.0,0.0,0.0,0.0,0.0,0.0,992.0,31.0,992.0,3840.0,120.0,0.0,15872.0,31.0,15872.0,120.0,3840.0,38400.0,3840.0
1.0,bridge-reset-full-lr,-0.02268521720865202,0.022159698857078247,0.17567391311915123,0,CF-A05-hetero-K9/concentrated,120,0,0.027427031746455555,1,heteroscedastic,0,0.04484491606573027,0.28632494993770874,concentrated,bridge,0.2860243055555555,0.03515625,0.015464229242170533,0.0052673328893773075,1,84,0.03383316532258065,0,reset-full,0.20222214990721613,CF-A05-hetero-K9,0.019330286552713166,0.31490969998412766,3840.0,0.0,0.0,0.0,0.0,0.0,0.0,0.0,992.0,31.0,992.0,3840.0,120.0,73088.0,15872.0,31.0,15872.0,120.0,3840.0,26880.0,3840.0
1.0,bridge-reset-quarter,-0.013550578330685958,0.03129433773504431,0.2299380337539877,0,CF-A05-hetero-K9/concentrated,120,0,0.03460494709860562,1,heteroscedastic,0,0.04484491606573027,0.28632494993770874,concentrated,bridge,0.3611111111111111,0.0078125,0.015464229242170533,0.003310609363561312,1,84,0.03849546370967742,0,reset-quarter,0.23878529652474842,CF-A05-hetero-K9,0.019330286552713166,0.4206766999850515,3840.0,0.0,0.0,0.0,0.0,0.0,0.0,0.0,992.0,31.0,992.0,3840.0,120.0,73088.0,15872.0,31.0,15872.0,120.0,3840.0,26880.0,3840.0
0.0,bridge-warm-quarter,-0.00793042909821029,0.03691448696751998,0.25684702084399164,0,CF-A05-hetero-K9/concentrated,120,0,0.040102634401916415,1,heteroscedastic,0,0.04484491606573027,0.28632494993770874,concentrated,bridge,0.4118923611111111,0.0,0.015464229242170533,0.0031881474343964378,1,84,0.04145665322580645,0,warm-quarter,0.2611591835112079,CF-A05-hetero-K9,0.019330286552713166,0.5281443999847397,3840.0,0.0,0.0,0.0,0.0,0.0,0.0,0.0,992.0,31.0,992.0,3840.0,120.0,73088.0,15872.0,31.0,15872.0,120.0,3840.0,26880.0,3840.0
0.0,bridge-calibrated,-0.00793042909821029,0.03691448696751998,0.25684702084399164,0,CF-A05-hetero-K9/concentrated,120,0,0.040102634401916415,1,heteroscedastic,0,0.04484491606573027,0.28632494993770874,concentrated,bridge,0.4118923611111111,0.0,0.015464229242170533,0.0031881474343964378,1,84,0.04145665322580645,0,calibrated,0.2611591835112079,CF-A05-hetero-K9,0.019330286552713166,0.6367701000126544,3840.0,160.0,160.0,5.0,10240.0,5.0,160.0,160.0,992.0,31.0,992.0,3840.0,120.0,73088.0,15872.0,31.0,15872.0,120.0,3840.0,26880.0,3840.0
1.0,bridge-carry-copy,-0.011880346527676444,0.03296456953805382,0.2320288505235787,0,CF-A05-hetero-K9/concentrated,120,0,0.03723605393183771,1,heteroscedastic,0,0.04484491606573027,0.28632494993770874,concentrated,bridge,0.3572048611111111,0.0078125,0.015464229242170533,0.0042714843937838864,1,84,0.03931451612903226,0,carry-copy,0.2514393612350186,CF-A05-hetero-K9,0.019330286552713166,0.7688111999887042,3840.0,0.0,0.0,0.0,0.0,0.0,0.0,0.0,992.0,31.0,992.0,3840.0,120.0,73088.0,15872.0,31.0,15872.0,120.0,3840.0,26880.0,3840.0
0.0,qld-sharp20-only,-0.00793042909821029,0.03691448696751998,0.25684702084399164,0,CF-A05-hetero-K9/concentrated,104,0,0.03691448696751998,0,heteroscedastic,0,0.04484491606573027,0.28632494993770874,concentrated,bridge-only,0.4548611111111111,0.0,0.015464229242170533,nan,1,84,0.04133064516129032,0,calibrated,0.25684702084399164,CF-A05-hetero-K9,0.019330286552713166,0.8584672999859322,3328.0,160.0,160.0,5.0,10240.0,5.0,160.0,160.0,800.0,25.0,800.0,3328.0,104.0,40320.0,12800.0,25.0,12800.0,104.0,3328.0,26880.0,3328.0
1.0,qld-v1,-0.00241539275950009,0.004422225889244125,0.05227066638188175,0,CF-A06-overlap-K7/missing,120,0,0.0071349302712017115,1,overlap,0,0.006837618648744215,0.04238370473121043,missing,qld-paper,0.21484375,0.09765625,0.005713194589829544,nan,1,84,0.02633568548387097,0,,0.04714226869779394,CF-A06-overlap-K7,0.00714149323728693,0.12118889999692328,3840.0,0.0,0.0,0.0,0.0,0.0,0.0,0.0,992.0,31.0,992.0,3840.0,120.0,73728.0,15872.0,31.0,15872.0,120.0,3840.0,26880.0,3840.0
1.0,qld-full,-0.0008390903412700546,0.00599852830747416,0.05152254859652631,0,CF-A06-overlap-K7/missing,120,0,0.005023633747050171,1,overlap,0,0.006837618648744215,0.04238370473121043,missing,qld-full,0.140625,0.046875,0.005713194589829544,nan,1,84,0.01663306451612903,0,,0.03662206324693324,CF-A06-overlap-K7,0.00714149323728693,0.20565450002322905,3840.0,0.0,0.0,0.0,0.0,0.0,0.0,0.0,992.0,31.0,992.0,3840.0,120.0,0.0,15872.0,31.0,15872.0,120.0,3840.0,38400.0,3840.0
1.0,bridge-reset-full-lr,-0.0015267042193207736,0.005310914429423441,0.07608293906288362,0,CF-A06-overlap-K7/missing,120,0,0.004143120273505163,1,overlap,0,0.006837618648744215,0.04238370473121043,missing,bridge,0.23046875,0.048828125,0.005713194589829544,-0.001167794155918278,1,84,0.03137600806451613,0,reset-full,0.055678247857592456,CF-A06-overlap-K7,0.00714149323728693,0.3091531000100076,3840.0,0.0,0.0,0.0,0.0,0.0,0.0,0.0,992.0,31.0,992.0,3840.0,120.0,73088.0,15872.0,31.0,15872.0,120.0,3840.0,26880.0,3840.0
1.0,bridge-reset-quarter,-0.002069955006369195,0.00476766364237502,0.04652494803966173,0,CF-A06-overlap-K7/missing,120,0,0.00434025154331974,1,overlap,0,0.006837618648744215,0.04238370473121043,missing,bridge,0.17578125,0.056640625,0.005713194589829544,-0.0004274120990552799,1,84,0.02438256048387097,0,reset-quarter,0.04329969324320988,CF-A06-overlap-K7,0.00714149323728693,0.4128977000073064,3840.0,0.0,0.0,0.0,0.0,0.0,0.0,0.0,992.0,31.0,992.0,3840.0,120.0,73088.0,15872.0,31.0,15872.0,120.0,3840.0,26880.0,3840.0
1.0,bridge-warm-quarter,-0.0024802512375918795,0.004357367411152335,0.043407038786829874,0,CF-A06-overlap-K7/missing,120,0,0.004641437555863992,1,overlap,0,0.006837618648744215,0.04238370473121043,missing,bridge,0.16796875,0.052734375,0.005713194589829544,0.0002840701447116567,1,84,0.022555443548387098,0,warm-quarter,0.042407050944925986,CF-A06-overlap-K7,0.00714149323728693,0.5204814000171609,3840.0,0.0,0.0,0.0,0.0,0.0,0.0,0.0,992.0,31.0,992.0,3840.0,120.0,73088.0,15872.0,31.0,15872.0,120.0,3840.0,26880.0,3840.0
1.0,bridge-calibrated,-0.0024802512375918795,0.004357367411152335,0.043407038786829874,0,CF-A06-overlap-K7/missing,120,0,0.004641437555863992,1,overlap,0,0.006837618648744215,0.04238370473121043,missing,bridge,0.16796875,0.052734375,0.005713194589829544,0.0002840701447116567,1,84,0.022555443548387098,0,calibrated,0.042407050944925986,CF-A06-overlap-K7,0.00714149323728693,0.6528122000163421,3840.0,160.0,160.0,5.0,10240.0,5.0,160.0,160.0,992.0,31.0,992.0,3840.0,120.0,73088.0,15872.0,31.0,15872.0,120.0,3840.0,26880.0,3840.0
1.0,bridge-carry-copy,0.0003452069789706691,0.007182825627714884,0.06528314741913399,0,CF-A06-overlap-K7/missing,120,0,0.004025201961754488,1,overlap,0,0.006837618648744215,0.04238370473121043,missing,bridge,0.1640625,0.064453125,0.005713194589829544,-0.0031576236659603962,1,84,0.027154737903225805,0,carry-copy,0.048364019028311056,CF-A06-overlap-K7,0.00714149323728693,0.7779666999995243,3840.0,0.0,0.0,0.0,0.0,0.0,0.0,0.0,992.0,31.0,992.0,3840.0,120.0,73088.0,15872.0,31.0,15872.0,120.0,3840.0,26880.0,3840.0
1.0,qld-sharp20-only,-0.0024802512375918795,0.004357367411152335,0.043407038786829874,0,CF-A06-overlap-K7/missing,104,0,0.004357367411152335,0,overlap,0,0.006837618648744215,0.04238370473121043,missing,bridge-only,0.20703125,0.02734375,0.005713194589829544,nan,1,84,0.022807459677419355,0,calibrated,0.043407038786829874,CF-A06-overlap-K7,0.00714149323728693,0.8774451000208501,3328.0,160.0,160.0,5.0,10240.0,5.0,160.0,160.0,800.0,25.0,800.0,3328.0,104.0,40320.0,12800.0,25.0,12800.0,104.0,3328.0,26880.0,3328.0
1.0,qld-v1,-0.0011832717159623307,0.004825809368729006,0.04448761068573993,0,CF-A06-overlap-K7/concentrated,120,0,0.004464327946706703,1,overlap,0,0.006009081084691337,0.06546752877906561,concentrated,qld-paper,0.17578125,0.046875,0.01827058820998985,nan,1,84,0.021043346774193547,0,,0.043117275412837566,CF-A06-overlap-K7,0.02283823526248731,0.12959610001416877,3840.0,0.0,0.0,0.0,0.0,0.0,0.0,0.0,992.0,31.0,992.0,3840.0,120.0,73728.0,15872.0,31.0,15872.0,120.0,3840.0,26880.0,3840.0
1.0,qld-full,-0.0011410420926593057,0.004868038992032031,0.042821969641734105,0,CF-A06-overlap-K7/concentrated,120,0,0.0020326955600977747,1,overlap,0,0.006009081084691337,0.06546752877906561,concentrated,qld-full,0.1171875,0.076171875,0.01827058820998985,nan,1,84,0.017074092741935484,0,,0.03175732844030301,CF-A06-overlap-K7,0.02283823526248731,0.21776570001384243,3840.0,0.0,0.0,0.0,0.0,0.0,0.0,0.0,992.0,31.0,992.0,3840.0,120.0,0.0,15872.0,31.0,15872.0,120.0,3840.0,38400.0,3840.0
1.0,bridge-reset-full-lr,-0.00046772007876472177,0.005541361005926615,0.0370088313023436,0,CF-A06-overlap-K7/concentrated,120,0,0.005697130479378032,1,overlap,0,0.006009081084691337,0.06546752877906561,concentrated,bridge,0.16015625,0.03125,0.01827058820998985,0.000155769473451417,1,84,0.022051411290322582,0,reset-full,0.05161035560747481,CF-A06-overlap-K7,0.02283823526248731,0.32886570002301596,3840.0,0.0,0.0,0.0,0.0,0.0,0.0,0.0,992.0,31.0,992.0,3840.0,120.0,73088.0,15872.0,31.0,15872.0,120.0,3840.0,26880.0,3840.0
1.0,bridge-reset-quarter,-0.0026631479637034827,0.003345933120987854,0.03390307456169994,0,CF-A06-overlap-K7/concentrated,120,0,0.004959598926587594,1,overlap,0,0.006009081084691337,0.06546752877906561,concentrated,bridge,0.2109375,0.033203125,0.01827058820998985,0.00161366580559974,1,84,0.023878528225806453,0,reset-quarter,0.05441375243229535,CF-A06-overlap-K7,0.02283823526248731,0.4432156000111718,3840.0,0.0,0.0,0.0,0.0,0.0,0.0,0.0,992.0,31.0,992.0,3840.0,120.0,73088.0,15872.0,31.0,15872.0,120.0,3840.0,26880.0,3840.0
1.0,bridge-warm-quarter,-0.0028648658150223216,0.003144215269669015,0.0347291976846913,0,CF-A06-overlap-K7/concentrated,120,0,0.004953513733141457,1,overlap,0,0.006009081084691337,0.06546752877906561,concentrated,bridge,0.21875,0.033203125,0.01827058820998985,0.0018092984634724418,1,84,0.02356350806451613,0,warm-quarter,0.0548533072660798,CF-A06-overlap-K7,0.02283823526248731,0.566921400022693,3840.0,0.0,0.0,0.0,0.0,0.0,0.0,0.0,992.0,31.0,992.0,3840.0,120.0,73088.0,15872.0,31.0,15872.0,120.0,3840.0,26880.0,3840.0
1.0,bridge-calibrated,-0.0028648658150223216,0.003144215269669015,0.0347291976846913,0,CF-A06-overlap-K7/concentrated,120,0,0.004953513733141457,1,overlap,0,0.006009081084691337,0.06546752877906561,concentrated,bridge,0.21875,0.033203125,0.01827058820998985,0.0018092984634724418,1,84,0.02356350806451613,0,calibrated,0.0548533072660798,CF-A06-overlap-K7,0.02283823526248731,0.6830951000156347,3840.0,160.0,160.0,5.0,10240.0,5.0,160.0,160.0,992.0,31.0,992.0,3840.0,120.0,73088.0,15872.0,31.0,15872.0,120.0,3840.0,26880.0,3840.0
1.0,bridge-carry-copy,-0.0007286577554623808,0.005280423329228956,0.04114269733879906,0,CF-A06-overlap-K7/concentrated,120,0,0.007947702989853922,1,overlap,0,0.006009081084691337,0.06546752877906561,concentrated,bridge,0.26171875,0.033203125,0.01827058820998985,0.002667279660624966,1,84,0.028225806451612902,0,carry-copy,0.05786202277800375,CF-A06-overlap-K7,0.02283823526248731,0.8146177000016905,3840.0,0.0,0.0,0.0,0.0,0.0,0.0,0.0,992.0,31.0,992.0,3840.0,120.0,73088.0,15872.0,31.0,15872.0,120.0,3840.0,26880.0,3840.0
1.0,qld-sharp20-only,-0.0028648658150223216,0.003144215269669015,0.0347291976846913,0,CF-A06-overlap-K7/concentrated,104,0,0.003144215269669015,0,overlap,0,0.006009081084691337,0.06546752877906561,concentrated,bridge-only,0.1015625,0.064453125,0.01827058820998985,nan,1,84,0.016381048387096774,0,calibrated,0.0347291976846913,CF-A06-overlap-K7,0.02283823526248731,0.9086105000169482,3328.0,160.0,160.0,5.0,10240.0,5.0,160.0,160.0,800.0,25.0,800.0,3328.0,104.0,40320.0,12800.0,25.0,12800.0,104.0,3328.0,26880.0,3328.0
nan,qld-v1,0.0009294946338256338,0.02275825303892942,0.1415413617136612,0,CF-A07-shifted-lognormal/concentrated,120,0,0.01882890703105944,1,connected-skew,0,0.021828758405103788,0.13932964214829158,concentrated,qld-paper,nan,nan,0.007960832114699756,nan,1,84,0.06703629032258064,0,,0.13567657738194847,CF-A07-shifted-lognormal,0.009951040143374695,0.12223099998664111,3840.0,0.0,0.0,0.0,0.0,0.0,0.0,0.0,992.0,31.0,992.0,3840.0,120.0,73728.0,15872.0,31.0,15872.0,120.0,3840.0,26880.0,3840.0
nan,qld-full,0.0008939672264270948,0.022722725631530882,0.1475485876833571,0,CF-A07-shifted-lognormal/concentrated,120,0,0.019014584596897754,1,connected-skew,0,0.021828758405103788,0.13932964214829158,concentrated,qld-full,nan,nan,0.007960832114699756,nan,1,84,0.07402973790322581,0,,0.14770029135284377,CF-A07-shifted-lognormal,0.009951040143374695,0.1961851999803912,3840.0,0.0,0.0,0.0,0.0,0.0,0.0,0.0,992.0,31.0,992.0,3840.0,120.0,0.0,15872.0,31.0,15872.0,120.0,3840.0,38400.0,3840.0
nan,bridge-reset-full-lr,-0.012113935998150027,0.00971482240695376,0.10475567271378149,0,CF-A07-shifted-lognormal/concentrated,120,0,0.0091102618500436,1,connected-skew,0,0.021828758405103788,0.13932964214829158,concentrated,bridge,nan,nan,0.007960832114699756,-0.0006045605569101609,1,84,0.041015625,0,reset-full,0.11257746837666158,CF-A07-shifted-lognormal,0.009951040143374695,0.29344149999087676,3840.0,0.0,0.0,0.0,0.0,0.0,0.0,0.0,992.0,31.0,992.0,3840.0,120.0,73088.0,15872.0,31.0,15872.0,120.0,3840.0,26880.0,3840.0
nan,bridge-reset-quarter,0.0003553054358939045,0.022184063840997692,0.14383231964615267,0,CF-A07-shifted-lognormal/concentrated,120,0,0.016675647994335407,1,connected-skew,0,0.021828758405103788,0.13932964214829158,concentrated,bridge,nan,nan,0.007960832114699756,-0.0055084158466622846,1,84,0.05991683467741935,0,reset-quarter,0.13089605218616593,CF-A07-shifted-lognormal,0.009951040143374695,0.38762519997544587,3840.0,0.0,0.0,0.0,0.0,0.0,0.0,0.0,992.0,31.0,992.0,3840.0,120.0,73088.0,15872.0,31.0,15872.0,120.0,3840.0,26880.0,3840.0
nan,bridge-warm-quarter,-0.001750763020163748,0.02007799538494004,0.1361208037904266,0,CF-A07-shifted-lognormal/concentrated,120,0,0.02000377163627809,1,connected-skew,0,0.021828758405103788,0.13932964214829158,concentrated,bridge,nan,nan,0.007960832114699756,-7.422374866195014e-05,1,84,0.06394909274193548,0,warm-quarter,0.13670799028457822,CF-A07-shifted-lognormal,0.009951040143374695,0.49273149998043664,3840.0,0.0,0.0,0.0,0.0,0.0,0.0,0.0,992.0,31.0,992.0,3840.0,120.0,73088.0,15872.0,31.0,15872.0,120.0,3840.0,26880.0,3840.0
nan,bridge-calibrated,-0.001986218558744257,0.01984253984635953,0.13572599265321186,6,CF-A07-shifted-lognormal/concentrated,120,0,0.02022661250497315,1,connected-skew,0,0.021828758405103788,0.13932964214829158,concentrated,bridge,nan,nan,0.007960832114699756,0.00038407265861362117,1,84,0.06394909274193548,0,calibrated,0.13678171785506535,CF-A07-shifted-lognormal,0.009951040143374695,0.5794363999739289,3840.0,160.0,160.0,5.0,10240.0,5.0,160.0,160.0,992.0,31.0,992.0,3840.0,120.0,73088.0,15872.0,31.0,15872.0,120.0,3840.0,26880.0,3840.0
nan,bridge-carry-copy,-0.006516474985241993,0.015312283419861794,0.13012562522306978,0,CF-A07-shifted-lognormal/concentrated,120,0,0.010493867960409742,1,connected-skew,0,0.021828758405103788,0.13932964214829158,concentrated,bridge,nan,nan,0.007960832114699756,-0.004818415459452052,1,84,0.05078125,0,carry-copy,0.11996813501192449,CF-A07-shifted-lognormal,0.009951040143374695,0.669708899979014,3840.0,0.0,0.0,0.0,0.0,0.0,0.0,0.0,992.0,31.0,992.0,3840.0,120.0,73088.0,15872.0,31.0,15872.0,120.0,3840.0,26880.0,3840.0
nan,qld-sharp20-only,-0.001986218558744257,0.01984253984635953,0.13572599265321186,6,CF-A07-shifted-lognormal/concentrated,104,0,0.01984253984635953,0,connected-skew,0,0.021828758405103788,0.13932964214829158,concentrated,bridge-only,nan,nan,0.007960832114699756,nan,1,84,0.06388608870967742,0,calibrated,0.13572599265321186,CF-A07-shifted-lognormal,0.009951040143374695,0.7374439999985043,3328.0,160.0,160.0,5.0,10240.0,5.0,160.0,160.0,800.0,25.0,800.0,3328.0,104.0,40320.0,12800.0,25.0,12800.0,104.0,3328.0,26880.0,3328.0
nan,qld-v1,-0.006400081954053172,0.01394844256796468,0.13464584308159258,0,CF-A07-shifted-lognormal/missing,120,0,0.014949997019932937,1,connected-skew,0,0.020348524522017852,0.16650492448492432,missing,qld-paper,nan,nan,0.010489618749568812,nan,1,84,0.05531754032258065,0,,0.1243197004541398,CF-A07-shifted-lognormal,0.013112023436961016,0.13262750001740642,3840.0,0.0,0.0,0.0,0.0,0.0,0.0,0.0,992.0,31.0,992.0,3840.0,120.0,73728.0,15872.0,31.0,15872.0,120.0,3840.0,26880.0,3840.0
nan,qld-full,-0.006674000897864629,0.013674523624153223,0.1301067590657488,0,CF-A07-shifted-lognormal/missing,120,0,0.015555098576786164,1,connected-skew,0,0.020348524522017852,0.16650492448492432,missing,qld-full,nan,nan,0.010489618749568812,nan,1,84,0.06281502016129033,0,,0.13334665398864767,CF-A07-shifted-lognormal,0.013112023436961016,0.2301900000020396,3840.0,0.0,0.0,0.0,0.0,0.0,0.0,0.0,992.0,31.0,992.0,3840.0,120.0,0.0,15872.0,31.0,15872.0,120.0,3840.0,38400.0,3840.0
nan,bridge-reset-full-lr,-0.0015724059496663445,0.018776118572351508,0.12082941761475131,0,CF-A07-shifted-lognormal/missing,120,0,0.015395906139296867,1,connected-skew,0,0.020348524522017852,0.16650492448492432,missing,bridge,nan,nan,0.010489618749568812,-0.0033802124330546413,1,84,0.034274193548387094,0,reset-full,0.11502163244257137,CF-A07-shifted-lognormal,0.013112023436961016,0.3507102000003215,3840.0,0.0,0.0,0.0,0.0,0.0,0.0,0.0,992.0,31.0,992.0,3840.0,120.0,73088.0,15872.0,31.0,15872.0,120.0,3840.0,26880.0,3840.0
nan,bridge-reset-quarter,-0.0048360554317602444,0.015512469090257608,0.13036927948943483,0,CF-A07-shifted-lognormal/missing,120,0,0.01261251859920709,1,connected-skew,0,0.020348524522017852,0.16650492448492432,missing,bridge,nan,nan,0.010489618749568812,-0.002899950491050518,1,84,0.052734375,0,reset-quarter,0.12617886438691525,CF-A07-shifted-lognormal,0.013112023436961016,0.46540750001440756,3840.0,0.0,0.0,0.0,0.0,0.0,0.0,0.0,992.0,31.0,992.0,3840.0,120.0,73088.0,15872.0,31.0,15872.0,120.0,3840.0,26880.0,3840.0
nan,bridge-warm-quarter,-0.0038293404343547888,0.016519184087663064,0.14088720899685925,0,CF-A07-shifted-lognormal/missing,120,0,0.01400479206713856,1,connected-skew,0,0.020348524522017852,0.16650492448492432,missing,bridge,nan,nan,0.010489618749568812,-0.002514392020524503,1,84,0.05859375,0,warm-quarter,0.13421115633004563,CF-A07-shifted-lognormal,0.013112023436961016,0.5862572999903932,3840.0,0.0,0.0,0.0,0.0,0.0,0.0,0.0,992.0,31.0,992.0,3840.0,120.0,73088.0,15872.0,31.0,15872.0,120.0,3840.0,26880.0,3840.0
nan,bridge-calibrated,-0.003828203584404277,0.016520320937613575,0.14090833603811778,1,CF-A07-shifted-lognormal/missing,120,0,0.014006769291080468,1,connected-skew,0,0.020348524522017852,0.16650492448492432,missing,bridge,nan,nan,0.010489618749568812,-0.0025135516465331076,1,84,0.05859375,0,calibrated,0.13422294677230812,CF-A07-shifted-lognormal,0.013112023436961016,0.6917784000106622,3840.0,160.0,160.0,5.0,10240.0,5.0,160.0,160.0,992.0,31.0,992.0,3840.0,120.0,73088.0,15872.0,31.0,15872.0,120.0,3840.0,26880.0,3840.0
nan,bridge-carry-copy,-0.0031481156743381478,0.017200408847679705,0.1225608799951185,0,CF-A07-shifted-lognormal/missing,120,0,0.013423728575647331,1,connected-skew,0,0.020348524522017852,0.16650492448492432,missing,bridge,nan,nan,0.010489618749568812,-0.0037766802720323733,1,84,0.032447076612903226,0,carry-copy,0.11055869641391769,CF-A07-shifted-lognormal,0.013112023436961016,0.7993940000014845,3840.0,0.0,0.0,0.0,0.0,0.0,0.0,0.0,992.0,31.0,992.0,3840.0,120.0,73088.0,15872.0,31.0,15872.0,120.0,3840.0,26880.0,3840.0
nan,qld-sharp20-only,-0.003828203584404277,0.016520320937613575,0.14090833603811778,1,CF-A07-shifted-lognormal/missing,104,0,0.016520320937613575,0,connected-skew,0,0.020348524522017852,0.16650492448492432,missing,bridge-only,nan,nan,0.010489618749568812,nan,1,84,0.06684727822580645,0,calibrated,0.14090833603811778,CF-A07-shifted-lognormal,0.013112023436961016,0.8924827000009827,3328.0,160.0,160.0,5.0,10240.0,5.0,160.0,160.0,800.0,25.0,800.0,3328.0,104.0,40320.0,12800.0,25.0,12800.0,104.0,3328.0,26880.0,3328.0
nan,qld-v1,0.0010686459264654946,0.007323289150666712,0.07618055324961794,0,CF-A08-student-t3.5/concentrated,120,0,0.01431033610453869,1,connected-heavy-tail,0,0.006254643224201217,0.09016497684395529,concentrated,qld-paper,nan,nan,0.013375927830056875,nan,1,84,0.019468245967741934,0,,0.10510058172700486,CF-A08-student-t3.5,0.016719909787571093,0.12416410000878386,3840.0,0.0,0.0,0.0,0.0,0.0,0.0,0.0,992.0,31.0,992.0,3840.0,120.0,73728.0,15872.0,31.0,15872.0,120.0,3840.0,26880.0,3840.0
nan,qld-full,0.004545590888832107,0.010800234113033325,0.07718937056851279,0,CF-A08-student-t3.5/concentrated,120,0,0.025528661126681618,1,connected-heavy-tail,0,0.006254643224201217,0.09016497684395529,concentrated,qld-full,nan,nan,0.013375927830056875,nan,1,84,0.03011592741935484,0,,0.11780160928208928,CF-A08-student-t3.5,0.016719909787571093,0.2305705000180751,3840.0,0.0,0.0,0.0,0.0,0.0,0.0,0.0,992.0,31.0,992.0,3840.0,120.0,0.0,15872.0,31.0,15872.0,120.0,3840.0,38400.0,3840.0
nan,bridge-reset-full-lr,0.011136155322808206,0.017390798547009423,0.09889069498429848,0,CF-A08-student-t3.5/concentrated,120,0,0.016712966443536814,1,connected-heavy-tail,0,0.006254643224201217,0.09016497684395529,concentrated,bridge,nan,nan,0.013375927830056875,-0.0006778321034726087,1,84,0.019783266129032258,0,reset-full,0.08964381537890415,CF-A08-student-t3.5,0.016719909787571093,0.3426765000040177,3840.0,0.0,0.0,0.0,0.0,0.0,0.0,0.0,992.0,31.0,992.0,3840.0,120.0,73088.0,15872.0,31.0,15872.0,120.0,3840.0,26880.0,3840.0
nan,bridge-reset-quarter,0.008869084448980047,0.015123727673181264,0.11682137663587348,0,CF-A08-student-t3.5/concentrated,120,0,0.011914951234132998,1,connected-heavy-tail,0,0.006254643224201217,0.09016497684395529,concentrated,bridge,nan,nan,0.013375927830056875,-0.0032087764390482665,1,84,0.01505796370967742,0,reset-quarter,0.089567600375304,CF-A08-student-t3.5,0.016719909787571093,0.45307360001606867,3840.0,0.0,0.0,0.0,0.0,0.0,0.0,0.0,992.0,31.0,992.0,3840.0,120.0,73088.0,15872.0,31.0,15872.0,120.0,3840.0,26880.0,3840.0
nan,bridge-warm-quarter,0.0052686103437857845,0.011523253567987002,0.10191367748886825,0,CF-A08-student-t3.5/concentrated,120,0,0.009912684150395368,1,connected-heavy-tail,0,0.006254643224201217,0.09016497684395529,concentrated,bridge,nan,nan,0.013375927830056875,-0.001610569417591634,1,84,0.012852822580645162,0,warm-quarter,0.08409198139261645,CF-A08-student-t3.5,0.016719909787571093,0.5552632000180893,3840.0,0.0,0.0,0.0,0.0,0.0,0.0,0.0,992.0,31.0,992.0,3840.0,120.0,73088.0,15872.0,31.0,15872.0,120.0,3840.0,26880.0,3840.0
nan,bridge-calibrated,0.0052686103437857845,0.011523253567987002,0.10191367748886825,0,CF-A08-student-t3.5/concentrated,120,0,0.009912684150395368,1,connected-heavy-tail,0,0.006254643224201217,0.09016497684395529,concentrated,bridge,nan,nan,0.013375927830056875,-0.001610569417591634,1,84,0.012852822580645162,0,calibrated,0.08409198139261645,CF-A08-student-t3.5,0.016719909787571093,0.65604530001292,3840.0,160.0,160.0,5.0,10240.0,5.0,160.0,160.0,992.0,31.0,992.0,3840.0,120.0,73088.0,15872.0,31.0,15872.0,120.0,3840.0,26880.0,3840.0
nan,bridge-carry-copy,0.011857553884687011,0.01811219710888823,0.12216475759956617,0,CF-A08-student-t3.5/concentrated,120,0,0.014469747722915205,1,connected-heavy-tail,0,0.006254643224201217,0.09016497684395529,concentrated,bridge,nan,nan,0.013375927830056875,-0.0036424493859730234,1,84,0.01871219758064516,0,carry-copy,0.09072417785639969,CF-A08-student-t3.5,0.016719909787571093,0.7591338999918662,3840.0,0.0,0.0,0.0,0.0,0.0,0.0,0.0,992.0,31.0,992.0,3840.0,120.0,73088.0,15872.0,31.0,15872.0,120.0,3840.0,26880.0,3840.0
nan,qld-sharp20-only,0.0052686103437857845,0.011523253567987002,0.10191367748886825,0,CF-A08-student-t3.5/concentrated,104,0,0.011523253567987002,0,connected-heavy-tail,0,0.006254643224201217,0.09016497684395529,concentrated,bridge-only,nan,nan,0.013375927830056875,nan,1,84,0.016192036290322582,0,calibrated,0.10191367748886825,CF-A08-student-t3.5,0.016719909787571093,0.839796699990984,3328.0,160.0,160.0,5.0,10240.0,5.0,160.0,160.0,800.0,25.0,800.0,3328.0,104.0,40320.0,12800.0,25.0,12800.0,104.0,3328.0,26880.0,3328.0
nan,qld-v1,-0.00510791119135745,0.008520571401662291,0.13197331386424746,0,CF-A08-student-t3.5/missing,120,0,0.006660044796227282,1,connected-heavy-tail,0,0.013628482593019742,0.17472849844580568,missing,qld-paper,nan,nan,0.020413161837544436,nan,1,84,0.02413054435483871,0,,0.120090936226455,CF-A08-student-t3.5,0.025516452296930545,0.1360910000221338,3840.0,0.0,0.0,0.0,0.0,0.0,0.0,0.0,992.0,31.0,992.0,3840.0,120.0,73728.0,15872.0,31.0,15872.0,120.0,3840.0,26880.0,3840.0
nan,qld-full,-0.00858564308095433,0.005042839512065411,0.12889775940170312,0,CF-A08-student-t3.5/missing,120,0,0.008091426202986973,1,connected-heavy-tail,0,0.013628482593019742,0.17472849844580568,missing,qld-full,nan,nan,0.020413161837544436,nan,1,84,0.032699092741935484,0,,0.13513449398456132,CF-A08-student-t3.5,0.025516452296930545,0.24442140001337975,3840.0,0.0,0.0,0.0,0.0,0.0,0.0,0.0,992.0,31.0,992.0,3840.0,120.0,0.0,15872.0,31.0,15872.0,120.0,3840.0,38400.0,3840.0
nan,bridge-reset-full-lr,-0.0010576196807803306,0.012570862912239411,0.13187110681578776,0,CF-A08-student-t3.5/missing,120,0,0.013898080329874274,1,connected-heavy-tail,0,0.013628482593019742,0.17472849844580568,missing,bridge,nan,nan,0.020413161837544436,0.0013272174176348628,1,84,0.02639868951612903,0,reset-full,0.14906276813279598,CF-A08-student-t3.5,0.025516452296930545,0.37002910001319833,3840.0,0.0,0.0,0.0,0.0,0.0,0.0,0.0,992.0,31.0,992.0,3840.0,120.0,73088.0,15872.0,31.0,15872.0,120.0,3840.0,26880.0,3840.0
nan,bridge-reset-quarter,7.355495638350362e-06,0.013635838088658092,0.1389318562317242,0,CF-A08-student-t3.5/missing,120,0,0.015038006995274467,1,connected-heavy-tail,0,0.013628482593019742,0.17472849844580568,missing,bridge,nan,nan,0.020413161837544436,0.0014021689066163745,1,84,0.028855846774193547,0,reset-quarter,0.1545251912205059,CF-A08-student-t3.5,0.025516452296930545,0.49184290002449416,3840.0,0.0,0.0,0.0,0.0,0.0,0.0,0.0,992.0,31.0,992.0,3840.0,120.0,73088.0,15872.0,31.0,15872.0,120.0,3840.0,26880.0,3840.0
nan,bridge-warm-quarter,-0.008036799594407729,0.005591682998612013,0.11614691077557235,0,CF-A08-student-t3.5/missing,120,0,0.007770995322829544,1,connected-heavy-tail,0,0.013628482593019742,0.17472849844580568,missing,bridge,nan,nan,0.020413161837544436,0.0021793123242175305,1,84,0.025831653225806453,0,warm-quarter,0.12733006898332275,CF-A08-student-t3.5,0.025516452296930545,0.6083903000107966,3840.0,0.0,0.0,0.0,0.0,0.0,0.0,0.0,992.0,31.0,992.0,3840.0,120.0,73088.0,15872.0,31.0,15872.0,120.0,3840.0,26880.0,3840.0
nan,bridge-calibrated,-0.008036799594407729,0.005591682998612013,0.11614691077557235,0,CF-A08-student-t3.5/missing,120,0,0.007770995322829544,1,connected-heavy-tail,0,0.013628482593019742,0.17472849844580568,missing,bridge,nan,nan,0.020413161837544436,0.0021793123242175305,1,84,0.025831653225806453,0,calibrated,0.12733006898332275,CF-A08-student-t3.5,0.025516452296930545,0.7211126000038348,3840.0,160.0,160.0,5.0,10240.0,5.0,160.0,160.0,992.0,31.0,992.0,3840.0,120.0,73088.0,15872.0,31.0,15872.0,120.0,3840.0,26880.0,3840.0
nan,bridge-carry-copy,0.016490458414927023,0.030118941007946765,0.2257369693790151,0,CF-A08-student-t3.5/missing,120,0,0.023833760028055373,1,connected-heavy-tail,0,0.013628482593019742,0.17472849844580568,missing,bridge,nan,nan,0.020413161837544436,-0.006285180979891392,1,84,0.04202368951612903,0,carry-copy,0.20455098280256848,CF-A08-student-t3.5,0.025516452296930545,0.8405789000098594,3840.0,0.0,0.0,0.0,0.0,0.0,0.0,0.0,992.0,31.0,992.0,3840.0,120.0,73088.0,15872.0,31.0,15872.0,120.0,3840.0,26880.0,3840.0
nan,qld-sharp20-only,-0.008036799594407729,0.005591682998612013,0.11614691077557235,0,CF-A08-student-t3.5/missing,104,0,0.005591682998612013,0,connected-heavy-tail,0,0.013628482593019742,0.17472849844580568,missing,bridge-only,nan,nan,0.020413161837544436,nan,1,84,0.02413054435483871,0,calibrated,0.11614691077557235,CF-A08-student-t3.5,0.025516452296930545,0.9286845000169706,3328.0,160.0,160.0,5.0,10240.0,5.0,160.0,160.0,800.0,25.0,800.0,3328.0,104.0,40320.0,12800.0,25.0,12800.0,104.0,3328.0,26880.0,3328.0
