arm,kind,target,family,init,cell,seed,planned_steps,completed_steps,training_batch,knot_count,prior_batches,diagnostic_target_samples,diagnostic_use_large_batch,diagnostic_min_expected_count,tail_mass,wall_seconds,generator_example_evals,unique_latent_samples,target_samples,kernel_pairs,sort_work,stored_scalars,ed2,sw1,w2_quantile_rmse,weighted_reach,mass_l1,event_time,censored,diverged
gated-pqt-M1024,persistent-quantile-transport,LBQCD-D01-unequal-min050-K8,unequal,concentrated,LBQCD-D01-unequal-min050-K8/concentrated,0,30,30,1024,128,1.0,4096,1,1.84375,0.0078125,0.007665300014195964,1024,1024,30720,0,307200.0,256,0.02227036110417968,0.12275120373822528,0.17964287827105446,1.0,0.07156250000000003,30,1,0
gated-pqt-M1024,persistent-quantile-transport,LBQCD-D01-unequal-min050-K8,unequal,missing,LBQCD-D01-unequal-min050-K8/missing,0,30,30,1024,128,1.0,4096,1,1.6875,0.0078125,0.006682500010356307,1024,1024,30720,0,307200.0,256,0.005667906681203316,0.102264178769009,0.15658330915814722,1.0,0.10078124999999999,30,1,0
gated-pqt-M1024,persistent-quantile-transport,LBQCD-D02-unequal-min030-K10,unequal,concentrated,LBQCD-D02-unequal-min030-K10/concentrated,0,30,30,1024,128,1.0,4096,1,1.046875,0.0078125,0.006150900007924065,1024,1024,30720,0,307200.0,256,0.009268022628853068,0.0968106688350591,0.1448745901669054,1.0,0.0790625,30,1,0
gated-pqt-M1024,persistent-quantile-transport,LBQCD-D02-unequal-min030-K10,unequal,missing,LBQCD-D02-unequal-min030-K10/missing,0,30,30,1024,128,1.0,4096,1,1.109375,0.0078125,0.0059843999915756285,1024,1024,30720,0,307200.0,256,0.012122445378212943,0.12587444209897553,0.17701540305070548,1.0,0.12624999999999997,30,1,0
gated-pqt-M1024,persistent-quantile-transport,LBQCD-D03-unequal-min020-K12,unequal,concentrated,LBQCD-D03-unequal-min020-K12/concentrated,0,30,30,1024,128,1.0,4096,1,0.65625,0.0078125,0.0062920999771449715,1024,1024,30720,0,307200.0,256,0.03395712469487977,0.20568415150038732,0.2942481908790388,0.9999999999999998,0.10265625,30,1,0
gated-pqt-M1024,persistent-quantile-transport,LBQCD-D03-unequal-min020-K12,unequal,missing,LBQCD-D03-unequal-min020-K12/missing,0,30,30,1024,128,1.0,4096,1,0.515625,0.0078125,0.006368900008965284,1024,1024,30720,0,307200.0,256,0.03367298935204888,0.3714350177430201,0.5007897855807071,0.9799999999999998,0.09265624999999997,30,1,0
gated-pqt-M1024,persistent-quantile-transport,LBQCD-D04-unequal-min015-K14,unequal,concentrated,LBQCD-D04-unequal-min015-K14/concentrated,0,30,30,1024,128,1.0,4096,1,0.59375,0.0078125,0.00617979999515228,1024,1024,30720,0,307200.0,256,0.01978821868361713,0.13911446788705176,0.1774434194124653,1.0,0.1115625,30,1,0
gated-pqt-M1024,persistent-quantile-transport,LBQCD-D04-unequal-min015-K14,unequal,missing,LBQCD-D04-unequal-min015-K14/missing,0,30,30,1024,128,1.0,4096,1,0.46875,0.0078125,0.005894399975659326,1024,1024,30720,0,307200.0,256,0.012495975614349675,0.23539369412553132,0.32357178187420893,0.9650000000000001,0.15968749999999998,30,1,0
gated-pqt-M1024,persistent-quantile-transport,LBQCD-D05-unequal-min010-K18,unequal,concentrated,LBQCD-D05-unequal-min010-K18/concentrated,0,30,30,1024,128,1.0,4096,1,0.390625,0.0078125,0.006227899983059615,1024,1024,30720,0,307200.0,256,0.024745708881023454,0.2067383303795297,0.2475392521295048,0.9899999999999999,0.15170036764705885,30,1,0
gated-pqt-M1024,persistent-quantile-transport,LBQCD-D05-unequal-min010-K18,unequal,missing,LBQCD-D05-unequal-min010-K18/missing,0,30,30,1024,128,1.0,4096,1,0.375,0.0078125,0.006727699976181611,1024,1024,30720,0,307200.0,256,0.0213242935526603,0.25407824854185035,0.30604657292976206,0.9417647058823528,0.22448529411764706,30,1,0
gated-pqt-M1024,persistent-quantile-transport,LBQCD-D06-unequal-min005-K20,unequal,concentrated,LBQCD-D06-unequal-min005-K20/concentrated,0,30,30,1024,128,1.0,4096,1,1.40625,0.0078125,0.0063464000122621655,1024,1024,30720,0,307200.0,256,0.023502468751109618,0.2531904058852433,0.3153877853047454,0.9426315789473687,0.13231907894736836,30,1,0
gated-pqt-M1024,persistent-quantile-transport,LBQCD-D06-unequal-min005-K20,unequal,missing,LBQCD-D06-unequal-min005-K20/missing,0,30,30,1024,128,1.0,4096,1,1.46875,0.0078125,0.006266200012760237,1024,1024,30720,0,307200.0,256,0.03112070560301472,0.340352808154512,0.4260703649911575,0.9426315789473687,0.204095394736842,30,1,0
gated-pqt-M1024,persistent-quantile-transport,LBQCD-D12-connected-normal,control-connected,concentrated,LBQCD-D12-connected-normal/concentrated,0,30,30,32,128,1.0,4096,0,32.0,0.0078125,0.0037619000067934394,1024,1024,960,0,4800.0,256,0.0052714936676685475,0.07075834981644763,0.12807622111662875,1.0,0.0,1,0,0
gated-pqt-M1024,persistent-quantile-transport,LBQCD-D12-connected-normal,control-connected,missing,LBQCD-D12-connected-normal/missing,0,30,30,32,128,1.0,4096,0,32.0,0.0078125,0.0031482999911531806,1024,1024,960,0,4800.0,256,0.010064876480032625,0.10777203334035934,0.18736433938056307,1.0,0.0,1,0,0
pqt-B128,persistent-quantile-transport,LBQCD-D01-unequal-min050-K8,unequal,concentrated,LBQCD-D01-unequal-min050-K8/concentrated,0,30,30,32,128,1.0,0,0,nan,0.0078125,0.0033793999755289406,1024,1024,960,0,4800.0,256,0.04140931855929586,0.21792457474111507,0.2621759506723978,0.95,0.15281250000000002,30,1,0
pqt-B128,persistent-quantile-transport,LBQCD-D01-unequal-min050-K8,unequal,missing,LBQCD-D01-unequal-min050-K8/missing,0,30,30,32,128,1.0,0,0,nan,0.0078125,0.0036508000048343092,1024,1024,960,0,4800.0,256,0.021710184057458948,0.1893119014072038,0.22788529515458686,0.91,0.1628125,30,1,0
pqt-B128,persistent-quantile-transport,LBQCD-D02-unequal-min030-K10,unequal,concentrated,LBQCD-D02-unequal-min030-K10/concentrated,0,30,30,32,128,1.0,0,0,nan,0.0078125,0.00298400002066046,1024,1024,960,0,4800.0,256,0.021014233985410913,0.17535214108088842,0.2394061643206261,0.97,0.20890625,30,1,0
pqt-B128,persistent-quantile-transport,LBQCD-D02-unequal-min030-K10,unequal,missing,LBQCD-D02-unequal-min030-K10/missing,0,30,30,32,128,1.0,0,0,nan,0.0078125,0.0028424000192899257,1024,1024,960,0,4800.0,256,0.0233978882507353,0.20210426801988388,0.27810093441118905,0.97,0.14859374999999997,30,1,0
pqt-B128,persistent-quantile-transport,LBQCD-D03-unequal-min020-K12,unequal,concentrated,LBQCD-D03-unequal-min020-K12/concentrated,0,30,30,32,128,1.0,0,0,nan,0.0078125,0.0028714999789372087,1024,1024,960,0,4800.0,256,0.04871383012915942,0.2892114074894217,0.36420267809658535,0.9599999999999997,0.16296875000000008,30,1,0
pqt-B128,persistent-quantile-transport,LBQCD-D03-unequal-min020-K12,unequal,missing,LBQCD-D03-unequal-min020-K12/missing,0,30,30,32,128,1.0,0,0,nan,0.0078125,0.003003100020578131,1024,1024,960,0,4800.0,256,0.056305647914213,0.48580198609510555,0.6196751644951896,0.9599999999999997,0.18937500000000004,30,1,0
pqt-B128,persistent-quantile-transport,LBQCD-D04-unequal-min015-K14,unequal,concentrated,LBQCD-D04-unequal-min015-K14/concentrated,0,30,30,32,128,1.0,0,0,nan,0.0078125,0.0028707000019494444,1024,1024,960,0,4800.0,256,0.04535894496040438,0.3068052842142759,0.38191730870754464,0.9650000000000001,0.19656249999999997,30,1,0
pqt-B128,persistent-quantile-transport,LBQCD-D04-unequal-min015-K14,unequal,missing,LBQCD-D04-unequal-min015-K14/missing,0,30,30,32,128,1.0,0,0,nan,0.0078125,0.002893400000175461,1024,1024,960,0,4800.0,256,0.027836087454385705,0.31503105268703274,0.4669999986804531,0.9650000000000001,0.21124999999999994,30,1,0
pqt-B128,persistent-quantile-transport,LBQCD-D05-unequal-min010-K18,unequal,concentrated,LBQCD-D05-unequal-min010-K18/concentrated,0,30,30,32,128,1.0,0,0,nan,0.0078125,0.003135799983283505,1024,1024,960,0,4800.0,256,0.03389826342313995,0.3431305136711663,0.3977158685551321,0.9317647058823528,0.23907169117647065,30,1,0
pqt-B128,persistent-quantile-transport,LBQCD-D05-unequal-min010-K18,unequal,missing,LBQCD-D05-unequal-min010-K18/missing,0,30,30,32,128,1.0,0,0,nan,0.0078125,0.0030485999886877835,1024,1024,960,0,4800.0,256,0.03206158422119554,0.3173522648448304,0.37652065987875255,0.9317647058823528,0.22982536764705885,30,1,0
pqt-B128,persistent-quantile-transport,LBQCD-D06-unequal-min005-K20,unequal,concentrated,LBQCD-D06-unequal-min005-K20/concentrated,0,30,30,32,128,1.0,0,0,nan,0.0078125,0.0032211999932769686,1024,1024,960,0,4800.0,256,0.05876942122116979,0.4671822989379172,0.551962561547053,0.8902631578947371,0.28856907894736833,30,1,0
pqt-B128,persistent-quantile-transport,LBQCD-D06-unequal-min005-K20,unequal,missing,LBQCD-D06-unequal-min005-K20/missing,0,30,30,32,128,1.0,0,0,nan,0.0078125,0.0029386999958660454,1024,1024,960,0,4800.0,256,0.05292208758293171,0.46566017675714644,0.5897114436109807,0.8902631578947371,0.23461348684210517,30,1,0
pqt-B128,persistent-quantile-transport,LBQCD-D12-connected-normal,control-connected,concentrated,LBQCD-D12-connected-normal/concentrated,0,30,30,32,128,1.0,0,0,nan,0.0078125,0.002834500017343089,1024,1024,960,0,4800.0,256,0.0052714936676685475,0.07075834981644763,0.12807622111662875,1.0,0.0,1,0,0
pqt-B128,persistent-quantile-transport,LBQCD-D12-connected-normal,control-connected,missing,LBQCD-D12-connected-normal/missing,0,30,30,32,128,1.0,0,0,nan,0.0078125,0.002833699982147664,1024,1024,960,0,4800.0,256,0.010064876480032625,0.10777203334035934,0.18736433938056307,1.0,0.0,1,0,0
